site_id,analysis_gene,joint_group,split,sequence_sha256
chr1:1374218:-,AURKAIP1,G0077,test,14676a8623455d8798bc4595faa6cdd102f3f1e5ddc8569e4a9d9e71d7d7bac0
chr1:1374240:-,AURKAIP1,G0077,test,2deb0bd0b65d387b587a6c2143d2ba22ca68747559150a7cc5e097057b957540
chr1:1402052:-,MRPL20,G0595,development,04cf58c4dc3cab784b46cd7552a8433058d62082bfaeb28f4a7ae48e457b4b90
chr1:1402080:-,MRPL20,G0595,development,7cd644a698fdc0ee21097743c29b58d26ecf97456066dd037f21e6cf35220f52
chr1:1402199:-,MRPL20,G0595,development,5e874d9ecffdcf35b9fd9d7da8b27024369f9da9cb8e8a2d1affc8d94466ad26
chr1:1541949:-,SSU72,G1006,development,0f14b4c7233e6618c919e754851c06360453ff022468d50e642a06ec3163712b
chr1:1564775:-,SSU72,G1006,development,d3cbf2f7cffd78d9b2ec39e1786fa3cd398fe14d0d3fc235a6e33b59eb4fe895
chr1:1564782:-,SSU72,G1006,development,221a365ee16739b02dbb612d30312765350996ba12fb1182c014e04ee069a613
chr1:1786945:-,GNB1,G0403,test,c689c36e999ee14ad4c77f457f1946598ad46a58fd14789cb9916d21458e3658
chr1:1786967:-,GNB1,G0403,test,1451cddcfc028c17dcec016191ac3f67ff66b249ba4386223f70f0fe82a78327
chr1:6224027:-,ICMT,G0485,development,0c65d2daa1da02adbfa532db79620152af0740b321b0f5b192b4b6f0fcb3ef6b
chr1:6224079:-,ICMT,G0485,development,e07e25d6f988a8651a0ad4d80845d9799bb9588da6ec7de613d14fb28eb188a4
chr1:7780837:+,VAMP3,G1159,development,1828aa5c6f7193c7c7d91a3e2ddb6ebd38403304cd12cc82e187901f047ca7f7
chr1:7781021:+,VAMP3,G1159,development,b2688d2357f7d091c6eded11b28d5c122497a390322fe306f440b9c916213a4e
chr1:7781236:+,VAMP3,G1159,development,c9f727b590e49886083aacf90abb250ef0be203c8e73aef8e1b73132e8ab1e76
chr1:7985050:+,PARK7,G0715,test,493257f1f7caf5a0077d77e8f506e6144c9ef8c32e4ccce98792c6f6cdcb6c57
chr1:7985063:+,PARK7,G0715,test,5179477a00b6d8aa9aa9a688906cd0193040c9f971d10edde4132ca771f07749
chr1:8878683:-,ENO1,G0342,development,e0056cba0679c07aa5f362f2b8b1c75ff95133e961c563175f1ef56737545234
chr1:8878686:-,ENO1,G0342,development,e2f7c2906054f9c22c6311bdd55dac7d01b58ecfaa2c5ff9466e718b2be21e48
chr1:8878709:-,ENO1,G0342,development,8fc0f2582f9bbe8ec6d402d0d5e1a1f3126f36f6c1346eee793e0379071ddca0
chr1:8878712:-,ENO1,G0342,development,426a9aea653771f9db2eaa9d2008752ce4d8daae42762786b38a2dd69bfe0a57
chr1:9582587:+,SLC25A33,G0960,development,8b7f1668e3e792e6f26e105bfa830b9e5deba540c4ebdffbe5539aac9a2a7cb5
chr1:9582635:+,SLC25A33,G0960,development,87d0f7758eb8effbc4f6da4c852c60e7e3823c72c4727e780c2f46055fc4cf94
chr1:10419870:+,PGD,G0738,development,d68e967975172f70a51a776adc9bfc65e0cbf950c6f50677dfe8795649be010d
chr1:10419948:+,PGD,G0738,development,9cf9938ec64e0095042e6bd54515d76a6f33f546b2bfc2218427239fef8a3aaa
chr1:10462957:-,DFFA,G0268,development,b76fbe317265a7f43f89bf05685073329054f46ebb4b3594d07ecefaa7affc9a
chr1:11022344:+,TARDBP,G1029,development,2d652ba4f21a44acdfacbfa241f5dcffbe00bd48d53bacf0912a9ebba32a2f66
chr1:11022524:+,TARDBP,G1029,development,0122673f858248d75b5a7bf2f60dda92e252707c635b6cb330e4dc4ae7c8555d
chr1:11022964:+,TARDBP,G1029,development,1d0b6878b3cb906fb69f4337a91e0e15137a9d4ab01213c23c11754b5d7b4155
chr1:11023014:+,TARDBP,G1029,development,fbae3b50d1274503b1547629c449b882f8677cc83bfad20602f5051357c14fe8
chr1:11023059:+,TARDBP,G1029,development,089877ba2225be8ad7d4974a26e9ba43bf150b8bbb07df93edfc88bbbc9027ac
chr1:11023389:+,TARDBP,G1029,development,7424495d40d2671fcefb499282f770d9c07aa55377a3bc82e9d2aac7585b6dcc
chr1:11023426:+,TARDBP,G1029,development,d9bc57fba596499853804d7adaf9ef21669f572a9ccd5cdf75bc05dc1d5763d1
chr1:11023447:+,TARDBP,G1029,development,c7e3fd271c05844d03aa94ead002965732719cc17dfd3b371cfb68dea84f7cf9
chr1:11023640:+,TARDBP,G1029,development,03a0a5af6f78af6e660a72590e9910f9682526ead58d3f46e7f33906e422d6fa
chr1:11023660:+,TARDBP,G1029,development,3ef83d4b0a4b0857eba7d9ff87056002d8583e4a3fbf6c0dad7509829e2833a6
chr1:11023842:+,TARDBP,G1029,development,dd8d68db045383603038359ba5a03cbdb128bd882715540ec8981ae18a965ca7
chr1:11023871:+,TARDBP,G1029,development,b63c043b429e9aad68248a2159c77c7e03c1e746537b8c5dd25e955df6c71cdf
chr1:15807365:-,UQCRHL,G1151,development,0135dffc6171fd95535d0cadd97310a10dde22509b0e44f71dbbc0dd9a53e2ed
chr1:17054029:-,SDHB,G0925,development,46c5d3f3dbab25e1a7beab5a3e8bbaed04e1db0e15b55eb2025fe3c6f58fd67c
chr1:17407107:-,RCC2,G0838,development,e38560fda25998fa1ec45b2056db387ad7d855f0f0d7085959086415b713f086
chr1:17407139:-,RCC2,G0838,development,746eae96c5a47123ff5cdfd0410e66093beef25cb36766e6e1c98659c7d764f9
chr1:17407204:-,RCC2,G0838,development,118f76bcdb5c05b86a80f380b2eddce4c37982aa5113a5c9089dde1ea6415ea3
chr1:17407518:-,RCC2,G0838,development,a63902e705a48b90a04ebd4bed2561babf333788d9c4bea3032c5b06750fb146
chr1:17407761:-,RCC2,G0838,development,f40ffde0ffa7c30ee8b9c394ea9c5babf2b9d00c380410cf1dfcfc93383e36b3
chr1:17407774:-,RCC2,G0838,development,7c16a0983c13cae2243f6dc6dcd0751a3e873568ac5e6ad6949ae7c81307090b
chr1:17407839:-,RCC2,G0838,development,59b48b74d3ed24fb02810d320332bed22840c672410a3098bba504c3148d4251
chr1:19251805:+,MRTO4,G0629,development,cdb125e43d0d87dcd01d4173235c07c1afb0dcf2225c4e86f48ef034f59e7fdf
chr1:19258826:+,MRTO4,G0629,development,6fcbec4861de86ba6198b38c0acd1a084af130c5c6b765808f70661d77595710
chr1:19258836:+,MRTO4,G0629,development,0269d62064dca7433ddbb18d7c26c934d93e6edbc163a5bb00f222cfa6440efb
chr1:19258843:+,MRTO4,G0629,development,1ebcb7357e09c1c5dc1d9ddf0d273ca27e86f9c89d9e50a5782ce539f53d36b0
chr1:19258879:+,MRTO4,G0629,development,05f0b4363503ea83fa35c62ab95bd1cd141c92477bb13a282563d535001f5c6d
chr1:19258888:+,MRTO4,G0629,development,28b761a3495325a60af180cc11e0c65f680e45b92357ccac604129636d386dc0
chr1:19258941:+,MRTO4,G0629,development,ed46135ced4f4620f9fe15047e0bac9e3a1203a00300c03c2616ecf08b45a5af
chr1:19258975:+,MRTO4,G0629,development,446a472a09e7be1a14bec6566e4a3d86c05351e4fe56a964da845e42b2b8586f
chr1:19259016:+,MRTO4,G0629,development,a01fa6e9b73c2e92796a850e88fb1059c5ba38b64c2f3663b5ff2798bfeb56ae
chr1:22092277:+,CDC42,G0154,test,8533c20660dc37906b0c91a7470b4d75c92d9e17b61c576e67d7caf0d3fee54a
chr1:23310131:-,HNRNPR,G0465,development,ae30ca723367c7015cf0dfd57a3df2cbb7a01cc7b7242b0d62f6f47a19852be1
chr1:23310261:-,HNRNPR,G0465,development,230033cba4d4d0de78a65c04ef1f7b3b0975fa196c98d1cf0adde77f17f9c4bf
chr1:23310373:-,HNRNPR,G0465,development,422baefd2872be1ee5debecf26620b87c6d4c161c8c67b8c31524f613cc71b62
chr1:23558057:-,ID3,G0487,development,bbc5596af105dc4f6e1db1dd288745ac0fde7d2ca7541bbf14a6b0686631553b
chr1:23558258:-,ID3,G0487,development,5231d8ce3f52168c65b140f894c5302af3f8b919428c8a4e3dedcabb722cbb9e
chr1:23558265:-,ID3,G0487,development,67924d2b2530195c4bedebc985370965e27e538c0bd03dd4214fc2d124021155
chr1:25361891:+,TMEM50A,G1075,development,2394570a6c0d6539267bc4423286900fee84f0430cd3108f2ef62d912a4ee4ec
chr1:25900965:-,STMN1,G1011,development,10d90df5e4e96cc8f596e253d36637befe91b8adb0742c968cc106f1c561452c
chr1:25901003:-,STMN1,G1011,development,fda7c48c1b074920bc1e9307cb9a1cda809b4c7c87f5847a613b49359f48de54
chr1:26475601:+,HMGN2,G0452,test,1c8f22253e39d5418e183e2eb61bd33214e140bf259e3fe5edb1836e833262df
chr1:26946203:+,NUDC,G0691,development,7615a4817417889546f21e0302b4add991cb4e68892311a1e16cbe45f231f81c
chr1:26946256:+,NUDC,G0691,development,7278905ac1a5152c9ce789823597118b271b2f93d8568c61fa4ced5a664ec80d
chr1:26946290:+,NUDC,G0691,development,8ae18ebead887bceb9424d6f0a296f44b8c2fd70358c724d047e81e9293effac
chr1:27850515:+,PPP1R8,G0774,development,6e118d2c206b8c2a1f3fd689a4d15f281d82ddf0b1f695ccb3005ad6094a1e67
chr1:27850528:+,PPP1R8,G0774,development,5808963ff7b2ffedae2dd0ec0faa01cbd1e0e28673bd66419edd9b993d382f74
chr1:28201188:-,DNAJC8,G0284,development,41e07b6c4cebb743cffbec547fec51b35af3d449cdcb68bbb219abc62c6fa313
chr1:28237742:+,ATP5IF1,G0064,development,8bd53070ed4edfb6a98ba86d95fd028d5c6b5f6d427e086fed12b44e80b6fa2a
chr1:28237761:+,ATP5IF1,G0064,development,a52427abdc5e3aa7b994de9fe543cead8dc3e4135054ebd9a0442d9702a5ddf0
chr1:28280985:+,SESN2,G0941,development,0adefe1aea0632e422d183b19541cbb17dd9d0a1b5ef51431cf33487224cc58f
chr1:28281043:+,SESN2,G0941,development,483082b6cdb6da25290af928faf11b7b26a834a100e264240784893dd0232137
chr1:28281146:+,SESN2,G0941,development,8daf8b8983e9db6053ed0603648e20dc148354333aca6763b453710325ea0691
chr1:28281197:+,SESN2,G0941,development,1445e2bdebcc9786c2c3c1693bfc9735a59d32723498109f04ae47dc8cdd35a6
chr1:28281852:+,SESN2,G0941,development,a10a4f29b3a3d73fb0a1465c5520f3143651e36577f0acf856556e2303431576
chr1:28281994:+,SESN2,G0941,development,9aa96a0dc0b404bcb69f20852caf52d21fcd8084edfe2b03d53c2516c7bfc934
chr1:28282075:+,SESN2,G0941,development,38f9a14adaac0726e844c9bb8678c24b27a55cf6df686d87ad1a482ed2448fd8
chr1:28282105:+,SESN2,G0941,development,f3b76c6461b50ba5fcdf9fe6d9ab2db7b4f05951da2d751ed2a9172a7c267b5e
chr1:28538194:+,RCC1,G0837,test,ccf705ce0d0c484b023b11f0e6b093c300f9b29a5d8d65fca206abfd067a37c1
chr1:28538219:+,RCC1,G0837,test,7c3c6bb9c35d1d9e38c57038c7daed120fb8f4c6cee2b96a3f2f3da5d1457568
chr1:28538476:+,RCC1,G0837,test,87d58b9ef79cc1d66d974bc1e0ae2c9f1e59eee84fbec8b14d4efeec833573a5
chr1:28538555:+,RCC1,G0837,test,a21b20407e0b7234047b939d7a7e18224c14c6b7b33a08c32eec4fa2b68acf6c
chr1:28538570:+,RCC1,G0837,test,97a5f109b6cfb3347fc800e383a3ee31bb8c203c5027a7ba021e52c5d4fefec7
chr1:28538580:+,RCC1,G0837,test,6650b6c42d952b47dbc8012357f41e615e32fde4ff50c7281ca70d5814ab27e6
chr1:29147899:-,SRSF4,G0999,development,585acb4eabf0545d3242f09e9f7da0b03ad2675bccedb2ae496a42267e2636cd
chr1:29147965:-,SRSF4,G0999,development,7fafb0b923b534a96b5951f93f4e02a7556ee048a0c7a7a7e253dcd387a993c1
chr1:29148108:-,SRSF4,G0999,development,db97f26b357c6e5585e83b403096f33257469f47a3ce4bf10f533869dd86ba24
chr1:29148314:-,SRSF4,G0999,development,e35fe27888bc800fcba7e4726094b5dc4514c2b2e0c10ace3dcd4964b83b545b
chr1:29148388:-,SRSF4,G0999,development,d71e4f0a5a07b442e7c139d84de7e773470238bc9baab141c68a4f843c108992
chr1:29148410:-,SRSF4,G0999,development,50fe32a254cae1c8d1a209aab7347d0ee271c7401babe5a80665e3d11e214958
chr1:31630021:-,PEF1,G0730,development,af0f358d54ead9d780e555fc9a42fa5934262ccf47cd62f8bb14fc8501fb9941
chr1:31630151:-,PEF1,G0730,development,9abd7b77f85f1dd044092f477800828b5457bfb598c00a3184b13fe65e9369d5
chr1:31630433:-,PEF1,G0730,development,7d265117eefbc69616c9fade81cc004e5d14fb9c4fbf965d5286fece10e2f576
chr1:31630510:-,PEF1,G0730,development,7f565d4a87787f3ca50dacb5dcc6e295be1a3abc55cd78b5d23af217acb6f010
chr1:31630541:-,PEF1,G0730,development,e3524da44c9d1e0fc877d824a2f54e8b6c38d7a23431ebd7f42103ea58f5913f
chr1:31630578:-,PEF1,G0730,development,fa659859471c3d433845e8c2074e223471d7071afc9d2d158f5795befe897ff5
chr1:31630647:-,PEF1,G0730,development,708ce566ca4fd801299cc754a8c02af14250d0f69179b34f4d0467a6ab0fea6f
chr1:32222407:+,EIF3I,G0328,development,80f2329446baf3e5b1954b1987bf54817e9ac449fa916e2890b797059d59692d
chr1:32327069:+,HDAC1,G0434,development,00c1864d258bb0eba2bf4af93fb624ef5acda43e64751fe0aaba7eefe0cb7eb6
chr1:32334558:-,MARCKSL1,G0554,development,3015cf07631ad3697f37488f9e1b94e2d8092d4261e1c7a69e82bf67cc5519fb
chr1:32335025:-,MARCKSL1,G0554,development,4cfeafdbbd94624656b61ca65b4c2a16aa11ebbda85760f6f630ddfccac56ca0
chr1:32335069:-,MARCKSL1,G0554,development,c21ff8109ae1bac3bc47a96cffd0c9e1f76937b65f665163c4e8b3e0ea7bce38
chr1:32679788:+,RBBP4,G0829,development,4a57f5f75ba73bb42d1a7dce66c1d28097bdf5f4695b384de1c55af6e033971a
chr1:32775553:-,YARS1,G1180,test,573abef9af822108025cebab9ea1d201eef442b32fd458ebc4d9934ce166ffc0
chr1:32775586:-,YARS1,G1180,test,be84bb4e871893cfdfe0993dce8226c73c48ce1fb90b4be26bbc52caecf10c47
chr1:32775696:-,YARS1,G1180,test,b0e128cd367dab55969ff102f56e60d9ce72f8faf950b8592cde985c6e8c6dce
chr1:32775783:-,YARS1,G1180,test,2abb9186c746d1feb41b6d679ebb4781bd81ed6b1a98a53f4a9dbbad92bbf7b5
chr1:32775847:-,YARS1,G1180,test,8b8d11f390c599219ac785f5290607d3e4d9c8887cf37f8c32e8c5b9da99e594
chr1:32775866:-,YARS1,G1180,test,36e8952b54fbd04768505a7e5c3c8d680acb97abf2bde30647acdd63427ad897
chr1:32775887:-,YARS1,G1180,test,579ad63146f56d957e58a7d891930b4b80f8fb2cdd89f99e787f6e5d435dc4a9
chr1:32817349:-,YARS1,G1180,test,674e61088a64d7631aa6106781a679e9ca7727c9912639fc50619b32ece4cfcd
chr1:32817358:-,YARS1,G1180,test,cd6f4c989f6a1fef575be2cb1eec672e7b85ff62b73e867d1223340479a48fee
chr1:33009225:-,AK2,G0026,development,576fbb2a75ece72187c2438ead3ddac9f91340d7c943af62e9711641c89cdf71
chr1:33010522:-,AK2,G0026,development,187ce9c1ee13ec50b3a12e37ef41ea117ce5e7022ee9f29de1edc11b1735340d
chr1:33013200:-,AK2,G0026,development,9feba11e0cb77d6203b1812b9df3d7b3f8ad085620f2f6ee56c4d4d53e8a8574
chr1:33036848:-,AK2,G0026,development,d4100b2274e037d15b3205920a63abbff4e4853759655124ad338c5851c70544
chr1:35190858:-,SFPQ,G0948,development,c7b7c69b707d7b2bf2bb9a3f0e4fa4858a7876c8c96c3b80a91c14fa5f024052
chr1:35191413:-,SFPQ,G0948,development,a0ac174b0981cf2c141acb4b77715157608a83ba2beb80d176ffff6de506a06b
chr1:35192708:-,SFPQ,G0948,development,3ea5ddf049dcb2a67cb6394b9866898784c5ace43bb63e425fc73dfe842b2343
chr1:35192736:-,SFPQ,G0948,development,c1d687c975bc460fe9a781c718ee72198db6e433ebe5d128177563bb298f2a94
chr1:35641526:-,PSMB2,G0793,development,1f53985fa9fbf6bfa108b44eaf1e37d536d1d1a2aadf1b8b03b98eb32c0990bb
chr1:36136950:-,TRAPPC3,G1098,development,81004fdfb874369d1c2998576fbe91e6485d20d7e061a66944615618894003fc
chr1:36289589:+,THRAP3,G1046,test,a7246ba1278916d12c96a725f85978a96b0426673a7ae6f63bbec051bef4946d
chr1:36304189:+,THRAP3,G1046,test,06c2a65058a661d14342518c39d1e7a477b080045e3d1e7da17f4a9fa09b95c5
chr1:36304750:+,THRAP3,G1046,test,584bfc9949d01fd41710196ea45ac0114437ef523cf8e960ad97e7966e23be18
chr1:36305168:+,THRAP3,G1046,test,29b9d5c75a1da0781779ff2acc5076bfebbb3d91e6fede7f269001cb28038cbd
chr1:36393768:-,LSM10,G0536,test,c6f007a912e1b48b7f5cc9a5060acabf2b5ddad79283923bd63c77a39eea8821
chr1:36393813:-,LSM10,G0536,test,e384e4077b86bd9d33dcdf9e764770fb34469f992d20cc8c0f2221fb1769e7fc
chr1:36393948:-,LSM10,G0536,test,adcfc80092c5f2683667c9367466e60bd90fc3efcdd73953493d4fb9e8604734
chr1:36393978:-,LSM10,G0536,test,1702be32fcd07f36ed2b09a38b30f964fc2594d35ccea5832ee278436469ee5b
chr1:37569124:-,GNL2,G0405,development,f381db16ebf9474f913a50247840e6c84a9a44a250a824a32ddf511d7a0086f3
chr1:37803812:-,YRDC,G1186,development,ead8381b3277e4fadaf79bb0f83443de23ebd7f37202fc4d480f38e7aeeab0a1
chr1:40071789:+,CAP1,G0128,development,23bd80a8b4958bcfc38978b91812b71be61e84a072e66684930d86cb47d515e5
chr1:40071802:+,CAP1,G0128,development,4f1c7941320a939fe3d760bb3887e20d021cbf930ccbd3f2c336b099e5d4ca8b
chr1:40072406:+,CAP1,G0128,development,ee447abe0e7b8220d4782cf639aae5f0811a5e7a0f3284d115bf847472649574
chr1:40073036:-,PPT1,G0780,test,67f6ab70693ba24b8c635fe66ea39537ef9e6a64b95ac231fc506d5aadb8ed3e
chr1:40292530:+,ZMPSTE24,G1197,development,861971757c5989794f9c573ab87cb1191bafa8df0b002bd1cbfba86383ec3130
chr1:40292552:+,ZMPSTE24,G1197,development,50c744b25351947757487a02af5d7d7d2f6e9ffb579e6525a1e4bfc622db8fe4
chr1:40292587:+,ZMPSTE24,G1197,development,19f4fd9b704a8bee6cef6d44dd598dbc7574ee5f7726435ec7e09a810a0043dd
chr1:40292636:+,ZMPSTE24,G1197,development,77de69ca8659cc35db8f787508fab33c027b9b49b9e7685d5b988d764f175987
chr1:40292687:+,ZMPSTE24,G1197,development,8e496887d40f3a71a0a5ad95c2f389c3aadd556f2bd29e276b7aa3e3d2fdcc88
chr1:40292694:+,ZMPSTE24,G1197,development,40512473746a8ae3652397e3f4712766d4d39d42e30e3e5ab9b1f074437f445c
chr1:41011729:+,CTPS1,G0237,development,236babed201b6af653109f61617b7c89109d905c56db2b9b52230db2a878a6d6
chr1:41012033:+,CTPS1,G0237,development,83a5188448561843ce22bb9f01370cc3dce147a02c00361c50e5fe682d669138
chr1:41012073:+,CTPS1,G0237,development,753510d64304d786824f6580261905ce4133fc80904f282e698f95083a24522b
chr1:42702092:+,YBX1,G1182,development,15a868f1f1c828ae3eb9f5c707de9dd574efc2ee2f3763b6ba911aeef03f27f5
chr1:42807197:-,SVBP,G1021,development,4c08ce04dc56d9c0f88715e62515e053667ff6d43e92c9661ab0435bfbf11a10
chr1:42807217:-,SVBP,G1021,development,cd37f99ce6a5e7c55203c35a6ef13c067bd9797cba445e9696835d90d2b186e1
chr1:43974960:+,ATP6V0B,G0069,development,c924fdbce51340ba4c4e8840ccc23c71f31cd6be9b9e652820cd24b08111301f
chr1:44775537:+,RPS8,G0897,test,bfbaebab57d948fe7fd4b004821cb690a8f5cbc8a6a7a73a7fe17d35e83b05d3
chr1:44775545:+,RPS8,G0897,test,1b2c3ee89fb61828b9339c542cc4ebad4f350af22bb3b52a8e5a6e19e98276fd
chr1:44775561:+,RPS8,G0897,test,f048d1b13b925015a709bca1671807dc038268f01876d3654526e7997a718862
chr1:45015431:+,UROD,G1153,test,cbeb90795a1415e4fdbf4b14d0c5563d8d12386e2459a8ee3c331c67167ca9dc
chr1:46316593:+,UQCRH,G1150,test,924d25314c8d26fdb43f2f201fdd002db34342d3529e7f6bd39280bb3f11395d
chr1:50973963:+,CDKN2C,G0167,test,aac0e9dab8f5b7d4a5d72d2836e6426a5ddcd6b1b5d7abe3dd9c1bb89bc60905
chr1:50973968:+,CDKN2C,G0167,test,d0ef701132bb29f9a7efade1c48137314ad037f74058ddae3225c93f8f65a230
chr1:52020303:-,TXNDC12,G1122,development,3533dad164f64e11f5cb784dd526ad4dd42c36b914fad9836cc988e4a9f52ccc
chr1:52020320:-,TXNDC12,G1122,development,a317d4a39e576597021cabe5842e9be1669b595a87f3dc17cb8492efb1c459f4
chr1:52020730:-,TXNDC12,G1122,development,56f134dd0074b65a5037d79c2d7ec1c10a96fb6047457ca8d70d5261484afcd3
chr1:52020850:-,TXNDC12,G1122,development,38062dda53791b5a97f857de2fa63cf7553614151647036873024b26eb44cc4a
chr1:52055145:-,TXNDC12,G1122,development,4f9166e5fbc16f3edebe1dfeea3859b7ebaedebfa31a8bbc0509c35cf15875fd
chr1:52055158:-,TXNDC12,G1122,development,376dc1da6d60d95ecd7f930133d95577b8ace85a24d192d8ed93148dbabbba5d
chr1:52055167:-,TXNDC12,G1122,development,5550fe11ae07ba03d687684d2a5eee0cdc9b134297882b9a836d51bbd2cd74f7
chr1:52086786:+,BTF3L4,G0097,development,40f41427f4e5dd7277cc6d8db38e30c0419056e3c2fb5ed2546355b3088a271b
chr1:52416900:+,PRPF38A,G0785,test,5433a859d17a6e4249d5955b6aacb1b0d674310fe794570e2defab8fd521c5a9
chr1:52416950:+,PRPF38A,G0785,test,7009c536ce64e7610cf7923031fce162ca5e34a8810a40e60c3b588eff30ed57
chr1:52417906:+,PRPF38A,G0785,test,1a864d36cc5251952b45319cfa8391fe60afd93baf56aa2ced431096b44f3a06
chr1:52417924:+,PRPF38A,G0785,test,37f937423d56592ae2f41cc6d41e2527f225c9848dadab5d6b5aa8efc03d5e0c
chr1:52418015:+,PRPF38A,G0785,test,9619319dcab344bb3dbe406965c2bf1433c84acb28770e4bfeae3271911818a2
chr1:52418042:+,PRPF38A,G0785,test,dd4170f366eb637fe2e0814caa91350e6dcaf29110d38513643dbab8c71cacf8
chr1:52418147:+,PRPF38A,G0785,test,09cd1879ec7580a1e9ac99aae247a5ab36ed793b25cd0dc25950a3217dcf9e6f
chr1:53227027:-,MAGOH,G0547,development,b9f05e2efee9a64d41bbdbc260bf16c1ca6108949068caffe17afe734bae4890
chr1:53766213:-,NDC1,G0649,test,d3875a72771380899007ec1155e74beec3353a743b847eda9add371c3027c5c1
chr1:53766267:-,NDC1,G0649,test,1923c62da3262db845e10cdaa50406b2274ec7b416e806d05f2b982f46b2c68a
chr1:53766386:-,NDC1,G0649,test,0e63bc3cd5dcc795ba505988c0e9cea0e1b3e64be39c2b01f571aa74f9c12607
chr1:53766819:-,NDC1,G0649,test,c1a18ec7650cb36f61d30f86e476649e84bb52e7eaac3abd5902b5981b6aad65
chr1:53766830:-,NDC1,G0649,test,da9b633622bd489f8e573c4e37ee94933319891a11e5cc1e0907b7fc15c45268
chr1:54200405:+,MRPL37,G0601,development,699c63fd13126649382e4e203ca9a7029e67e91b507268316868a6509cde7bc6
chr1:54200494:+,MRPL37,G0601,development,febb9b2934d4ef1863186f78e165894956ef5d1ea627553c15b007a027f48e38
chr1:54216244:+,MRPL37,G0601,development,6aa87fe869a37b6198b93b91922362fc9a088b563d7725c250b310b281193602
chr1:54218205:+,MRPL37,G0601,development,bdb10bf02c65f8fc880212d66e40c6b09c66dffa29f5c05c32d8905f3059293d
chr1:54849982:-,DHCR24,G0269,development,72d622448fb8f8b8f503201947cc666205707f60aa3475793b6843b2ad21c912
chr1:54850168:-,DHCR24,G0269,development,add28af3726d24cf36711cc2a7f7a1ffaa28a7a00039a3306523ec6ee34e5f35
chr1:54850226:-,DHCR24,G0269,development,60195cf5d78821d4639a70065d246b889b18289785bde03517641083ceb09e0d
chr1:54850274:-,DHCR24,G0269,development,dc16b8a2dc59ea5eee6999ce5a6ad2351375f22036dc9553e2101f26f96931dd
chr1:54850323:-,DHCR24,G0269,development,5d055550156a3380ea22b8c9c36a251241224fc6eb8fe2a288b8c11f20ff37d1
chr1:54850697:-,DHCR24,G0269,development,924ef63f09d391ea7122a07535d9a3db0c0355191c5ce424ceae45c2bbb0b618
chr1:54850764:-,DHCR24,G0269,development,3b9554389c1dfed0aab2eebd56886e4952588515ad1111fd3049c1a6839156b1
chr1:54850766:-,DHCR24,G0269,development,6271df4fcf2bd25d61967bc85026be962e33682d868676cc7449050358597592
chr1:54850785:-,DHCR24,G0269,development,2d261da577eb2cdbd38c88cac87eed054805c2f70239c719efc5c78e351041c0
chr1:54851010:-,DHCR24,G0269,development,7a060bee99dc43a5787983c87085a8c624a620e5d09bfc710a68575fd361b200
chr1:54851024:-,DHCR24,G0269,development,eb578f71ad3601021b894f6bedb913d5f53b1c9deeea014f3675411d18939cc0
chr1:54851210:-,DHCR24,G0269,development,bd525801ac35a6e7e9276e2e184b927b39ae0c0c0104d6f38e5c58684c1338b1
chr1:54851244:-,DHCR24,G0269,development,00c7a01e0603c805e55fe9119c42ab51cace2b2a3bf57438247f9e45b6c1ff8d
chr1:54851290:-,DHCR24,G0269,development,d58bb69d20421fcc44c0b372bd378077f4d5bf9869d5db189eba6a25962224b3
chr1:54851404:-,DHCR24,G0269,development,728cb734781865bb388591587571764872f9074116cfa82e9be48ba55b473374
chr1:54851413:-,DHCR24,G0269,development,734c74a21aa031b7544866ba8b35713717e7792f02e7545da64a432c791ae145
chr1:54851418:-,DHCR24,G0269,development,242b54434d620f062c8980f335bad145a2ea291d1dca0b524dab739efc30a4e2
chr1:54851451:-,DHCR24,G0269,development,23316bebc1d7c53588ee91b4fcefb54285a6c04a8293182c2d4eda9fc0a9e358
chr1:54851695:-,DHCR24,G0269,development,a5aa7b9af47782c67530e8638f6a6a5678d7bd6af1439168b8aab13176867bc5
chr1:58781591:-,JUN,G0507,development,a5103bb1cbe1765d6b1924593d3d42a99b9b913f5d5aa02f7ab6107c03945fea
chr1:58781698:-,JUN,G0507,development,5f39dc84cc3e56751632ae48836e7a9415beb3e5e452a8203756f81f4e47165d
chr1:58781804:-,JUN,G0507,development,3b97bfff408745f6b778402932e239427a17f3ac00dc9f80a31c22ceb56fe03d
chr1:58781894:-,JUN,G0507,development,add2956b523fb0b2f4f6d0e6ad3c2d2c9bb63024b63312758de745d02366d183
chr1:58781941:-,JUN,G0507,development,56a630cfd8e10deb64b757c57cbcf0b51b5524d5281bd2fd48b3e194c7e6995d
chr1:58781967:-,JUN,G0507,development,ecbd035d50d19b6df31661e17dd8af688d7643b6f7ebb2f05d0fcfaa9337fbd4
chr1:58782009:-,JUN,G0507,development,2bfe3b9ee9aefa5f10939020d44d155d807a98215641c8fea2a1e0329e7e1df8
chr1:58782017:-,JUN,G0507,development,bea849e5e446eb5491d7bc1acf29d612277fc056e8dbf7bcc40ebc9a91b251c8
chr1:58782021:-,JUN,G0507,development,4aa5ff0472ec38cd1e0dc927f59bbcf6f8eb931598320a3add6bd6146440960a
chr1:58782068:-,JUN,G0507,development,2860efa20ab1d2437dd4bc37ef9d91a4788a37313346acfeaf3f18e64d841101
chr1:58782130:-,JUN,G0507,development,2653cfb1defa1c5bb3420670d7297b4c26537e03035e2d2abb9eef557e6865f8
chr1:58782144:-,JUN,G0507,development,1b03acc6a70129a54755800d15f9db34c3958118d88409969d9ca9f7d69ae8df
chr1:58782162:-,JUN,G0507,development,836452a309928eba55017a3e83470f71f63673f2e581b0c7c9243592010062b6
chr1:58782711:-,JUN,G0507,development,6cad25d2ad99408bb679d612be3505802d37e2a542794022195f4863f5a0e17a
chr1:58782999:-,JUN,G0507,development,46864c3f73797cb83bd33f9439fc15bd07b17845a8717b838b4dc9e58587e113
chr1:58783067:-,JUN,G0507,development,60182e348a5755753da03f469579ee881a53469a1fcc5bf7288a8b44f937848b
chr1:58783078:-,JUN,G0507,development,f3b6086bd2bedf1a30dd449a72a7c8e00a9b68c99cc38f48d73caca611a29f40
chr1:58783120:-,JUN,G0507,development,007ca99df8acdd315f1019f8e4b0ac3ba92750f9a0e43e3f9a29284800ee1b21
chr1:58783190:-,JUN,G0507,development,ac7617c8a022028495e9a4df20f839ca3021e348f34bd3844a59a80a82fe18f8
chr1:58783224:-,JUN,G0507,development,1f9be2a4e17bae7d905d52383b0b8dbb948c2b383bab8133b24eb341e31017fe
chr1:58783554:-,JUN,G0507,development,050688c014049970f0911d73b91dfce058cf330d3dca97fcf1248bd656d22b28
chr1:58783588:-,JUN,G0507,development,09a68e14e485be9fa83d528fa6af0b3006a7e92b06981b38485ad02a98d4e26d
chr1:58783937:-,JUN,G0507,development,181024497fe960869edd65afa1e53ec847109589d65244ebf6320688fc48269b
chr1:58783977:-,JUN,G0507,development,6faae9fb27cb733c363c0f42e427939e6bc2aa8489f50ffb3d8e86fdc211c5d8
chr1:62445287:+,USP1,G1155,development,1a5900ea0dc1009c9475afd6be9d55667b3f14453829666191c8eb98d5d8e170
chr1:62445322:+,USP1,G1155,development,26af9b28e470faa65ea6e26a8cd67cfacae422ab2f3acffda506510b650c4399
chr1:62445365:+,USP1,G1155,development,66ff614767c2c2354eb54c594c8083cce4e3ec86809a65a4aa23a11aa72aece0
chr1:62448536:+,USP1,G1155,development,035e2add8b849cfcec50cbe12b97f43006aa4d761d83c3fd85a080e61a4b01cb
chr1:62448567:+,USP1,G1155,development,6d40572a1ffea505305580f7814003966c11c3d8ce15e9ca7e01ac746a106234
chr1:62450267:+,USP1,G1155,development,a70f0bac37cd881dcf903f53d89868c916d7279457fa38403a6340e60467d3b4
chr1:62450354:+,USP1,G1155,development,9d75edca4e03a40098b981395e6ee69267ca496d8a9afb8499a2f3bfd74dab4f
chr1:62450444:+,USP1,G1155,development,08d38c6ad81d90fba5a2c96ee9f95d101f86343eef597946ce9d5356cc47da17
chr1:62450624:+,USP1,G1155,development,83bf46af09780a54ee351d8a122d73c9da5ef35543c461ea7daaa53f3df2c605
chr1:62450636:+,USP1,G1155,development,5369011a2d295e9721982b76d78bc469e3bc7108013c0fb5a322615941c6cbf4
chr1:62450748:+,USP1,G1155,development,e252dc904534fc21d7d14d66626f949701464225b9273244efe4cee99b4f46cf
chr1:62450908:+,USP1,G1155,development,63b87067ec61f98a31919575b9d1c9f0058ed09c61652a8e72ada3c88721719c
chr1:62451531:+,USP1,G1155,development,537af871f8c219ecd3c232165e1afbe7f5557c69096f535e238342de44fdc5b0
chr1:62451609:+,USP1,G1155,development,f241a2e9c7e8182c5b0fab8f4c1bd103508a968d6cd367e02d3dfaded02d06f4
chr1:67413049:-,SERBP1,G0937,development,abd7f522fe68548fb12957d833a61a12ffc8f28aa98ec8e6d88cda501a2368fc
chr1:67413076:-,SERBP1,G0937,development,a39e73c557f9757c63a58e77786dccaaacb04ff6199946d823c75f34abc3ed43
chr1:67413105:-,SERBP1,G0937,development,9e0135b99875002bc28a48494e0893f6fc4e8e440c202b6a45a1dbcfd6c9c88a
chr1:67415238:-,SERBP1,G0937,development,6b111bf2ba47b2fac141b9e843d677a1c127a3a302f085002f7306e5633984ab
chr1:67705320:-,GNG12,G0404,development,18e9a8da2ea0ae9ecc10bd2fb3d0f6a47745cb0ed8f1949404ecccc6aeccb2af
chr1:70145816:-,LRRC40,G0533,development,263acb0ac9c1a8f110de3663a36aa7ad854e2ac04057cc99f3fd8f8ff23bf82a
chr1:70148610:-,LRRC40,G0533,development,d274ba4d57cbfd0e6f1a5f20c9ca06012a205d8d85606cbbb0bf8214399d1572
chr1:71063617:-,ZRANB2,G1205,test,8daceba5905e9745184579f8aaa80739525b3468b2f89608bb09b1519b359e72
chr1:71064701:-,ZRANB2,G1205,test,4af8381968d1def9f9a2e52fcf24d3cecf291cfe3d93d759dec092e481e53bf5
chr1:71064721:-,ZRANB2,G1205,test,5e86c41e924b36ee2af59193706eef725aabdeb03ffc6d90b681cbe2416e270c
chr1:77948755:-,FUBP1,G0373,development,e6cf2a3a704fc3821e9d6933a2ad10db6fc52b34f793c4836897ef1baacb1b0a
chr1:84497518:+,RPF1,G0860,development,5e39e34f7bcc48477c34c831f262efdabf9a91484c67596ab8b27ee309254981
chr1:85252490:-,C1orf52,G0111,development,685a0e467e66cd73debe17bc86e5748eb9ccf9c9b857a79151c0f31e1ca7021e
chr1:85252512:-,C1orf52,G0111,development,47dfce9184380abbf56c3b0192afd26131b76282e4bd9826c42c777faf8e0baa
chr1:85252575:-,C1orf52,G0111,development,4ebdeb552a574c09c2c34c0bd530c34b205ca3e121d88de7b70a1aeb62f30eb9
chr1:86914126:-,SELENOF,G0931,development,4dd74d8030a46e18bbdc240ced9c69332787393b3a97e7c743838f3b1c26fedc
chr1:87104692:+,HS2ST1,G0471,development,6382b9ee6e59f619d4bc1c8418ff5c17a2131dad0366c964aabe56310634f63e
chr1:87104964:+,HS2ST1,G0471,development,5a685bb2520e8e3b23025c11e48cb8f9012b469b1d588c92c9e16b0830a34ea9
chr1:88834188:+,PKN2,G0747,development,bf71734a3ecd573fd9099e10b8ac23023fffc613b75fada9a14910c438265028
chr1:88853111:-,GTF2B,G0417,development,f93e2a7986362a03f65328e3230819109e0d741bcbcd4788ea7a11727359dc60
chr1:88853177:-,GTF2B,G0417,development,575e64fbb4ada239cff4d2ff30121723b81d2fdf0a41cd9e66f15999078544dd
chr1:88853232:-,GTF2B,G0417,development,556694bac90a1fe24a13f1b7893f266714255223db686537dd522defbcfea396
chr1:88853294:-,GTF2B,G0417,development,e5a15ef4d0f12d4e32b68c71bf5d226b7082bb07c8896e91fde080884cb764f5
chr1:88857295:-,GTF2B,G0417,development,fc27f326330a49913141e309db07441d6129a2ee385ca275c2c18b51ebffd4da
chr1:91524620:+,CDC7,G0157,test,b0356b074ddaf1750e7e06b503c51f4a36a38fc8039da45d5202ce3e62042488
chr1:93346304:+,DR1,G0288,development,ff8e63677521cd82d419fb56bea9333ef6d18109584376ac94a9b0720c7a18db
chr1:93346643:+,DR1,G0288,development,54ba290acb9b2ab60547a21c2dcf3559920b1cbd2cf7cddc0bf388bc54b573a3
chr1:93360696:+,DR1,G0288,development,3f08acca7cbedc0bd8fd1c09f3f7318af804614f0abc4ae29e146e4bb206cc04
chr1:93360742:+,DR1,G0288,development,a2ecd4b338f637103fdbf1c0092919329478a5233e442e6f9e6c4a47c7911a64
chr1:94897113:-,CNN3,G0198,test,5d612ea0fdb167404c13090805739b0483989cdf19442508991f045ce5411f41
chr1:100082086:+,MFSD14A,G0571,development,1d2ce2124a52f5a1b3cde38ea5bc68f5ef09f457aa65c568510e60390e6d67b8
chr1:100082182:+,MFSD14A,G0571,development,f2c5c2774aa1bb43a79254dd204c85e5a0290d3b8d0e78a36344e7e7f08a8a9c
chr1:100082196:+,MFSD14A,G0571,development,23ab72d881695e53af8bc34df74cc2183865a384eebf3723ec249e53ad80407d
chr1:100082277:+,MFSD14A,G0571,development,ef4173506ad9e8d9efbab9fac143f60bf7d8063b3b43cd0b9c063715432eec0c
chr1:100082301:+,MFSD14A,G0571,development,eef0d8e16965894f77a50a5417f2e34616b9505b589d9db0716d405abf237d91
chr1:100082336:+,MFSD14A,G0571,development,7fb71dc2e409ebde43905ba027c85e64f460d57556007fbad499da31427140e3
chr1:100082347:+,MFSD14A,G0571,development,5fe2e86bb3631837f3465032a054a18d8138d5eccaee29652cd735de2488908f
chr1:100082363:+,MFSD14A,G0571,development,411222c35debc353b69ea69eeaee5064c48dd27114939c2001634762ae72d230
chr1:100082375:+,MFSD14A,G0571,development,b8f1f6aa89b894f944d42ce3bb2edbde440ce1f7482d78e6b51455ef1255eded
chr1:100083057:+,MFSD14A,G0571,development,5751469635c8de9bf330d8c898db88002bd306b0ee1959e6bbb4d439fc23660f
chr1:109237889:+,SARS1,G0916,development,f72277dd2759c4666e113caea4cf26d51a60dd4b4f13de20fc474fc34b1c47c6
chr1:109237998:+,SARS1,G0916,development,e353a797bc1387733d22f91902a8cf0bf48ea9367d044ee453d85b27bf38b53f
chr1:109401983:-,PSMA5,G0791,development,18d44459a5fd337842f24937311c24831501c75aab14c6634358ab54f0bd9c47
chr1:109402020:-,PSMA5,G0791,development,0088a340fbe5d457d17d530181c94512850b8f48b8abf1a336945dbb326b29bf
chr1:109592224:+,GNAI3,G0401,development,b67a353008381d74ae57c0ae6e1067a925c81a04a4622cff7149eb1e67ed454d
chr1:109592416:+,GNAI3,G0401,development,df488948756a11c4c0b45d91929793ebcbb4125ed456b49003aa1d2b89a73ddc
chr1:109592480:+,GNAI3,G0401,development,95e4b455188f8d45fc237272f61d1dda0569bd540b3c9874e6672ebc1b82c33b
chr1:109592491:+,GNAI3,G0401,development,6032d5a584f83da0c2edbf001e9c74ba8b953e21621bd0ffc554956d6f39f362
chr1:109592511:+,GNAI3,G0401,development,4b39a52391b1d038128fd71c04baa8293a575c4d31137f4dcf34d2c0002534e0
chr1:109592528:+,GNAI3,G0401,development,a23168d7c71e79fe260adb460d8b55beb1870713b3f1aa460afece924d94786b
chr1:109592622:+,GNAI3,G0401,development,03bbcb32e83959ae74baaf48e092f7760ffaf476e9054719febc2033a48da210
chr1:109593170:+,GNAI3,G0401,development,dc4944bb636caaa38b379ae4122cac929319f487592b0ac66e35c4da6950b27a
chr1:109593435:+,GNAI3,G0401,development,88c0421cfe14938bf35b10efce67245706661713823e67cc454a5fc6bd8d4d83
chr1:110023581:+,AHCYL1,G0023,development,5fe13e074011d2ce42694d010e65441f2a2f2ceb6eae5b6573675147c12b5b39
chr1:111440352:-,WDR77,G1173,development,c04af5500ffb6cb17af2d2cb889640d3a251044ddbf37e393a42b68797afac88
chr1:111440696:-,WDR77,G1173,development,7ec181bcd040d03be0dd5eb95fca54fa744c955a5c40789f4283a05728e0830a
chr1:111441026:-,WDR77,G1173,development,c3b77144929741677eb96698c42291614acfea03689ceb628b728e975a4c7583
chr1:111441074:-,WDR77,G1173,development,305b7a58214398c5cc76200db4155ef6d0dc504b057165356203e319f0e0b673
chr1:111441217:-,WDR77,G1173,development,c2fc316a746f7d9ecdcd37c8464ae7ba6f8a5bb786f0e71fb2ff4ca279ffa4f5
chr1:111441366:-,WDR77,G1173,development,add37d9e4553fc1a503f4abb009ef61c701a83abc5db4def3324a7c6121f26c6
chr1:111449458:+,ATP5F1,G0063,test,be12581429aece2c25f748dc147a9e432fccfa06b77446cb476624bf1bd198a3
chr1:111449465:+,ATP5PB,G0067,development,8b0b6930031bbf46e89889471f58d3fc9e6d074d4525eb4f1bb9d7abd8e073d3
chr1:112670689:+,CAPZA1,G0131,development,a00aed6f4d09561674ec9af86df99c514b871c282999acc35eebc9c445aae924
chr1:112670760:+,CAPZA1,G0131,development,02440d576bcbec11b95353da496a22c5cb4825d1775ec1ef345d67a285b59be3
chr1:112670904:+,CAPZA1,G0131,development,60a21e9b405cbe080b571cb725839fe03ea2ffc40a3f8ac8c488f7936b853ec8
chr1:112913788:-,SLC16A1,G0956,test,baf7de897e4fd8436a67c577bd3c7493cb9a4b12364c7d99dd4270dd5eb8117c
chr1:112913931:-,SLC16A1,G0956,test,33e0ac828a210def31fcf61e3b9b275134f6fa9aebc4937c475e19593a44b4ab
chr1:112913998:-,SLC16A1,G0956,test,287d300b1ce2fc59c058faf025beb8a4f4abaf218cd6176aa341e711776c84c5
chr1:112914041:-,SLC16A1,G0956,test,b1db5ce3b9b1687925b505e68a8787f5d919c01c35689dae355d1ee8392ca0fa
chr1:112914056:-,SLC16A1,G0956,test,77dad9d12c226571e517504a8ca3b78d28a60a65224f5c8e3ba3833bd06adde1
chr1:112917257:-,SLC16A1,G0956,test,4bea2041f77096bdcbaadee4cb2e017d1e614f0c6c4a4aad726b95aa564fe868
chr1:112917267:-,SLC16A1,G0956,test,f8351daf9ab055aea5a193e400181a9614f18fcd3294cc084629d442fad41d86
chr1:112917314:-,SLC16A1,G0956,test,7e1a5031c1a972fe7b3702adbed91b8d7df88e95bfc677f0273bd9523132f793
chr1:112917323:-,SLC16A1,G0956,test,7e12cb5ea6d038a6c8a7798b8fd35c3d2bd71ea40ae0bdd4c8f83e923dc6292f
chr1:112917341:-,SLC16A1,G0956,test,6fc7e502a69ecb681538b4676855a2dfac081ac907dd688cb541ee72ada7d2c4
chr1:112917383:-,SLC16A1,G0956,test,6b00bfc26b2a8252b7d98a8e52a7d0bdec5175f1fb66ee9e0b9669e20972d2bf
chr1:112917428:-,SLC16A1,G0956,test,4ad7ecce0bef7627ce3204a5a8ea369703441bf380812a468bf3f525bdfd46c2
chr1:112917455:-,SLC16A1,G0956,test,48d88b7a5c676437358e3d80ca35486ff096eb34d62f58701125a4e1e2b62f5d
chr1:112917480:-,SLC16A1,G0956,test,b966df69cfe82fae799945ea592af37e9cf3559687683715f4a75dfde23e5c14
chr1:112917578:-,SLC16A1,G0956,test,8acd30c61570c953a2c56e320846e5f8561fd40abd2f0341bf8f919cd087cce0
chr1:112917645:-,SLC16A1,G0956,test,18419b8f4f8e59685d9c0084f6a63a6ad8090496d8ce225b15808b4280e641d4
chr1:112917680:-,SLC16A1,G0956,test,2156319015f6b1f0f1b84e7baa04e56064dfd52f3e5fe15110db6687b498eda6
chr1:114568065:-,BCAS2,G0081,development,170c6d3fa4e3c0a0fdd3e697e6f35e4d018f6d65dbf0e818ff4a8beb421ce25c
chr1:114568076:-,BCAS2,G0081,development,5683c168959eac4486f1195ff995d24387c801e22d85ceae247a243bec271385
chr1:114717123:-,CSDE1,G0227,development,a31e0045ea1712cb37ba81d70d0a1fef63aedee3669b469f2898ee22462a239d
chr1:114739795:-,CSDE1,G0227,development,9142e45eb64dee889111627b499730bd4ccb0d6019960b8029da42e58cc2c558
chr1:114739855:-,CSDE1,G0227,development,bf2f2836a9431121b0a54a6a9dafb03c1765adb3daf7f7e48451d4d42c25497a
chr1:114770005:-,SIKE1,G0953,development,313c6155bfdd262a0c49196c60792485560b1b33781e6fe4ea9be7bf6e47c046
chr1:116404536:+,ATP1A1,G0061,test,0cd680a30db5a8ababef10564b6d9be57ca4181a7b5700bcfde79c48f987592f
chr1:145925814:-,RBM8A,G0833,development,b6d740a2dc07ff47e49fd7e6cd9c84f3bbc06b6a53987456a8f22a94256fd517
chr1:149926540:-,SF3B4,G0945,test,b9347de28c4a9cb514ce945fd3c7f02845852b3f19a0ab27ac06122b58fea490
chr1:149926678:-,SF3B4,G0945,test,a7bd75603e9b2c95336e65f33f5866a53172620674fb07bb9725b2ca5a812863
chr1:149926759:-,SF3B4,G0945,test,2ce6ddd201ee2f0b8b9449a87e62d9a4b0ba515e0eb0b49b360109fcc1b3853f
chr1:150219147:-,ANP32E,G0035,development,5d0fa75b75374fc8750d2911b0783a711c11d54e7436c642739bb6bff5c99bcd
chr1:150265937:-,APH1A,G0042,development,24b10b083f66e03b131c893090394a38f92736674177aa91a3e6fdf2bd3bbc12
chr1:150265942:-,APH1A,G0042,development,61aa894eb712295d3991040286a4662f8379ddbd74e9f5144b2e0f1988b32d3a
chr1:150266026:-,APH1A,G0042,development,2dee5ed3a98150bd54a9015b8b7a439a9459f62a65efd16fe99fbcfc335b509f
chr1:150266051:-,APH1A,G0042,development,e95973ec086e45e1556a5d0ba09e5fbcbc6ab75bf44a96cefa84cf95715c3605
chr1:150266179:-,APH1A,G0042,development,8242203cc5f921ffec24e097a60e52a0bca13c3b84fdcd7e2595ce1f86d0e6d2
chr1:150266258:-,APH1A,G0042,development,f2287bfd4d4deb13d2e5f055190ee3bed810f09cff01023bbf88685ef0042b6a
chr1:150294029:+,MRPS21,G0619,test,70b727583c3bd313fae533859034fe149d5808c50b20f2ac739b08fc6506bc00
chr1:150294153:+,MRPS21,G0619,test,a374d01b064d9ec0d402031557df145142de03570f14af0193eb97b8d4799905
chr1:150294173:+,MRPS21,G0619,test,10af7c6fed7ebd728a46e66faea21c9f741ffec2b67555945de9499ac4f44d9b
chr1:150308077:+,MRPS21,G0619,test,e61f004abfc0ac6e4d99d20197d14b6d0239f6819b05033528710f3a18a524f2
chr1:150308329:+,MRPS21,G0619,test,44d46a61cfef0764b61774ebdb71b8913fdd3123667984d07979416f1cc60709
chr1:150575325:-,MCL1,G0557,test,dd0fafae7b107328e835244aca7ef19f570ac4a77fd434ab90c41cf985eb1e03
chr1:150575593:-,MCL1,G0557,test,44d8394ad8a05b0fc8054769851b1f6b6ba12b0d253a6e0536462d033566d17c
chr1:150575679:-,MCL1,G0557,test,f4daaa7ea478e1da5e6e665f7f26823267b6b2b7ccbf73e07b432a5a785afed7
chr1:150576114:-,MCL1,G0557,test,7b671121696758f2308831cfc766e6522b53f2414828608274bab48c10d8a063
chr1:150576600:-,MCL1,G0557,test,90b43199727a52c2c42a450523b5190b574c0ee6be407468b7f38d8552bfdba3
chr1:150576837:-,MCL1,G0557,test,81c58e66bcbbd5de72d7d83f36cfc3f7fec780ec8bce7d37f5998a0c26155ff4
chr1:150622183:-,ENSA,G0343,development,df328fe839f0aa9f892fa0b0c6ab09ef2ac2d56a1b9f5ac50e094826dd8d0c56
chr1:151267345:+,PSMD4,G0800,development,a574c75eddd37e72f774e4945d259f4adb0be0b66fe240b242f71f7b3f131df4
chr1:151759878:-,MRPL9,G0613,development,cea17f6b6270b6beca945c3ae913d104097f66d0bbcd9ab5a4416d1792bde7bb
chr1:151759924:-,MRPL9,G0613,development,23d53da62d66a56d7460148d82961ae7e6dbb2be38301f096aa1ce05878c4cb7
chr1:153645209:+,CHTOP,G0185,development,b61cc224006146261e373906f03d2ee38b714121fe25d610543e7b53c7905ad6
chr1:153645294:+,CHTOP,G0185,development,1910fa13ce15440a4a2687d4bd574dcf7faaa5f9021adfc171b059ad067f8e79
chr1:153645368:+,CHTOP,G0185,development,cb934625832d175e2a7836ed49559c118018232635cf9e0fd4b1ee8ff6793851
chr1:153645389:+,CHTOP,G0185,development,8c5732e71009ad6cb3a838c2ab3bcda2094ba2d688b84547851502f2a36d8b45
chr1:153661507:+,SNAPIN,G0975,development,0b9f0c03cf836129d132ac87d878ccae8f11ae2b4d991747330e226bb4f847fd
chr1:153662315:-,ILF2,G0493,development,7334d3eaf307724457407c8ea003ba50228a594a43a06232c1149aa6b8dfda26
chr1:153662359:-,ILF2,G0493,development,98c4e3e6b0c37c152445f6c81abd06b839846448de97175cd4c5d1f0312c529e
chr1:153974615:-,JTB,G0506,development,3ed468f019ac1cec7699a0b7130658e4ef6a7408b21d79d8c7ef0a94278ebe53
chr1:153974633:-,JTB,G0506,development,490c1faa9adfc84e0348d5aa44cbe8c0eb32f7ad6fd1e9b43ec29d7a5c9dcaa6
chr1:153974725:-,JTB,G0506,development,3fe52c7a61f6fc91809d7da97bc657034a8f9b93c0cff781ee94754f20bd5d36
chr1:154207045:-,C1orf43,G0110,development,967ba8025a5e31392bdd845c43fddc9e4010e04379d27b9cd6c50a052b82e6c6
chr1:154207256:-,C1orf43,G0110,development,e4e24e921c2b25fac7a709ffa4dbb882359208b2310cb31871a030a892f55a7b
chr1:154207349:-,C1orf43,G0110,development,4e8c2eb921fecddd20f9f01d9a77f1a1693dd4fdfa6865b7ab516d69ee4709c6
chr1:154207440:-,C1orf43,G0110,development,291449f06dad26ff96cb40c1b275a5bb57e1775b22a1022103911baa5f35bddc
chr1:154550099:-,UBE2Q1,G1136,development,65fc133f3bc778d3cf75aea1ebcc408dbeeb4f2da5a4b77377ec93bbba7942c2
chr1:154550171:-,UBE2Q1,G1136,development,8c31953d822074d38ebc45e68921bf35b08939ef33b7c931e1289086b8720729
chr1:154550232:-,UBE2Q1,G1136,development,cf1890450d2ca3a1ecf0d737ed2aaf72064dbf92e1dd054b956ef831bf612cd5
chr1:154550236:-,UBE2Q1,G1136,development,061ff3817c6f3f0ad3cb955498e370e24e83c9371fde5a6bb97235cd7bb0c165
chr1:154550255:-,UBE2Q1,G1136,development,221bb57809c0610bbc14c97ad9e1b829d64da56c6de16364f9b78fc4fb0446dc
chr1:154550301:-,UBE2Q1,G1136,development,478592738f7b37bb553e622bd8278573103910e168749ef4c908945bd2a44305
chr1:154550326:-,UBE2Q1,G1136,development,5100bb0341484ff45b85387e58cbddf1fc3db357893bd2c72b2f487290c03318
chr1:155320537:+,FDPS,G0365,test,d3fbf1d14d0a9e4e345e22de2ffa5bafd23dcd6c5f31b94616ddbcb7509e1207
chr1:156035538:-,UBQLN4,G1140,development,ab96de22b05ae87bbf112901af6500fc1e5a4418d4252d6daa0a7a152e1d87a7
chr1:156055418:+,LAMTOR2,G0518,development,9c23bf8863045abc975d5e7968cfe22f96ac02e033e8f1f72288f4e31a55c9fc
chr1:156239739:+,PMF1,G0751,development,91fdd3448d3069503eb21e7b85cd1f6758d1771117ea536b50900c339058133f
chr1:156239795:+,PMF1,G0751,development,fad8a8f5d3facd066efc9642b8bff3363f1aeae7ab36a8b80f28aedd3b585219
chr1:156309118:-,CCT3,G0146,development,31494b2e717c627e3373e27ecedb944cabe05d0c9c7ee84b6258baf70848bb0b
chr1:156594117:+,NAXE,G0645,test,12b68569a70edfee645611fdf7dcd903a9c6e1ef2311c2abbebdf37d34df9617
chr1:156594140:+,NAXE,G0645,test,a7b05738c4654157ba24d8f52909552d57c23f98b35a00bcb588901bf0fef544
chr1:156594722:-,GPATCH4,G0411,development,b5326612cbaf70cb00cacd0afcc27a73d7a97dc71cb6b3e68fce0c36d0916446
chr1:156594756:-,GPATCH4,G0411,development,f98f7b8653391bf62c7faa51a6a31b6e35e9b9009c46324663ea06f6d773c648
chr1:156594763:-,GPATCH4,G0411,development,11772f00728f620496c55dd882b38a889d3dd575be31e93d55245d4883efe932
chr1:156594862:-,GPATCH4,G0411,development,4726561830291f44559bb7a13f60079eabe39ca598116473b8f3624cbfd8a613
chr1:156743085:-,HDGF,G0436,test,617ed004fc3f735d5012a56f471214aeb791803c6ceca3201044ea9f556cf483
chr1:159918296:-,TAGLN2,G1028,development,b492221b57e25b7f2bb3c989ea8b596186fbc9f3a141a4f9b393325baa8febd6
chr1:159918352:-,TAGLN2,G1028,development,14d9282ac41f6ce14d4ea4d04160b644643f6a57276200966468906862415b59
chr1:159918402:-,TAGLN2,G1028,development,cd34a7250728009d2295b6c05f776137047aab3d5b211e1c3f5827b8e7a882c4
chr1:159925507:-,TAGLN2,G1028,development,e81c2dd5f058cc73d3c1949542686d37af1ee4bd907f0cfbead2fd99a49cc7c7
chr1:159925510:-,TAGLN2,G1028,development,9a2d30f28197ec094604fdf517b3807c558f4c799f9574ceb6d84e0ac78905f0
chr1:160279345:-,PEX19,G0732,development,62a211b03b62705a3fcf912260e711cde461de68636c75ac485cc1552a3dbab6
chr1:161158523:+,UFC1,G1143,development,ff1592a2041ca3f5851f5f13a787f95a7bad2608f041dd67ef172df71edede5c
chr1:161158706:+,UFC1,G1143,development,2f2072c35de1a16d8b39cbb49c9f1e8157ce02900899104315919a9cc8f65c91
chr1:161158718:+,UFC1,G1143,development,e22e27fd95258a7fa4edd274e5b7fc3f76bdc62a21e20a556991a4f05c3f4cf3
chr1:161362874:+,SDHC,G0926,development,2e6b7cd80ff49c62624e5e9aef3cb683af4d8b7bfcf5ee7bf6ae07840d1c1599
chr1:165728014:-,TMCO1,G1061,development,30ba8cc05d2b022f87d64689d63ec6a465f00508b7b050678c5e4c64b001dfba
chr1:167541127:-,CREG1,G0224,development,682fd682592e9467312946fde8fd6fc2ff71375a534aaac78e42a6ba916b9c12
chr1:167541469:-,CREG1,G0224,development,0044079c3d854511e828bee2e3a1eaeba710892fffbdf69483054186480979fa
chr1:167546158:-,CREG1,G0224,development,d2aafd3c5f876d82e5d644b687b700d061f99767d1816a72a8ed40b0d8813dd9
chr1:168200018:+,TIPRL,G1057,development,b61ba09a21b44e8db2ac2e15da41ee9aae19679c926bda479e8b00f5c5adadf6
chr1:168200081:+,TIPRL,G1057,development,518cc150bba435502e3e3d83ed6a836839e52a72e232953f34a96476dc5af6a3
chr1:168200086:+,TIPRL,G1057,development,9ddd36f5cbeef0b60520c3eebad067f3b1ba5e3bc0ccf334b5978bf39c5328fb
chr1:168200302:+,TIPRL,G1057,development,90cc069a1baa8dd32a34e6f1b2b388b8da13792aac44cfa595ff0aa01a38c4c6
chr1:173825146:+,DARS2,G0248,development,8f43b6facba7da3b29947f376a2e80b04219b7a5e5109fc92cb6d81531b43f8e
chr1:173825165:+,DARS2,G0248,development,fe4f289efe259ed5a7d0a09316308324079920de11f6a5814679e63181ab6a5c
chr1:173825169:+,DARS2,G0248,development,f32619d995a9cb3dafd4bbdfd810ace708b4ee2612b38bc75c45fe754ed1e161
chr1:173825234:+,DARS2,G0248,development,3fd9e3e2b9232b6e5239bd227a70915ddf8639671d5c7b6c4063208c0b8e59de
chr1:173825290:+,DARS2,G0248,development,7def3d43ca6ca10112ae51ec6d3d1feb4be5001636dd4fafa312f676e0af87d4
chr1:175010081:+,CACYBP,G0120,development,dbfa2dd182c666a5e2ec524f37fc9e9cc481efc08897968f728f17d50a3d984f
chr1:175010101:+,CACYBP,G0120,development,34060fbcb364fc2cd46e631b96b7ddf58946cfc79fe88203a334609d03a829c2
chr1:175014470:-,MRPS14,G0615,development,07b39031f3bc7998c65fd76a1338e0f80c1570122a42134c76d6b749be5e683c
chr1:175014512:-,MRPS14,G0615,development,564c271eb6529990acac5980518253dac21cc9d01e16300a049bdea1614001c6
chr1:175014593:-,MRPS14,G0615,development,4d38cdb4b6761f4b44d41754d3b6fec23bdf4f31b0793c50f9fbc9d692626f24
chr1:175014656:-,MRPS14,G0615,development,005e72aafaab5f6ff7c74fc146d4e4cdfbd48754e98dbfa4f095db221b44f2b9
chr1:175014709:-,MRPS14,G0615,development,3ab84ef30ba6e1787881123d0e6a7a1c190648e9e09f2f5e4d3b625449524545
chr1:179095108:+,TOR3A,G1091,development,fad70d14e4783c9cc0ebccf858bdd2281a9eaecfd089c50f76b0a04b5f37429a
chr1:179095155:+,TOR3A,G1091,development,73e31bee48ee6f04e50fcd2e8132c35cf49ff7ba171a340146d6c20b99d50f50
chr1:179095158:+,TOR3A,G1091,development,e7a8001dd6ffc068ad1effc340c7638233c94290140401d4b1418cd0c856f519
chr1:179095242:+,TOR3A,G1091,development,79a637d3b4303402c064e946019ef06655010542e61cdfccb8bbf693d0744455
chr1:179095265:+,TOR3A,G1091,development,4758b7d9fcf0d974fec5f76e9642157750724d5d9f80d8c70a56e1eba6baf68b
chr1:179095273:+,TOR3A,G1091,development,72b9a0a825f41931af9659ba94ebb50c6051ba24686cc4e5756569cbfe8675fb
chr1:179095297:+,TOR3A,G1091,development,cbf1d3412f6bca0a63ea6b167bae3fc0839ec00715e2815a6ca7f0920e67b186
chr1:179095321:+,TOR3A,G1091,development,70b0fd8b762714467768a8182c697f938e4f7732c993b497da257e9f77f2b600
chr1:179095438:+,TOR3A,G1091,development,31595f533b3cff84b9d25fbeedda6ae486839b3a40b95fd32e040e457e71f8fe
chr1:179095444:+,TOR3A,G1091,development,6778785028f1af06f6821b06c21e04d7ce721b794965f9ab3d58e21d0846a0b0
chr1:180502187:-,ACBD6,G0009,development,876b8a132d5db12e184891c388d7e9bc1f3154bf43a2535fe131b909e39fa694
chr1:180502295:-,ACBD6,G0009,development,e2717544bb44ddaabf041f4d29f53459885f1c80c56534704107cdabb1d4a681
chr1:180502304:-,ACBD6,G0009,development,706390d6079fd172ea63a060516cb6dbbbed298def888740f95d17f5f1478219
chr1:180502352:-,ACBD6,G0009,development,835c5e9147c8856d139cc1a9f78afb432e5b6ec548d2e07ea52707092e290df1
chr1:180502790:-,ACBD6,G0009,development,014214562eb56deaebb22e51b39e339b51a0eb5b9be2c580ce927bfe89c14ed9
chr1:181090027:+,IER5,G0491,development,22464ab5f657e3818089e634fe152a23a4d938a170eb3079c86c0df8bfee46f8
chr1:181090059:+,IER5,G0491,development,0219419e4b2f079dc744fc8c7899979e1c87c3de749dd195a0fa7d3a8975a549
chr1:181090089:+,IER5,G0491,development,a8ff967971bed3346e412157de82ec1470c59369a8ca694c272a1add9abcad7b
chr1:181090099:+,IER5,G0491,development,687b6ed1d7362bfcf14ee28759d0635b11ad3e6872342d8e40d57fd71519a2ea
chr1:181090303:+,IER5,G0491,development,8071b3d4824bca95224daa0b98e11ecd99cc2abfe55bfc807a4952a85968588c
chr1:181090408:+,IER5,G0491,development,2db9917bc4780904c5f722b258bced1e973d08f7210c514aaa315df3a9960dab
chr1:181090537:+,IER5,G0491,development,86ee073cb05f0c239bb0cb729938f2fff5901fe5cdf80bdc55947f4b3715a8bf
chr1:182384595:-,GLUL,G0399,test,81b888736d9c4cc49ff8033ad27ae1dd3718c985d72ce9cb04fe60b8ef704cf6
chr1:183627540:-,ARPC5,G0055,test,b4fefb4eaf2e9b71e01d1c628cf4e937586e43ac2089c0cc657419acedada19b
chr1:193250811:+,CDC73,G0158,test,1110fd63787570fbe943425c35f60ca8759044dbf6f7769fd870b6ddf63296f3
chr1:198321085:+,NEK7,G0661,test,853a20a5b1a03e6b43a62e87715f88dfea323ffeefd6977c87ae177b14d8f04d
chr1:201969556:+,TIMM17A,G1050,development,6835d06218e9bd78277df2f31e85fc1ef2fcc35c16e01e672529ebf3fe89686c
chr1:201969651:+,TIMM17A,G1050,development,724f9d6a8311aa4b3b5a62d3325f4cb74096a85e4f624e63b3d6e53aeffccd4c
chr1:201969679:+,TIMM17A,G1050,development,fb0fb787d7bcd845e690cd2de00de7676169c543e75f70096fe6938f14413cae
chr1:201969708:+,TIMM17A,G1050,development,f9152e9d0dd03eba1660737283883f9343fe1711088676b2d3591f8fe84851ab
chr1:201969830:+,TIMM17A,G1050,development,0865a8711fd352cf0ea84e984e790eeffa997c1f231934a0a6a7aec3204b60bc
chr1:201969877:+,TIMM17A,G1050,development,7afb1ebd5316c5b11834b8f2e39373b0dd72a7a8461500dc2b91b0e2870a9675
chr1:202331831:-,UBE2T,G1138,test,79406e1eefbf4bdffc661fca0c2cade98336b492cbd5525bd76a0c43b5946e7f
chr1:202941244:-,ADIPOR1,G0017,development,ea8ddac952d6b54facb28842c55b2b2ceffa89d458528bdc5f6092e77e9451f9
chr1:202941250:-,ADIPOR1,G0017,development,470bd491ac8784e30e32f34bb77dd35aea39ec13db22cc1c0fb5f875674ecf70
chr1:202941314:-,ADIPOR1,G0017,development,e9c8cd676e8bb2630aa18d6a6fc0c8d480375c4d0dca261c9324641f0654f691
chr1:202941406:-,ADIPOR1,G0017,development,a83b1ea9c12fba7f94d60e0ab04ceda5723ffddb08132c883f36753b9ea39966
chr1:205717804:-,NUCKS1,G0690,development,45db3436c2a43816d54cf4508e6e12a28df29cfa9c4a4b47ee10040ad2c291dc
chr1:205717975:-,NUCKS1,G0690,development,06533cbb494d5e5825abbe81dd8af1ac28d373215cbbeee5c0d151103fb3a2c6
chr1:205718408:-,NUCKS1,G0690,development,f50e537685f6ad4c6a90fdabe5090f5203307e7548fa5c7a1da106a2c73251c6
chr1:205719625:-,NUCKS1,G0690,development,be2ca53a2bedae3c19685eb334a22be97171b53777aa93477f3174052ec3e4ba
chr1:212360914:+,PPP2R5A,G0777,test,a4775a85cd4890d8d4f2e1748069a4eaeffdcea0e8bc7b5a288d1dfdc04f8cec
chr1:212445957:+,NENF,G0662,development,24b67138f8504a9cd1ed706f96359310fec90eaf7305c2b009e771a35fd1937d
chr1:212445996:+,NENF,G0662,development,38370a4a7a36d5077e2c6f70ca3036b6322d729be075e450d945ebcb5099becf
chr1:212446078:+,NENF,G0662,development,65e74528ad750b8f3d3a1a6624e76bc716e98dc83422325b2316925fa0aae6c1
chr1:215620962:+,KCTD3,G0508,test,3761e70515b9156a9bf4b613eafa92353bb6c62858beb7af6a618385b9a79540
chr1:215620992:+,KCTD3,G0508,test,d9b3cdd77cd434f461dc20444801bc416dc0d5d89ddfaab65835d17b437bed7c
chr1:215621483:+,KCTD3,G0508,test,60f3d2100a6fd5f95112e83f0d7843585d41e038c9e9ebbf4d8b8e20b99421b8
chr1:219983304:-,EPRS1,G0344,test,eca565bd5f3e4ce0bb38735292417c8abd87ae32527140ee293c14eca3ec8944
chr1:219997097:-,EPRS1,G0344,test,b0b7aa842422d86483faf380c2b620550e417bdcef4f3b3d6a2b3641fa7da1c5
chr1:219997141:-,EPRS1,G0344,test,3dc1f389dac806ae26b0c7b93a09e2463e589c36d02181597d1f9fe9e6099fa5
chr1:220147904:+,IARS2,G0484,development,84a7154b7cdfaa88960916d27c87851e2d9b1396ae3fda7ce7db6acc1e894b4d
chr1:224158604:+,FBXO28,G0364,test,0f10d72778dc50d24027ce6edff5015ab98e715eb8ba882debf60cc1203c2303
chr1:224158701:+,FBXO28,G0364,test,00c664853efe714d9857fa97d75fb2215a4ff31a4a887094763aa7d9bc99f348
chr1:224189846:+,DEGS1,G0262,development,425d531843a091c52b751acea3fcffcd8f575d5c2d599ca8708ea0f551c084d3
chr1:224190084:+,DEGS1,G0262,development,b3b9cd903f1f43c874a90d97b27ae0fb31d0caeb2a266ab419c04f828aa0c08d
chr1:224192394:+,DEGS1,G0262,development,6331d17d24e21aaa9266ae46f1a63564c5ee2310d9c28f823af372c3e66b4919
chr1:224192499:+,DEGS1,G0262,development,d702b742139ff7172537f7a5dedaec1f832657307a1476ca93837a37fd4b1b92
chr1:224192512:+,DEGS1,G0262,development,6abacc62e1807277ad3caa5a054296ee0e7f6621b661f7973c6f62d1d85d46bf
chr1:224192548:+,DEGS1,G0262,development,8330b680255f3925fda02ff9563c0d1db276e5eb564105fd6fe100e0b3329691
chr1:224192555:+,DEGS1,G0262,development,08d380655c8724e5250a9465e1c3905a3d57595698b26a8d45324d193df256c8
chr1:224192647:+,DEGS1,G0262,development,62dc768fcb37d28995b675e7e458b2e71caa238fd83caa0761172171e10408dc
chr1:224192654:+,DEGS1,G0262,development,c79d039be852ce1e35782a653d2370d25d827a77422bb7d287f825ddf3a080d6
chr1:224192685:+,DEGS1,G0262,development,6e117abf435d65f997b8291085d8333eb4f52d88e56d74b6ed215993ca0e1b72
chr1:224375883:+,CNIH4,G0197,development,db2bc73441585557d8752e23bd43a8321feb4cafca80b5808f69cc09e9b17ae2
chr1:225401668:-,LBR,G0521,test,81bfed823735583a89e199414e978ec5ce48bd8668a9eacff355edd7ee67b6f8
chr1:225403171:-,LBR,G0521,test,49aef5e52fa750160f3ecb00f7f45d4b2d19a275a1b496df8dfbee184b3f704f
chr1:225403227:-,LBR,G0521,test,2d041e5959d0b4fc0fc62f9d68419dea891c0b9aea916a1ef0bcd37a82c2a71b
chr1:225403346:-,LBR,G0521,test,d467e2ebe07ef1949e553c212057ec67150278ffefc4d4a398053ed907a3cac4
chr1:225789376:+,SRP9,G0993,development,202d27264caf3c8ff9b6a2d4b75e849ca47997704e4668a75736197fd7d276ce
chr1:225789430:+,SRP9,G0993,development,00f3b0a8dfc60d90cb9b665cb36c28272579ed711c538f6c54a30b1390d8c1e0
chr1:225790152:+,SRP9,G0993,development,019b8f291098b05c9518686350b87d223efa591eaa70ca88cc78213aeee0e948
chr1:225920459:-,PYCR2,G0811,development,273811601217ec3c3e1d038a65964c991bc494c4e907ebac9281ae709feb5ab5
chr1:225985238:-,SDE2,G0923,development,2ceecd850e349462a6fdcbc10fea792af1aa03d4cfe75198b2d7a1046a6f985a
chr1:225985365:-,SDE2,G0923,development,7cb22f3282ff5e5c9dae0efd4b9f07ad0c2687daa9dd71dfb41501f9251e85b8
chr1:226146407:-,ACBD3,G0008,development,f0098e6495282320064d7f7c29493267c604098649294d4e5c30dded9259216f
chr1:226146450:-,ACBD3,G0008,development,1582ecdd9e4993678f2106d9409976cc0f14c8f515c008f1ec0c6f7ce5f4754b
chr1:226146480:-,ACBD3,G0008,development,13eb76a7e2756a2f30467af47e42c52678b10dd0359a11a0caba4b7ac8f17c84
chr1:226152400:-,ACBD3,G0008,development,53b77caccca4c3e0577805b070a444c55e03336d81e7875c01987f3bef698c7e
chr1:226152404:-,ACBD3,G0008,development,8d255baf2d40a1fd77bc17b98469b9895cdba0c7fa65cae4b030facce0c2ac28
chr1:226152433:-,ACBD3,G0008,development,c8e15ffa61dcaa1ca7e65c2f853b3958695ccddb947f0698ffdbcc7378d5a3f0
chr1:226152442:-,ACBD3,G0008,development,b2302b5f561337ec153834feec547acad78ea1cc04b0db9a9b7c798817f9a94f
chr1:226361493:-,PARP1,G0716,development,6f6cdfe3817753ada04dbc903ca312ca7df2bac37d94f1ad15287fb0908464c2
chr1:228097922:+,ARF1,G0045,development,355903bf6331efa508abb374938bb261603076c51a1f739ff734cf7661b766ce
chr1:228097974:+,ARF1,G0045,development,4bbdcd55d88a38f9d372d6b8be00a889868a600a6e2b0f780be8b49d30a5bc5c
chr1:228097979:+,ARF1,G0045,development,81d9338e5ecb9d75fe2c97c748deabc6919c1ee3bb064f903eb1ad5abe821188
chr1:228457640:-,H2AW,G0426,test,0125c58ce4bda2a07c6b603b379750ac0a13a1dde73ac14ecc9a4b970bb10160
chr1:228494226:+,RNF187,G0852,development,e827aa1f7bddffe7e363fdaedf631b5e72ef7d78814667f12cceacc9383da375
chr1:228494299:+,RNF187,G0852,development,30c8becdd0f87a2d460fba7efc748df6fc02cb455c33e464b0beca6429d25a62
chr1:228494354:+,RNF187,G0852,development,b6d50b84f31f9aff459fe09abd4375bacdb02bc9c3457924df4714cd8d1b189c
chr1:228494382:+,RNF187,G0852,development,f2a03aae53a640ad3898fa8700f39b57edd385160888de41e240c3e236682cca
chr1:229303984:+,RAB4A,G0817,test,ec8ac3527f8011452337dc40539c601959b2d3ee4ec633c59efd6f304acb7a13
chr1:231000192:+,ARV1,G0057,development,0f976c1dc1bb2041fe10c9d07fa5105903fd2f9043b3b4827d03bf122d8e0638
chr1:231019165:-,FAM89A,G0357,development,fd9a03d7a916375a356baf7606bc2bbfc251b733a302d15590c3583458681493
chr1:231277596:+,GNPAT,G0406,development,eb98d6669e64ad1ef31b4f80e7c9249001b35775875ef94f06eb69609bcdcd32
chr1:231277654:+,GNPAT,G0406,development,20ead8fec525cee7749f5a89db985e90ac4d3b2c64d8de2a9cc56ed473efdd28
chr1:234383782:+,COA6,G0202,test,8ebb2e9802eb7517d100ea626918148a84e8f65cd766f0d28bf4489c8727bc85
chr1:234383852:+,COA6,G0202,test,9499578c05fd5397cd14189017aa238a4aa9963d6e1255a381bc81088330b22c
chr1:234383872:+,COA6,G0202,test,b9ff10f7ca3d077644bcc2e6f9b3fd80c8a0435adf7477c64281d19a2be5505a
chr1:234383880:+,COA6,G0202,test,f9eea3f27da29058f7638883f3bc9d5e54bb4372eb08c7e5b0ef60f9e73b7534
chr1:241633729:-,CHML,G0181,development,bd04e1c1f31f3db1f68b33df578513e839351226919060025836391a0fd2035b
chr1:244055358:+,ZBTB18,G1192,development,afe4629bf1547f73e3f9583d0ffa2a3949fde4d8ef01f325c90d345b4a5b4392
chr1:244057243:+,ZBTB18,G1192,development,4412f22f1437677ddd2b744bab7ba78231001ae315b63f1c2144b5a3809ebcc9
chr1:244409422:-,ADSS2,G0019,development,e5c70c4f34a78facad31389a722d1c5b0b59985770273396edd221db174e3cd4
chr1:244409492:-,ADSS2,G0019,development,6084b57338639e7239732983e152ce43478ba41822bd0ec37722769fc42f8943
chr1:244705973:+,DESI2,G0267,development,dc4530bab547c79b95720de77ce9161dbb210c647a0649806ad3f350927ca01b
chr1:244706102:+,DESI2,G0267,development,de4fd947cc7a3f777c494060f1dcc6d7f26245bdb5bfc90d8ca2bc3cf05ac6c4
chr1:244706314:+,DESI2,G0267,development,124db931f67825f9bf7a2c3be9dd75321259c14fe57662ce84e5b4cd57fd352c
chr1:244854432:-,HNRNPU,G0466,development,b0150e9df8b4aa10a021fe704d2e9ea6b4211fb34f20117140aa5edf82ced02c
chr1:244864126:-,HNRNPU,G0466,development,0af17b2f1120d855804a02c7c4b3afbafb8a4da1d8832d9bc34a3081c8355beb
chr1:244864180:-,HNRNPU,G0466,development,5aafd69a523bc8b7378f98bee0e0faecbe714aa9f73fcc482f76d1c473426c98
chr1:246540934:-,TFB2M,G1039,development,16665ed52c4647d554bc2eaf6a6bd0ee8aeb035a3ab90d6635fe593083a2a529
chr1:246541023:-,TFB2M,G1039,development,647883ed8551c9479b048821db0f436715344526bd711e651645d6431226aacd
chr10:1017320:+,GTPBP4,G0423,test,d1a4672b0535dbc4a98c97c1fadcbed8dd7e541b00498373b273dc051364c3f5
chr10:1017365:+,GTPBP4,G0423,test,937b62f556a600f44b825e7957106ae4c7edb311e2d44928d95656dd53cba975
chr10:1040814:-,IDI1,G0489,development,69a6f972942c1d04b2dea6d2e3729a9ac797ba400b7b494ebba36919178508f7
chr10:1041328:-,IDI1,G0489,development,b3a0a368789a5799602dc18e39e5768eb73d9bc8ce38de73f9d9c864aba6e167
chr10:5742183:+,TASOR2,G1031,development,afff48d6429547a74a9239a8701ad3ceb9549c049a167ab936deb2d038347511
chr10:5749703:+,TASOR2,G1031,development,5fd62352358c520399781fea29fe3cc1d3638b33e569cf421a91dfdf5ac4ee74
chr10:5749719:+,TASOR2,G1031,development,59ad5513ec1159d34d0f77325bc355da27dfb366855880f88d857bdc2ecc8329
chr10:5749880:+,TASOR2,G1031,development,1bdd2fc8805be73dc53580745b7b3aef983cc8bfaae966ab198e007ff36a25f1
chr10:5749900:+,TASOR2,G1031,development,7d57246d338766cb3ba4c86b772fde707ea0644a2f38670af3b8d5515db4775e
chr10:5749912:+,TASOR2,G1031,development,28015656dbc0d2338cd8da7e70f5b610ba124273890b135f2882994cac89d498
chr10:5765977:-,GDI2,G0388,development,793e03681f9e27ec6d0e4b6ec94cd1ebc123fcbb89c2a3a1cb4b0f1d422dd629
chr10:12165453:-,NUDT5,G0695,development,6902489162abdde796eff5e22d63b0dbd2daf16941cf42a8357894e656cf5097
chr10:12166502:-,NUDT5,G0695,development,d047fab4aaabcb7334b2efd1ad43c4c46a20fea884392678ad2dea468b7633a6
chr10:12167643:-,NUDT5,G0695,development,904cc5b843139b9384bfdd5d66c25340ed4b19ff046e34ce5281fb9761f535d7
chr10:17236376:+,VIM,G1166,test,6f35c36651f9d65d545a98ee1506267f480f4aa61ea81874fe237ad30e090a85
chr10:22329551:+,COMMD3-BMI1,G0203,development,b267a46b0552fc945f33e8fbf77fad51f99caf2c21b6657b5d801fb19256b046
chr10:22329634:+,COMMD3-BMI1,G0203,development,60a1e9287dedcbb9c1fe4dca111b419f1f672104157270c7a3759732896d956e
chr10:22329691:+,COMMD3-BMI1,G0203,development,ad7721d328a6131164fb1940992a9106366119421ee2274c3106cf06c7aa2830
chr10:22329713:+,COMMD3-BMI1,G0203,development,97fc6f09cf5bcccc959d870b83a183aebf24f714fe6302c15f9ed6c913a8ad33
chr10:22329773:+,COMMD3-BMI1,G0203,development,6ba367b0df2cc0d650a65ce1c497b77f8320af2b83d5052369b4b32baec9a9d3
chr10:22329849:+,COMMD3-BMI1,G0203,development,fb8ad16c1bb01411f99dd35f7d073701fd161beda80b42fe1d7054e39f5ecd8a
chr10:22330119:+,COMMD3-BMI1,G0203,development,a796c6e9db86a418309f3a1a437113ff208a44bbcb8bbe22e3c0312bcd8275f1
chr10:32011297:-,KIF5B,G0513,development,87a744d38bd925ffeeeb673a3bc76d247de365f89a2cf3df64ea4d7adec5812c
chr10:32011423:-,KIF5B,G0513,development,6cd9a05d2dcee1e80c2c2d5961cbe1b5c5c79473b47bc211bb4e1d6b77e24734
chr10:43386811:-,HNRNPF,G0462,development,3963b43fbd3ab87a1e3e8ac58394a0c254328700f395b04d0e043e801ed5a023
chr10:43386842:-,HNRNPF,G0462,development,dd92c0230c009e62878c6d51c4435b559ba5788d92c459217ec961fdb79ee301
chr10:43386974:-,HNRNPF,G0462,development,3a3fe99baeae00ae845e8f65dd153c465f79357264a21dcc606f3aa5b946758c
chr10:43387097:-,HNRNPF,G0462,development,8e681a7cfc09332d38bffb411925f5d6794bdd294e4d829d364c49374043d3a8
chr10:43387229:-,HNRNPF,G0462,development,891b72652cbaa0663de63a0273c66163342ee741841092ae97bbda2c47aa3e2c
chr10:43387242:-,HNRNPF,G0462,development,5500fbee2d8ef2ac33e2c0db26b8ecc45ee745b721054cb6ad1e850d01d3f485
chr10:43387448:-,HNRNPF,G0462,development,739eab368aba5ed01383372be12f1764c855763040a7149be1461a3515cc8adb
chr10:43387534:-,HNRNPF,G0462,development,201d37ab1545994aefb4a7e908d1802a07a9a26dd952b3a0349ed87ccfd9d0d6
chr10:43387604:-,HNRNPF,G0462,development,7d11d223b7bff7cb449dbf79b724c82d63c93579625f1a2c594541fa27b0169a
chr10:43387614:-,HNRNPF,G0462,development,3fc805cc1195cba4999ebb556c5f798929629293176f36fb388d09e42badf3a7
chr10:43387640:-,HNRNPF,G0462,development,0dc823e7cd58c5eaec0d747e79a0bb3ba1a47c65fb144beba227015c78508369
chr10:43387648:-,HNRNPF,G0462,development,aac6b71b361fa68ddb6a6a80898284193d254bad9ad9868c1b1de287d36946c4
chr10:46003345:+,TIMM23,G1052,development,d6e83dc3f78e0b47a2203716b930e0382c2c6853d730ad64208f50fbbaff4a52
chr10:46003378:+,TIMM23,G1052,development,e5dc5c39354a876d49a2c60d426eb06bc35ec87358d74e20acf75959cee3ec74
chr10:46003474:+,TIMM23,G1052,development,cf78d5863bc27b992153e816749e65182ba365bed8e39742b911490500240ed4
chr10:46003592:+,TIMM23,G1052,development,076f43d0be832b4b61e095862597bf5875aa053127e4160de07935b3c2e1c670
chr10:58269165:+,CISD1,G0187,development,eba09c289aac1acf26d2d158bad462ae25e71ded6f00cf23dd37bf3937a6a86f
chr10:58287655:+,CISD1,G0187,development,5930b0a572bfb2b83856e4e781bc7d28b11c9144c1e7142afe91a8ddee6a11a6
chr10:58287714:+,CISD1,G0187,development,7c841f4c7a5bf850eeb6bf878006c0548b22235859687aaa3f5ccbfea2d49887
chr10:58287769:+,CISD1,G0187,development,eb794cedb2988e6013782852e63617a3aa8fb0689949d06550a11d3663c5fb7a
chr10:58395267:+,TFAM,G1038,development,1898e00121932b1553a1a8fef14441082f9f68b8fd8f3ea066200eb7894b1c11
chr10:60793953:+,CDK1,G0161,development,680650d3ee210b5cb444c14aac1a96c14b41c9ae032a172d601f830b4e5e03bc
chr10:62806666:+,ADO,G0018,test,45b9945199c53d8d6fd0e96f904bf5fb5adaf835c55e0b8c315788b86e011cf0
chr10:68946626:+,DDX50,G0260,development,1afcec2320db8576e48b912578f81e9b6ae2841202a9609938cef8450694efe4
chr10:68959866:+,DDX21,G0256,development,370f5afee6fd369e3a3d6481a027e0f78951596bfab8f5a01df291b77d4b068f
chr10:68959978:+,DDX21,G0256,development,99e2451211f0805fccfdec27ce81d5b2397638c2a654dbb34adcbddc5a4ddceb
chr10:68960061:+,DDX21,G0256,development,360a6bd3c603e445183a07f4e76d80bfb1f99834bc711aa51e852eafb12d0bb3
chr10:68960197:+,DDX21,G0256,development,2516bb719294dd0f189321f633a43f55cf37c01725798f9bbb2ddb8d056a8550
chr10:68982599:+,DDX21,G0256,development,2791547516b9e38faefa145c77c8cb31bc680032c568af417db45bb5adf5521b
chr10:68982608:+,DDX21,G0256,development,40ca5928da52d06954ceb4f7c4e7948792d30c3d90ed548b129f712ca6e7fbef
chr10:68982638:+,DDX21,G0256,development,3eb861c5ac01fd7661f85ff02958526dbf9fe9f4694eb637d8065b5d05f52257
chr10:68982698:+,DDX21,G0256,development,898c31b9d78979a52a528da791b2f1c703a4c0e300f7984128f87ad36612d075
chr10:68982728:+,DDX21,G0256,development,7e8325b900289485be5ca9c592a1ac5b391376984f9197dce942807fafb2aac2
chr10:68982866:+,DDX21,G0256,development,3765d1ff4d2cdb8bbb2f45fb84f641086b3f9fcab196a1104dd19b4c36a81601
chr10:68982871:+,DDX21,G0256,development,c976c89bdcae73d1f01ad6a48e2ef9f738757c39df7b630467c31c1ce872b0ac
chr10:68983653:+,DDX21,G0256,development,80ccfbab20caa7fe92dbf08530ff40bbb2440ed8432fa12d19674e054e537acc
chr10:68984803:+,DDX21,G0256,development,5f383a4114d51b2c58193c761ce0f9672db63f4d375ebad56d7ab63bec4fe38e
chr10:70111919:+,MACROH2A2,G0544,development,b86cd6106b687432a383932f385def8df95a86cb00874dd07c75c0961165d315
chr10:70883903:-,PCBD1,G0718,development,fcffd4f4045d496201082114c8304cfc56c7cd62601e6dc250373ab8dd455516
chr10:72233169:+,ANAPC16,G0032,development,4f798ca6aafc831ca0bb2925528c0b07c6fe1194099bc08855581719656f23a5
chr10:72274759:+,DDIT4,G0252,development,7b3b98ef8c80819401b4c035f80f3f0602b3508e58f63ab834b77a568595cbc2
chr10:72274879:+,DDIT4,G0252,development,1ce2b9c771d23512329d85860a2a914e6e86b62a909594b4e3b4d0db43ea17ed
chr10:72274932:+,DDIT4,G0252,development,56fa4389f434b73cb6728a9f8deaca5fc15a920aa4ee3accc43eef650a09e341
chr10:72275189:+,DDIT4,G0252,development,960091f6141a2c14437559e2275b4d8b9243a8ca1ed21d1d8086114d88759eb3
chr10:72275230:+,DDIT4,G0252,development,c178276dd47e290d29d5113f7b777243c19ac87419d9fabc05007d359bb54842
chr10:72275238:+,DDIT4,G0252,development,24fb78ea0ad19fcf77b1f5fa492735b2f7580c29115096fd5710f53faa179c01
chr10:72275274:+,DDIT4,G0252,development,fb8fe556dd79ffea4fe687e7f2295ccb946392e620aa5bace5bd2799b96abe92
chr10:72275295:+,DDIT4,G0252,development,2e34c2aa840d63f0f1eedc4974ee46e5fd127dd5281daa67face0bf91e86963d
chr10:72275398:+,DDIT4,G0252,development,586ae81f590974914e6c80e85e69859f1510d4d91754e2df76fbb2fea6832e6d
chr10:72275927:+,DDIT4,G0252,development,75aa72795e0a0a040c6cbdf1b2f1fbe15d50785d7e76e0bb541562f467377b13
chr10:73243101:-,DNAJC9,G0285,development,4836b6269f2fc0eb240ad8d312cd78760c54eb28843bafb82d8c0eb67aaf67ac
chr10:73243173:-,DNAJC9,G0285,development,2e35fc7e7cd0ca1fcf2d3f4eb64b98bf1c415e40a848800ab1a4157dea6ae398
chr10:73243184:-,DNAJC9,G0285,development,87ad2fda8a2bdae0e8b183be1db028a805d36f5a66df0c36ea5943fb8e9546c7
chr10:73247176:-,DNAJC9,G0285,development,2c439c37d07937faf355e532514a80f1c30174b029d148c166a232c9e944c8df
chr10:73250843:-,MRPS16,G0616,test,2321cf3aaabd951c118aaf9a191039150164e3f6af266652882950b49e4cba5f
chr10:73250939:-,MRPS16,G0616,test,2c5836c5a7fecb7680bde0ad5cbf595991576a6693080f256606c884e5f28c5c
chr10:73375977:-,ANXA7,G0036,development,b0f5d697129e9e8a90c0522622c69359294a27f476cf6af4ecf15dbbfde2970f
chr10:73783194:+,CHCHD1,G0178,development,83aa671ad4e50040ec5edbc9b9110ed5a3aef112ef7e9505b2575fda6cc93b71
chr10:73783210:+,CHCHD1,G0178,development,83139c9850bbde176304a3d39d54e614f56e13e5e3f2ac0e3a49622ae63b71b8
chr10:73783253:+,CHCHD1,G0178,development,f7c768e001a5179f147f6fc0579d84b7c5a48704980b982bd64720d552662143
chr10:75398404:-,ZNF503,G1202,development,7e96a75c4657dacae0fa1c8cbdceb0bff73153ba76890d986d221a54a16e2ed2
chr10:75398437:-,ZNF503,G1202,development,34b86c1e8a0b9e510452fe3d7433f00d4d2fbf53e87620cc0576c8ae75a3a177
chr10:75398450:-,ZNF503,G1202,development,15fb6e4deb0598454ac54061eb0e4915d59d406aad2974f0282186a5f32d7d27
chr10:75398503:-,ZNF503,G1202,development,2c74c10cea5c03b9724e1b9d0704e82d3f1745fc9780d6674c1320ec5e099bbe
chr10:78035625:+,RPS24,G0892,development,81c5bf04268306b01601fc51bd46ef80ed7baf9e4df05aca17df192f979e6742
chr10:78035699:+,RPS24,G0892,development,19ddf71011171a91da3cf632410e3f5be80fa5364006dcf692dc1e6a44ed88cd
chr10:78035711:+,RPS24,G0892,development,d87c41dafe159956221657b182d5492a6400f2f290ca4a5988320a7a4f5fe2e3
chr10:79353823:+,PPIF,G0768,test,fb5f9d781c23f0243c5514b01d7125a571fc92b9eae1451660d362f8c7c63925
chr10:79354067:+,PPIF,G0768,test,49b6bbb3a0f3d652cad04810c06bdfb9e3c6a81e5f87822887c5b35fe220f9ab
chr10:79354136:+,PPIF,G0768,test,02e17518ccd28bfbe3bba0009bf42d529518dc9419f89a5063e8c5bae057799e
chr10:79354194:+,PPIF,G0768,test,a3b6cfe29dbc93b38ef43d4f327463f1596cfdb9067704e5a2fcb7bb79f8ae82
chr10:79354214:+,PPIF,G0768,test,7f3fbf0b276c1be1461f74a6b98d52609c036b217e8dea9079ccca1f8d3b5a11
chr10:79354272:+,PPIF,G0768,test,f6925f604eaf69f88e3db46456a8b16de489d09fa994cae4e12896e3e5618bdb
chr10:79354284:+,PPIF,G0768,test,5ed3ab462d1054cd7a58c819dad7c88b959b9412aa868e22788eef54fa00f3aa
chr10:79354719:+,PPIF,G0768,test,13d31794f37c1e7445c2e5b056730ab60c06f67e88e60e5f5e25da2d347874d9
chr10:84139562:+,GHITM,G0391,development,09c10029ba674c08ed4a4f2d1787efb8c4a3fb8fae29026eb99ff411dc93de44
chr10:89251746:-,LIPA,G0523,development,2ae44ee7f937647adb53be3b00d6dad71b9b286ed4777ac78f344a877fa79018
chr10:92653861:+,KIF11,G0512,development,314449d8bbbd29bed8f8c38ddbc93868b9fbd8112000cc6a2f072ea72c3771a9
chr10:92655052:+,KIF11,G0512,development,ee1bcf42cae840792cb90c7e6f759ac91e34bff92951eb484b64661a644cb7ec
chr10:92655192:+,KIF11,G0512,development,c79fe2492ad31a8c233a7ff865f56b80aedbdc173df3013bdd18fe13710e8268
chr10:95606433:-,ALDH18A1,G0028,test,5136f6626c818cf470d9c66fffb8b7ade1133cfb7b0bba13a86ae3acafca8cb9
chr10:95606529:-,ALDH18A1,G0028,test,dee77775f85ad2c9189f87db77f84b0b3320a9bf31240ccc1b0f95bbef599e86
chr10:96521638:-,TM9SF3,G1059,development,0a604c5666b96192cab3e2bd63784070034eb84c5a53b5bb3584094facfe5a78
chr10:96521773:-,TM9SF3,G1059,development,d351b15417a20a251140f5f01cfda8b687105c696e8f430da95f009e2cc86cba
chr10:96521952:-,TM9SF3,G1059,development,f2d389407850dbe4b170c97555524760e308cdb493a3525f3fea3e1c381e60dc
chr10:96522082:-,TM9SF3,G1059,development,b36ec845fc1c63722e95f43e9a0d40c1e80646de3a01c3c3a15cb4127497faea
chr10:96522152:-,TM9SF3,G1059,development,88056f01ca8e28c25e471a72dcd489f59ba3ba4e23618bbd9a345ff28942fc86
chr10:96522210:-,TM9SF3,G1059,development,ad5c05f9b7a47ef985873fe77a0b4964b50c891ab689bf0d1f17edfa15aac35d
chr10:96522243:-,TM9SF3,G1059,development,0d1bb98d65dd1d5ccd83123fc8e5ae1eceaadf4ef80c89a18f2236300b01a06a
chr10:96522260:-,TM9SF3,G1059,development,67333a1280d9405e631383e9741ab256d3f0396676140e0e5d3cf7ebf6fc46d9
chr10:97432834:+,PGAM1,G0737,test,e2c6daadc74aa75f52a0e68b6e3ff5caf3b8fc1bd1565c0133c1cda9d040948e
chr10:99397299:-,GOT1,G0409,development,9623189ea2dfe93f41f7dd89a2b8b6422861ea32d03f3ba5f6376f19e0cf72a0
chr10:99397361:-,GOT1,G0409,development,92cd4788f0ebf504d4db4ceb18a1829f4f661f9f82cca3ddc64d6cd0822ad51c
chr10:99397442:-,GOT1,G0409,development,f7195d4dd56dc39621a7569a845657bb94b16fb7ee15e8bc46e762839abbc923
chr10:99397453:-,GOT1,G0409,development,eb05a38c05c546777a431db78def4481da23fa8fe6f17a658dc10651d279916f
chr10:99755704:+,CUTC,G0243,development,16b9f902358026ed67d488229d27cacdbc5fccca2defe66b570698863e48c8ef
chr10:99755784:+,CUTC,G0243,development,8a1fe6fbb6bfbc5d758ade30f6b74d408af7e0a0385d6410d6f69ab6e10b9963
chr10:99755837:+,CUTC,G0243,development,09fdf5d4f0041960a6b65edefccd5753ff52b18617f4f4daf607e26fef8d9e80
chr10:99756027:+,CUTC,G0243,development,c7cbc22d0b96fe023b7e3c44169d6e878569a37e89ea0e0a9efb144695694f8d
chr10:100275150:-,BLOC1S2,G0087,development,5645b3fa5e5158fd368474b27667056a2b56aa4cd986a1a2f981e288c06e6745
chr10:100275176:-,BLOC1S2,G0087,development,30b476e4f5695fa0e377388646e1248bf4d65cdc09caee99b3f8b493f5189cb5
chr10:100275204:-,BLOC1S2,G0087,development,32fc86e55c05e9861905f2c09c16fe383b78b27f5859bc0e6c2167bf13123a15
chr10:100275210:-,BLOC1S2,G0087,development,1ad21750f5b2d8aaa1c5791c712fca6ec32477ee583f490c34f2c6f29decdc87
chr10:100275307:-,BLOC1S2,G0087,development,8d49a8699b823796bc4ff99718d2ce3918ea95152819e4a883a11fe3b4b63994
chr10:100347296:+,SCD,G0920,development,99360bc2bc15dde5ae210969419282077e5a53b7424800e381c4c4f17dc7a050
chr10:100356605:+,SCD,G0920,development,6fbb3e9027c12aeea3f9cd731023c9bd49ff7d2e9f69e4978a3eb1ef682dc130
chr10:100356615:+,SCD,G0920,development,8335eedbfe434b1c185c4f891187976510ab17c0e83b3c8deb89cfb83febe2c2
chr10:100356678:+,SCD,G0920,development,450937e6026fbc2487d1afa7b3a6379aa164a0496d91386095487c925a39994e
chr10:100360773:+,SCD,G0920,development,d419420c2d0339919b812e304ff140e5ca1edf63251c385cb4a762544ce456a9
chr10:100360904:+,SCD,G0920,development,aa48c5674d02326efce66bd9e4202760996d718dd1512eb3fd4bd6526cff96ac
chr10:100363098:+,SCD,G0920,development,efe968c0f0a83db3ae29bdb5b532832e1d4b89b13ed84c1089e8fe477351196b
chr10:100363424:+,SCD,G0920,development,c58ca7a1d6a057944f430d9c39ba02f5241fe3e5251d9fa90bd5b24dee9d4d10
chr10:100364513:+,SCD,G0920,development,0febf2a6e8685a91ade73f27640ce7a0f9d408c55df47cde9f7f29f9464ff524
chr10:100364570:+,SCD,G0920,development,e9626c982d19189f4fcda00adafe778c0fc85677c068efefc8860936768b4715
chr10:100986493:-,MRPL43,G0604,development,5dcfbaa9afad165d6efaf384cc9b8ca8b8967819778ff8b8d57f0a04ec40457b
chr10:102162331:+,NOLC1,G0677,development,acc3494a1994585da3811a8d3dbdb678858f06b83e7beabc8acdb07302d281fa
chr10:102162373:+,NOLC1,G0677,development,d2feef55b82eba7a8c8bfa0037495098881f9b4baf37742b9220b560bee259da
chr10:102162398:+,NOLC1,G0677,development,c89e91087d447de35ab4adc9eae12650e6f2a1dab0b77b53594cb84db76ba1d3
chr10:102162847:+,NOLC1,G0677,development,dbab26bdc67ab54e524414ba2932fe24895d1bdfa73b27d357e006841b00e60f
chr10:102162870:+,NOLC1,G0677,development,0290060329c96302ab1ca4eb7e132ca3432b68a885994939477f6481db8b32d4
chr10:102163095:+,NOLC1,G0677,development,fd95793468987a511a37c607cb87f20e23ca90467b80a7e2ea7efde356df9338
chr10:102163378:+,NOLC1,G0677,development,682f28f5db6056c8bea33cea6583a55f100819d5b5c3e09967ab640c462414a3
chr10:102163674:+,NOLC1,G0677,development,03be47e19c5e32eadbc0c9847e885458681649feba4d6fa4efdc3cc7ff0aa932
chr10:102423413:-,CUEDC2,G0240,development,2755f2f3fbe43da404caea933906e54aac3cb7e85fb1f14f60d3a520837c1985
chr10:104254901:+,GSTO1,G0416,development,bc6c0b010d47b4fe803f148b84238a2533097644e7fa820ede92a5a53d22fc12
chr10:104267341:+,GSTO1,G0416,development,f667556662f20301e5b024dfa46ea07255a301def09d121bf0df3c0c4487e171
chr10:110601755:+,SMC3,G0972,test,c2f4942c30656860dd94073e1a9c0da28f2ec301c2d257c1417bead07e0092e4
chr10:110604365:+,SMC3,G0972,test,da67a157a57872dacc879cea8082a16973189e0e283c8f84ed1c374f89c94a04
chr10:112445383:-,ZDHHC6,G1194,development,8d1f505f865ee8a4f75d48124eba34a27be941e5f0f162c7cc32325bfc7f4d34
chr10:112445518:-,ZDHHC6,G1194,development,3a5b0be3b4b3f01541af56d0be670bd4e480292e10545f0a1080f119471f8766
chr10:114975413:+,TRUB1,G1104,development,96f09c0abe04ebd160ad9a0dd8e3c021c3b1d1a39127be44b28697c0c8e60f94
chr10:119035122:-,EIF3A,G0324,development,b1373c02a0a7f822596e1c1742a75b7e7bcbd4c2f60a36902d29ce5e190a54af
chr10:119035908:-,EIF3A,G0324,development,e49d37854b86882380243af4deaebdb0ea03ca2d9739f905dc75776b586d5a8f
chr10:119036017:-,EIF3A,G0324,development,eeac18e0ce6aeb67a164a342a3904def8a8f0333653d3824a7426c35dfbe16c6
chr10:119036023:-,EIF3A,G0324,development,814bea788b7a4bbd12466bf654e723af22b8d1d2a097bd0344a77eb174154659
chr10:119036056:-,EIF3A,G0324,development,1d562b6af7b2274389230bfe021da78fe1c9f2a697bc345ec27e125679026410
chr10:119036074:-,EIF3A,G0324,development,ebffe2c60b8431fc935b5e0cb17305a3322a11a4b05b71c9a647a7d592cbbed1
chr10:119036163:-,EIF3A,G0324,development,4ae45ff2c52c866d289d7902b994f427978eaf2210515e2a66e0aaf29f3c1934
chr10:123162722:+,BUB3,G0100,test,8cdd61412265846abde0daf3c4b6c801d99390e2632ba4cabfb8c58f44457046
chr10:124397833:-,OAT,G0703,development,3bce3be1fab38157c533a76d592c3be5b7983fe585829ec4566837a8e922e2b4
chr10:124398059:-,OAT,G0703,development,48703fd9e3004d40c84718a8ad498175708854d4011a64ad440ae12e0e06f68b
chr10:124989119:-,CTBP2,G0234,test,3e1820cb07dc1290334c90fc896cec53eeeedc2a69a5d33f7b933d8b63842aa6
chr10:125836203:+,BCCIP,G0082,development,ae22c06e53eb0b9fbf0403b3b29f5afb4ae8d907e5dbec356cedaa60fd04de92
chr10:125836250:+,BCCIP,G0082,development,a37d9a240e9cd5df61e6fc8265a4b5d2131607aa5ffe704083cb19ac82352381
chr10:125836289:+,BCCIP,G0082,development,81d65bfd87f1662dea0e23ab26bb54bde9136fd636a8fee9e539ca2cfa7d4553
chr10:125836348:+,BCCIP,G0082,development,e5a66027da7933ff14b347b4f4e15e56f6efc1c0e75dffcb03b0aa075dfec893
chr10:125836354:+,BCCIP,G0082,development,96ab4f9b26eae4f3f0adef7fad8fb2cadcadc7206024d8855dc4dbc70eae3398
chr10:125841924:+,BCCIP,G0082,development,087af73e202edb24cd4afed6b4d59c3cd49afbf1ba18c48130acc1cf0b4e7308
chr10:125842559:+,BCCIP,G0082,development,dc6234210c3faac6ffe00f05e65530bd1d8db84119bb798ac4da11e05ed01a67
chr10:125842587:+,BCCIP,G0082,development,b9387a6ef43e2c66f2db9d6b6c18dbd401187447d8f5c42b325991896917579d
chr10:125842611:+,BCCIP,G0082,development,759a272781be8246c383a45a0e94e7c1f41183fb43c73819ba0c904cb9406a96
chr10:130179476:+,GLRX3,G0397,test,f5a9b2c9d8603c3dbfb872d6cbf55e1e04e945c9b61266ce6d11e86ff4116916
chr10:133362604:-,ECHS1,G0304,development,9846ff99963c8a6f65f680e72cf5fac8f07c74304cf526d7a3fb29b8e9490dfb
chr10:133362676:-,ECHS1,G0304,development,b857c090fe767d856e745becb43809a6784ad40fa5b3b6da56c8693c1d0d3c16
chr11:2944748:-,NAP1L4,G0642,development,ca219a5699800e44130fd46e28b46bbd3a7f6e6f3a6e6057723a86232bf6742a
chr11:2944958:-,NAP1L4,G0642,development,5e52e5d3524d5496dc717922d21b4b93ec34bf1b66c8425cb5a1a5f950a4cbd1
chr11:4138521:+,RRM1,G0900,development,754c79329655bab5c8705df5dc1174809e4ebac40ab646eaa976cd5f688e7461
chr11:4138760:+,RRM1,G0900,development,15434e16b3ad1d119ceec9bfb5b0f187a26c1b82136b519941bfb2637546500d
chr11:6681994:-,MRPL17,G0592,test,d007431315af62ea2fbd932a0464f628692afc854ea4a975609c189053d1ff1d
chr11:6682015:-,MRPL17,G0592,test,ed94f1501642add95fb51188445b6de82627fd45a9b433a25c447658ce27201c
chr11:6682039:-,MRPL17,G0592,test,3742ec56fd44ba1296f756dbdafbb1da95eb82c5b47ab975bbeac86d41c05d86
chr11:6682182:-,MRPL17,G0592,test,a53c3d95aa92e7f9a8db54b231e0cc333a077bd079881fe632077606f3c0433b
chr11:6682230:-,MRPL17,G0592,test,8f71122f44ef06d8e5448c1be3fbd33a16c0530b7220896149e245c845ebed94
chr11:7996069:+,EIF3F,G0326,development,d709abf0dfc148cc700c43c522643cb3f407809e2d3587709bdb52952cb6d236
chr11:8684812:+,RPL27A,G0869,development,10a9c31704d32826124d2272161f7f78d72f79dbdfa95f375346d009e49c3a70
chr11:9438110:+,IPO7,G0500,development,434400482f272d64aa0f39673a1266e0867a132f2ff0dbaf77f3445a4a1110d7
chr11:9438167:+,IPO7,G0500,development,5e4241342b5bd95c7bd65e75ff93bf480040a6671c3bfc826c1f0e98e2257a5a
chr11:9445264:+,IPO7,G0500,development,db14ac50fd7a6b8106b6a842de2dd2b2a764f52ac79a6fd09b1eea7eb10b57af
chr11:9445288:+,IPO7,G0500,development,c077375d3a5d047eb3613c67dff3769bc5f9619105552348dbc0c79b97dd3719
chr11:9445307:+,IPO7,G0500,development,8c5e9a7ec9959f43bd3e097bcaac9c5c53abcf0425ab269e37a96d8bebc47d90
chr11:9445337:+,IPO7,G0500,development,94b3f62c2aa20c1f3b830c7302211609afc4ffeb64286c3887ce220ce77ab39b
chr11:9445473:+,IPO7,G0500,development,c456056591fc04cf27fc0436190356686c34833c4b05ddf74be5b8dc2651ab87
chr11:9445554:+,IPO7,G0500,development,7e22c7cfde45a5c8d4365ebac920128f74bc001451e45674b766aba9f511ac69
chr11:10778942:+,CTR9,G0238,development,fe5af5f2df854abccce4e449de538e71d12e653614d5fa7f3e5701f376cb957a
chr11:10779039:+,CTR9,G0238,development,1f856f6d64f5167f18efe3f4cc05c882e60d3c502029f546e9a967e1f2fd7dc8
chr11:10779081:+,CTR9,G0238,development,103c76e8076fc8f785f868812440bde0a7d4bfce0b997cf5050f21f83689421e
chr11:10779101:+,CTR9,G0238,development,8ba6ddc26b3abe6cd83eb521815750de9c341c6c2ac1a436d40e3c23a874ee6e
chr11:10779258:+,CTR9,G0238,development,3aa4e44b3cdedc0d23c7d4159062942879354d46a50dc121b40e35ae6ecf06bd
chr11:10799668:-,EIF4G2,G0333,test,44df2fe12b310247df6d6f66451ea1030babf4c34d46b7a5cba2bc37a7663afd
chr11:10799707:-,EIF4G2,G0333,test,f55f3e8d29acef04f2733889b8ca11c3acf3f1eee28083d4b9456f316b36ff1b
chr11:13728797:+,FAR1,G0359,test,4f637bfc9ec14a5288ef4de21ac92ef6bf1b82fa9b1bd141beb29ec323a401d2
chr11:13729688:+,FAR1,G0359,test,a48bc40684cd5238f66b8f68ca56dcd340bd2ccdc316d0fe27efab0365a1c062
chr11:14457768:-,COPB1,G0207,development,867c5bc35cee3d184096e31e267968391c512e7858fe92ba2febb6c2f5712c65
chr11:16752842:+,C11orf58,G0102,development,b093eb320fd8564d9fffc587ef49ff94fd53c8d48a288e6aa5ad064771e58516
chr11:16755166:+,C11orf58,G0102,development,21493c45c783376114c8dd6a871b0183bc9d1427c197f8c7099f6c9b44251c2a
chr11:18407398:+,LDHA,G0522,development,158d2d98a47eff2947dd8d37d7b4dc2d75e397d55bffba1d52df626f23b451cc
chr11:22823084:-,SVIP,G1022,development,316523375f645ade99086eda2f84480fee07368235e91b96e378ab7f9d30a1ac
chr11:27890038:-,HSP90AA2P,G0474,development,d0221395830062e73497e4501e888aaa370fc20cca5b2deab5715f17404b1fd0
chr11:32091194:+,RCN1,G0839,development,3584dd9c81bbe1f70acb9e28c3ab07120212e627d9f9cb481beedcac40d01842
chr11:32104527:+,RCN1,G0839,development,fbf761f2fa76645435032d7939b6b720a1b12332896423efb04358590c59bf96
chr11:32104639:+,RCN1,G0839,development,11492ef7d4c436cbc43b49ee68879ca4a720c02e1bffef7e465702749a247ab1
chr11:33084860:-,CSTF3,G0233,test,3643468402a5de9748fd9ab06439a036e7c7d3e52f3b2cfca21610e8e6b05c9a
chr11:33084901:-,CSTF3,G0233,test,8c0c229a742f2c9bbf38ba70f126bd517f0951bfcbc2bfebbcedddee68f16527
chr11:34099485:+,CAPRIN1,G0130,development,9e8bc86a3d99ec65118b1939d48ee1252685ef252876ecc804d96e281f5edd1a
chr11:34099510:+,CAPRIN1,G0130,development,865e1214d7a973d2a5cfcfa6249d7e4ebe01d46ec8173f55888b687439fabfca
chr11:34099707:+,CAPRIN1,G0130,development,13f2570f38e7cfb3dff37780649a478f84acf001028788efe029ba947217d72f
chr11:34100744:+,CAPRIN1,G0130,development,2d860fda46214772a5bd5de51720cb2f4566dd298581cdbc54a6f1f7c6eb6900
chr11:36274205:-,COMMD9,G0206,development,beb78e0d5e32804fcbe5bae68e161be46dc4492cda84953990ba27cccdc35490
chr11:47466703:-,CELF1,G0171,development,7de7541ab52496d9a495e2300a09ffd5db013efff1e51be34aad791c636c094e
chr11:47796278:+,RP11-692M12.5,G0856,development,fe8e63fccf3d88b9c5edf94c11cc41b6cc515ea26c48acbc5b811e19617eff00
chr11:57528631:-,TIMM10,G1048,development,8c2dbd2de7d36ed2ba9d94d399d8a31df4095da4e49881bfc0494e0755c58ed3
chr11:57528811:-,TIMM10,G1048,development,d76855aaf8e85e4c93021cdc75c7369fa6e854e5b747707284913d816363c319
chr11:57740677:+,TMX2,G1083,development,32eb75959325c54331e803e524004f1c49b01078c0aa9cbc9283934f4f584861
chr11:57740853:+,TMX2,G1083,development,a807c1c478fbae59e7a980e17c14a895156843c5e3cca59e53d5e1ed5c27e6d6
chr11:57740873:+,TMX2,G1083,development,7cfa3e6add20309da36ef5fbef5eee03e260d992e1f5045ab57a9fe0b6fb381f
chr11:57741491:+,SELENOH,G0932,development,9c9f6b636f71c471a041b7051522b0b7e108c610cb4f90d7208beddb9f8c3737
chr11:59806331:-,MRPL16,G0591,development,ad0b8626afd09bd30a8c01a4ed978c08cf4b9328aaccb5b6b0b84e7e06ac7d05
chr11:59806402:-,MRPL16,G0591,development,cbafaa6bb3c09e9c71162ef889b212da4c6e4d4da6f8f9dd656319cf396041db
chr11:59806416:-,MRPL16,G0591,development,cb8371eec8043cbfa9cbd20e6d5e70883c785395e6673ca2ff4605ff31295df0
chr11:59806463:-,MRPL16,G0591,development,3a729dfd2da09307d72b21a8770f4cbe9222a07b323a8493ea607dc58da30354
chr11:59806523:-,MRPL16,G0591,development,1f94aebbcfdf52c9d8fe142bc5c96798519d24f92b68ddb4e6bf6cf26c31db2b
chr11:59806753:-,MRPL16,G0591,development,102906c99feb0393a2ebca4a946ce31445af9985c151e968b47a3e297d271384
chr11:59806762:-,MRPL16,G0591,development,1db193a19d55494280b2987c7924a411ecc1c1a671da3edf61c63de567b55c26
chr11:60842439:+,CCDC86,G0141,development,a9682ac66ddf5c72ffd114d701dabca3b94eb09e4831e85d2d2e1401f4266aae
chr11:60842513:+,CCDC86,G0141,development,5726034ddda5a25a4bcf26e1f3cc60d242d3643051f6e7c831910429c21091e5
chr11:60890880:-,PRPF19,G0784,development,0f1657a7e9eff97c4f32eac4879c9ce1eba15b5fc555c4dfb6d78d9fb11a40b9
chr11:60890943:-,PRPF19,G0784,development,f9534bb3e02c3b55f81b6af3724f069bc4eb956ac39c8b6908f0ccf87f7cee1b
chr11:61795426:+,FEN1,G0368,development,810170dd0ae213d9e78ecb12d082e0f8a5c6a8e8e56bca1827a57e093349306d
chr11:61795591:+,FEN1,G0368,development,9d6acfddac8b9bfa949e929074f1dacf901023ae473efcd1add36ed7065fabd0
chr11:61795787:+,FEN1,G0368,development,f3aafc7e71e387e6fbbb6247aba892811421001158fb87e5a98e8ffebac53395
chr11:61795897:+,FEN1,G0368,development,03c40831643945c1377b3a418e83996bf4c9c8500d9a32bc52eb553ee300b638
chr11:61795903:+,FEN1,G0368,development,3f88f61464e00236868ad3deb4f9a2daad513f370bf947528f5c4802062a25f1
chr11:61795944:+,FEN1,G0368,development,ff4c6e495e2624ec82064bc9d32888c0331fcc062324b6073bcc624c4da5b7e1
chr11:61796024:+,FEN1,G0368,development,cb8107107b7aa6df6db861359edd0baddf046834597d01d12554699bb963a215
chr11:61796059:+,FEN1,G0368,development,49c00f484e2b8251343e6d0fda5da881e663679f615b4b612f8ed63a97cf004f
chr11:61796216:+,FEN1,G0368,development,22ee88c47fde282794b5cedc939b39863c577ce544ed87e81bab46972cb6d1a8
chr11:61796230:+,FEN1,G0368,development,667b4b4c4cdafb757e64a8c998e793277a6ae105455583b46feb72667aeb35c3
chr11:61796438:+,FEN1,G0368,development,56666f293300b5040738ec631e3eb2be069b720310423c1a7e70a630af2b5641
chr11:61796469:+,FEN1,G0368,development,2e8a41896f2efb297579e8244fc35b395112aa3c78824c91a13d1bbbe3abbe48
chr11:61796751:+,FEN1,G0368,development,0d605485bf6a7da6e5c71b13619ba08c5d7f0d5b23e9d5e5994847249e8ee116
chr11:61796892:+,FEN1,G0368,development,15024fe41238ba53db7be370813b3a86a5c46da8bed91671a38b50a570ecfd1a
chr11:61796898:+,FEN1,G0368,development,3261506f45a140b9b6ad5eaf2fb7ec67b7aa44aaeb941b86390e6972d205e82a
chr11:61797074:+,FEN1,G0368,development,4d05382a70c2264881ed525e05335664fb04e4352c5228ccdf0efeeb4a59986f
chr11:61797080:+,FEN1,G0368,development,a2e9ab551af81c50cd7f59e842f7d924ea8778ee5709b836c3a7679598362df8
chr11:62790526:-,TMEM223,G1073,development,2cef3da1a605d9e889c94dc1b89b6377d1b61afcfab0e518dbf969609256a3ac
chr11:62790573:-,TMEM223,G1073,development,d3c4c882e0e96f36dba2a57da2efa06c679d336e570a32a91dab1a13c6c83391
chr11:62790578:-,TMEM223,G1073,development,6a740dae7d6e67862b56ea7771fb2f2e319c32d5e3b5ff6d38f04641fbeecd2d
chr11:62790649:-,TMEM223,G1073,development,ba5e2f999e6deebd7aa0547aedb0b7b6727e05a58867f2d343aef7e3731bdeea
chr11:62790662:-,TMEM223,G1073,development,96af9d131e187c00b08ff42c0ba1161f6a4f09baa1c781e2985b0131d821d901
chr11:62790680:-,TMEM223,G1073,development,f8b92e50d8c036b2fdf1ecb64940a3a7eb77f020a9559cc1c7d6105bdf0e3661
chr11:62790685:-,TMEM223,G1073,development,a8bb3e2d6dd9c7ce02de026d21eb9d69c94d6db809646514e6fa5c3b59bcf89f
chr11:62790690:-,TMEM223,G1073,development,4241f08ad9e3e553102d0805202f5e528d405d895d70ddbdbe59acd3d0b56768
chr11:64204271:+,STIP1,G1010,development,13223fa2227d7c430cbe8ffdf516e663d34c862924b6bcdb9410224828956afb
chr11:64246820:-,PPP1R14B,G0773,development,dbbe41f0b593198cf17ce1c4d8ee0a20ba45fc0bfaaead73f0d46a79b02922f8
chr11:65077620:-,CDCA5,G0160,test,36e48fe0ac34c33258e751d077f49158eb5e7d9d09129f2b6b2dcc038acc8346
chr11:65078044:-,CDCA5,G0160,test,72c33b3941a2dffea34ba28482f37989b77828c763386067a4bea040dac3fee7
chr11:65719787:-,RNASEH2C,G0847,development,83f9e997190c00e3e7a645008a71c4379420fa52f8ec0705c7107f23f3582348
chr11:65856010:-,CFL1,G0175,development,096adf1ab96e5cbc170e31cab879709655dbc8f1aff11396e16b8fa0e208577d
chr11:65858176:-,CFL1,G0175,development,1d771c8f1ff86c5596d245e6cba6d89138b0edc81a7d744d701421b1337acb07
chr11:65891037:+,CCDC85B,G0140,development,880a84f56d4aca8294966164488553fa6628400f77e4719174bde1f23c3a811b
chr11:65891090:+,CCDC85B,G0140,development,07c430b867cdda95772f8aea7720e645ed156663275d9bfe5af2d9f4eebd2fb9
chr11:65891397:+,CCDC85B,G0140,development,8e718b869e9e8d95ee4940a294fe938e5b60ea93b4acf39954ed668e05c2bff4
chr11:65891447:+,CCDC85B,G0140,development,777d3d6b9991017211627991861750a236bc2803732e5fb4216094fecbaf78b5
chr11:65891457:+,CCDC85B,G0140,development,de59efb08a5e0e9780c4511892c5ada35a90a05f4df5db9ac9df92c3d8bf8643
chr11:65891465:+,CCDC85B,G0140,development,3658543a851933cad1dce4f4199936837ca8896870c2744f1e067e92f54db8f9
chr11:65891471:+,CCDC85B,G0140,development,70d9c7f86654d8967d36b4c7f18e16ceccc3303e67bab24d187165e321468daa
chr11:65891509:+,CCDC85B,G0140,development,b8c0f179f511f127a11b7d4781f5dc195d3b27ac6b2bd5406145f27abd15de7c
chr11:66002503:+,BANF1,G0080,development,0342b6c9b8200a1bbb23b69dd49275fd5da5d714ffb3e307969e1315aebec1b4
chr11:66003831:+,BANF1,G0080,development,ce9703f80828c3aff61b9388e75ca864af760ec988addffa8bf6717685902f40
chr11:66003890:+,BANF1,G0080,development,ab342b3dbf8c0103c5edd82244f1319c1a56352500160f21e3983c4a0cff6cb0
chr11:66268639:+,RAB1B,G0815,test,b2e3c8cd099ad40a0fbbe200b525b6a78e9ec13cc8fe23989c5323e283e44de3
chr11:66276615:+,RAB1B,G0815,test,990535762db75721e3105a773c351d501ed518b359d7752f8c041d419f4d2ab7
chr11:66276692:+,RAB1B,G0815,test,ef3f4cea2229f99cb37ac9263e83586658156a13e966571ec563d9a7fed00e85
chr11:66276726:+,RAB1B,G0815,test,80da8aca005013851b06ad9c76c644d99f7f2b2aa6a275e9b8685919a5a81b99
chr11:66345790:-,B4GAT1,G0079,development,71b68bca7aef24fcaaba40f649a01a07c0a28293bbdc8e123ba1d92cebea6275
chr11:66345927:-,B4GAT1,G0079,development,96cd6a4440a8561ef1b6e34c4e84aa383dabb9a82450539cd0234dc8e817599e
chr11:66438207:-,MRPL11,G0587,development,804dcba616039764ae56c682e76165747abb370f50bb13667968bd2074648734
chr11:66627154:+,RBM14,G0831,development,23fce9a6f6c341fedfb40c7527f4d73eff263e465cf8dbde7414580fc7bb9a2b
chr11:73872804:-,COA4,G0201,development,6d75d7d98607d835a84eecf1b24aaf9904cc60735c262e375f8f4c635a52899a
chr11:73872822:-,COA4,G0201,development,91613bebbbe2e1a6fcb0ead96a46950e7229a24e444f9c489a6d17f788b2f39e
chr11:73872963:-,COA4,G0201,development,bdd59fc33475e515972c55431bb1e4c7695fc6c3d623105b0043a457980edddd
chr11:73872968:-,COA4,G0201,development,87f6150669fb15287afd0cd5b64f6ca4da14c7920c9824765d61efe8f7f6bc5e
chr11:73873014:-,COA4,G0201,development,d3c35906a8ab3576c0e2d227a9f5e2e9c26b684f494f80de27e2a8faff2ab192
chr11:73873230:-,COA4,G0201,development,414cf9f43ca4d14a96cdc5d97b4ed68551b5025015a6c2f912e67b5250cf6460
chr11:73876834:-,COA4,G0201,development,e989a4bf5e4fd9b979e30cbb236d28cbc54765940b13775ef0dcc44aa4f9a67b
chr11:73876836:-,COA4,G0201,development,aeca6a41b15c01b0303e1db1d5e8e61b6f042b0ed0cc614e2add094128f79c02
chr11:77616357:-,CLNS1A,G0192,development,5c8bb5bcaa425c5111d76ca638ae0274ba5c3ed807a473c404ba69c42571300a
chr11:85636282:+,TMEM126B,G1070,test,5abdfed513e1468ec4a279b431e53cb6e4b1b1c697637de383b40555756bf1ae
chr11:85636312:+,TMEM126B,G1070,test,dd81a9c097bd2b1e20cef9daf4470b7d9ce564d28fac96781d007a4b923fd2ce
chr11:88293866:-,CTSC,G0239,test,6a73dbe1d7171d79a443e7783c95658759dbaff2fb08fd183e84bb2c5e3168b1
chr11:103062251:-,DCUN1D5,G0251,development,ea5114845344caffdbb59e9163131ce4ec6d1435436590a4ccf38d960946cd8b
chr11:106079542:+,AASDHPPT,G0002,test,b6d0aa0d3c568704f69216a2d88a9cfecdf4d9cc8b76dfb16445e57005457dae
chr11:106096938:+,AASDHPPT,G0002,test,00b63e64a4ac29d26501c6cbfb72f7349217b675e54749762ef5231b77d4d015
chr11:110462395:+,FDX1,G0366,development,d62a0fadad1403cec93add32cf749ce4809f17fea3499f73e67ed18f3990d8fc
chr11:110462403:+,FDX1,G0366,development,fde8e287cf8d517508837259ee07c8e8dd5656bc765ca545d04e0347fdd44717
chr11:110462560:+,FDX1,G0366,development,3b0d6891aa82b3dbbe8d7de85b87dcc75f89b4457c1de6a30a381fa5002b22e5
chr11:110462573:+,FDX1,G0366,development,2985dcfe635e2a6bb330ee4a465a0cfdc93e09b84ca42d5017c450098449ec24
chr11:112085262:-,TIMM8B,G1055,development,273e9aff0bc88810afed31813f18af5dd20de3baa905ae935a0b2a77cec724a5
chr11:112094828:+,SDHD,G0927,development,63c30c2271ffe0e13c0be1b7c1f9860e9ac017be73bcba4a95ab1c0e5ad2d2d0
chr11:118601588:+,ARCN1,G0044,test,76dac8ea57e91397b1967a8dfe952a2990114ba16de9083fbdb5b67cda011253
chr11:119093993:-,H2AX,G0427,development,df3346e72b450d920601cf826226ad9e3a145763045e2f3e9b2f4fc4f4f0198b
chr11:119094135:-,H2AX,G0427,development,0a374f0ed0d8662088ee022986f8ff43f91ab68d5304af60f16b63c612aec0da
chr11:119094188:-,H2AX,G0427,development,e5a72ea9d71bced778ebd1233d3447060398b78e209378677aee8ee6b6fac3ed
chr11:119094204:-,H2AX,G0427,development,92ebc60306f35d2ccd8a00e8187370b7134c7ab848714e6feea451ea53a252db
chr11:119094243:-,H2AX,G0427,development,4d859f2df67d823d10e63030cf4d786ccaa33f1b6ae04233e01cfb14ffb40ae4
chr11:119094305:-,H2AX,G0427,development,0ac18e203602a53fff9ac3aeb43e9d6ad8e6cef0db24c45c8e74dc38e9dfcade
chr11:119094348:-,H2AX,G0427,development,5fb8250db0cff10ef04246a3c3aae97aa4edd5ebe594d8a4aa13933a7c8a3b9e
chr11:119094391:-,H2AX,G0427,development,4b3ff27a1bda4dcd31fa040a06f087866421ef0e56612e3576868dcdf30f4b9a
chr11:119094527:-,H2AX,G0427,development,525e330fe43946fac562ffea1b512cd28799b18f37a246d3fe0a99f008531716
chr11:119094589:-,H2AX,G0427,development,9fe3349b68291ecd2eb58874a8aef5115d574ec5fdd7e958c48e6405c93957e0
chr11:119094967:-,H2AX,G0427,development,384edf30a3aa5f9a469737951b5f0070870dedc2423bb597dc6b0a2ae45fab21
chr11:123057681:-,HSPA8,G0480,development,ee98a9fb2fab645337e58f5d986362a5e9acfd4334d0efa6d8f71aedf8a81683
chr11:123059519:-,HSPA8,G0480,development,d2ca4915256982b3f09c95575d9029e8aa1169078828c18a048fdce7ad018e8d
chr11:123059649:-,HSPA8,G0480,development,1c51e235ec0791342863b186acf4332b9b8b76e0c5d313acf47b96adbd0dcb09
chr11:123059681:-,HSPA8,G0480,development,78ccdc742c300b3cadfb920a54f2760d123e634d251ca3c8bab837b8f47d50d0
chr11:123059838:-,HSPA8,G0480,development,6a9c62cb75d7a69b05ec53823543e1f75948868d438f964d2c7f7858a50bc5f9
chr11:125584442:+,EI24,G0311,development,021068d207cf65c9f66aba6f247c2936f44463a7a211c96b12a4044d41df7bed
chr11:130143602:+,APLP2,G0043,development,7dc32114174a5efc37e5aa4d1d7d43c67a4e5ec85b6ca2b5fdc60ec554243f9e
chr11:130144494:+,APLP2,G0043,development,44d8f4030f7e871503a5cc2e4be51a53a03d217c5210842619b325f6e30de86b
chr12:4352509:+,TIGAR,G1047,development,07a2ea74f2d679b4147b3e13b8c6dc85a0d401be9fa5d56b151e01625f836223
chr12:4352553:+,TIGAR,G1047,development,4af156d96eed736ed689eb8395a408e07fef97e0dadd8836059fe8c302e74a1c
chr12:4352600:+,TIGAR,G1047,development,5211562089632a93945b07806e4f2931b54a5079f0f7ca83d3b1ecc0e8b7d4a1
chr12:4352673:+,TIGAR,G1047,development,5611cf97ac1a4dde94984b05131fb0fac6951db8072079a73c4c531f9046cfac
chr12:4352677:+,TIGAR,G1047,development,2234479c1f199cee2af698593f8a1aa2db95281f747d393942b2697a72faf5e6
chr12:4352683:+,TIGAR,G1047,development,2e0579a9c143f157ef86a3fae77eb8b1b51a785fe0cbc148bb64124513ad6fc7
chr12:4352835:+,TIGAR,G1047,development,7e4dd83739b6f890ef7f17e4a175822ba8668cdd5b1d7e4937f2a41ef2e3279f
chr12:4352845:+,TIGAR,G1047,development,12f56cbbd4b993b9d3f5b4d20eecfd189e1d59e971c485cbc65d8c4703aa5745
chr12:4352954:+,TIGAR,G1047,development,bd062764fd953b8682e00d1b594037841210ce577015077f84c4546a45c537c6
chr12:6492442:-,MRPL51,G0609,development,72f878e5e0388445124e80c6d655b92587199566b91766ed3daff424549e3b21
chr12:6493260:-,MRPL51,G0609,development,6e9e9914665edbf9bffe45695f9697e21b32a847fe2c4b5088c6f17dcda798d7
chr12:6493262:-,MRPL51,G0609,development,c6601a2b81e15606c136688e27bc293a89a5a0aced7482358879c75ecc7780bd
chr12:6748131:-,MLF2,G0579,development,78ed7159c20936159e841b619499444994adee28d2ab577b9797dcf42aa21e1e
chr12:6870423:+,TPI1,G1092,development,b5bc8f5d7df7a14368b21894e157e5dcc40bb152cd3255c88d39d025994eac8c
chr12:6870596:+,TPI1,G1092,development,6e1a97b74b41edb09697cca5cec852761547c77cf83b62b60198c6c98b58bf60
chr12:6965463:-,PHB2,G0741,test,265d657e40a91cbdebf01ad7dbed1fe23a15593a5359014dab399e12721cffaf
chr12:6965530:-,PHB2,G0741,test,e276bb19b397a12409c283e293572618d1f8face5c4091a33021ba70de86df6b
chr12:6970524:-,PHB2,G0741,test,944f4b849e7ea95ae89fbd0ab4cc8ad918188ff484d59b21fadb44fa8f0076d7
chr12:6975839:+,EMG1,G0340,test,c712b3c9c17d5ecc12889779e9d58a2aa3a18b9f94a8f5f44c8996530ea0ed05
chr12:10699542:-,YBX3,G1183,development,b859b06309813125d6c25a543e19569af581407491539d794bf7e4bedae0d2f6
chr12:14786747:-,WBP11,G1170,development,4a1ecf985eb545b251f7c24b2f96246eabeb6d08accae9b10a667a6aa623f078
chr12:14787065:-,WBP11,G1170,development,a05d90371e92b862015c9ae3460787c2c9e2c50a27c43c7847c050a801a614e2
chr12:14787118:-,WBP11,G1170,development,ef8205883dcc16d8d6fd250920bf0fac7075c71c17cac8154d3a64ccbe4fe24f
chr12:27755432:+,MRPS35,G0626,development,e969c02136436d5ebc1a55addc7d971b9b1b931e02c4011042fbd800d1299aec
chr12:32747082:-,YARS2,G1181,test,4591dd9cfbac95d64339257d6b82827dc1b0b0ff67a318463c112296725b2895
chr12:32747088:-,YARS2,G1181,test,4d6a15f10382e168dbba53269994f6b6f3b41df9a42965d0fd42a22859c4f5a8
chr12:32747128:-,YARS2,G1181,test,14f88bcf981852fd4797927f6e0523744ed7f2f71a11a979dbf1badd7c76ad0f
chr12:32747175:-,YARS2,G1181,test,2f907e0136c0c80162e683d4b8c7c34cf35356c441f63735830714f5779359d9
chr12:46358907:-,SLC38A2,G0966,development,9b04809b35e7badd391dcfa1192be8512d98c2435593228a46e37db6fd9e3d13
chr12:46359155:-,SLC38A2,G0966,development,8bfeb3aac2f7c2b3194d7f812a916436a9dc093e56dd97182ef3f8cc45a04f8f
chr12:46359278:-,SLC38A2,G0966,development,c37bacf245ad4a55aadaf4e65b87b4f5a5ac5e4f4b0d55c72df5cce797b183ea
chr12:46359391:-,SLC38A2,G0966,development,2afb0be6cee7428776f350923586629ba6c2fc72a5db4854844785a814a589c9
chr12:46360838:-,SLC38A2,G0966,development,2fbf1418575a9c4e56d93591ec6a1f7e4d0dce20705ad774493549c5f059699b
chr12:46360842:-,SLC38A2,G0966,development,d6410d5d38ce9138776f038b1a0fc918ad56e727de8756887fb7e43ec295b3e6
chr12:46360869:-,SLC38A2,G0966,development,e34174a2f3bdc635511573f287166bc0e32e989ec746876dbdde5c2d1466fed5
chr12:47968232:+,TMEM106C,G1068,development,01fdb3bc123bdb865bd1b784c1f44656f8223a625711a2780108af6af5bcef1a
chr12:48829952:-,DDX23,G0257,development,7640a6286e4943b8b09ec9f9e6bcb3f55a6bd7ed3785a120b87f1fbcc49dfe0a
chr12:48829999:-,DDX23,G0257,development,4cf639028986c115add9f9c2b4d7110322c41ee8a73ae740540c4dd71ee6602b
chr12:48830024:-,DDX23,G0257,development,ab75691f89a7e8bf861fa224d26d7de24424e37ef8c964d797464ea554b41643
chr12:48830212:-,DDX23,G0257,development,027b28002040aa784b2db590a075c198f3f5c4f13a021be2825719ec0b067bd4
chr12:48830617:-,DDX23,G0257,development,530414cc63dc0e3879f94292d07b9e8622ccb5159dcc9f3892e1123e72474131
chr12:49185752:-,TUBA1A,G1110,development,e1cc828ebc869b72b64e9d619a9f12bb86ab5ab44765c3b5cfa508a7f2502813
chr12:49272491:+,TUBA1C,G1111,development,7bcd162c3fa97581ab30f112f0b501dc99f6c6b61d19199718dc7cbd06cb0ebd
chr12:50120303:+,COX14,G0216,development,89d68cf786371cfe2f9d0dfdd181e9060f03aefcbe4cf9a4d004798c254e15bd
chr12:53040269:+,EIF4B,G0331,development,02ce6b63a52f0ecdf805226e36f167507b7476c84575438c73872595bc74a58b
chr12:53040445:+,EIF4B,G0331,development,0b0d8e9db52b498122baa4517b3e7dd8a38b3d43c5a4b1838fd0ccede85375f4
chr12:53040852:+,EIF4B,G0331,development,bb7145d88f3e0efd6c866e0f8eb8c6e599be707f5901bfd42ab5e7c21e9f276b
chr12:53295909:+,PFDN5,G0734,development,8ea38ea2def64750cdf601fc0e0f3752be014e507442f7c5f97b85daef8590c0
chr12:54280726:+,HNRNPA1,G0457,test,721885dcc82c4ee6f6998bad546a1787df0271a324977497e6cc8622f286486f
chr12:54281495:+,HNRNPA1,G0457,test,e65dbe0d24240c50a80072cf6e5293ce6dbec2131659c1ab7f481574119cd0bd
chr12:54285043:+,HNRNPA1,G0457,test,5c8fff8b99d43770635c6c658df3d616c29999bf74dd4ef616e65516abc4544e
chr12:56104559:+,PA2G4,G0710,development,1bef0930c67bb2ae9c973cad82dd1dcb95b3ec3b43cde84b0ba263304653ddb6
chr12:56113064:+,PA2G4,G0710,development,2f2454c2c1d0abe138b4fe5fb0731e6be6b66557b36eb7eb0f7060fc19aeb843
chr12:56113712:+,PA2G4,G0710,development,aec1e85b8d7e525f881da4dfc23d8e404312d95428a9c312eb45d7c8824ae900
chr12:56113716:+,PA2G4,G0710,development,f726cd9798a81bca4d76512164fd73040b506c9b34b6141ac98ea8227cf15ddf
chr12:56113752:+,PA2G4,G0710,development,6991a0b88a1f2a236a71108a10af9db294a1471364d70ba28fc41b7aa344bacd
chr12:56117608:+,RPL41,G0879,development,347e4abbc9aeeed56358a5e721c12e252218de211d9c27c6f05e6d90c4374bc1
chr12:57748384:-,CDK4,G0163,development,73ad480878a69076af5d1142a6ce9460932362ec71e8fb4bafde722e60ba7f21
chr12:57748473:-,CDK4,G0163,development,d80e3cd8cf5d7ee2a5fe7654739a7ebf0a38930bec81c10a8cabedf6b2975122
chr12:64404466:+,XPOT,G1178,development,aeb13246b250582dcba458e756c5a3459a037c7530b4ff722cfd0c15fd373012
chr12:64421288:+,XPOT,G1178,development,97f0a07a120769b26515f6d58798b0d678ffe15729ab8df877e23dd77dc8b14e
chr12:64431569:+,XPOT,G1178,development,cd27ab64c00816e2f55b3e1c7755a7d3d0e2a88972412b15188921ab217be26a
chr12:64431606:+,XPOT,G1178,development,f46a601a66ae909918c2e9e57f74f1b8ab7251beb00af1dfa08afb9b9fb6b9ea
chr12:64431617:+,XPOT,G1178,development,8ab0f824e0ccea28a1e7fe03ea812b47b5c56b2e4540bd827e7c2632f17f3b3e
chr12:65963470:+,HMGA2,G0446,development,5c29be2ffc981c34e39d223f9fe1659b5cc33e8205ae9a2ca26ecab6c7f04bb6
chr12:65964940:+,HMGA2,G0446,development,334196b67e690ea08aa5a9c10e45c9807be01daf0a83ac60c8621d1eae9615f6
chr12:67305707:+,CAND1,G0126,development,e0ac4c9f8f2d222155592c7b4eed910f6cabeafa396f0a352d87adcb55af1f95
chr12:67305879:+,CAND1,G0126,development,93f7f982b523e560fbf26c4eae0feb487e60f9409e47b4cf81c7d245b887962d
chr12:67305888:+,CAND1,G0126,development,b4bd535827abc868d061d9a2320ecee70a5a2ddc408ec35b6d2d6bb8fdf915f2
chr12:67305938:+,CAND1,G0126,development,f49011f23f5afa9d18c89f2030788b0c279ace85417d1d528624726241f27ab9
chr12:67305989:+,CAND1,G0126,development,e51cb5b79d6ff7556dcff4891575c553f000d08f9a743e332ee133979df94071
chr12:67306006:+,CAND1,G0126,development,56f6bfb9163a1e1bf6c23850e2fe937a3aaa7ecd1100bb8cff4cedcf24fcf26f
chr12:67306148:+,CAND1,G0126,development,3834af5a510eac2099fe9ba1e9f3d972d22633cd71483cbdbea3c9724b2d28f4
chr12:67306217:+,CAND1,G0126,development,585c0dfa6cfeb62424d6110d3b03306dab23976d106e2a98f4f523e20b5173ab
chr12:67306227:+,CAND1,G0126,development,36b092c1c338b7ffd90c14387a80dcc85fcbc2efce3c05b0d7a86e9cd7542e74
chr12:67306236:+,CAND1,G0126,development,bc11d3ff00bbdfd48dfe23c37ac1e393824a1585a02f99f62c8ac74e39dc8ede
chr12:67306366:+,CAND1,G0126,development,a1bdd3ba33b87df14cb07956d20afcb1132c55840a6dc5f0ab1bca31f7d8c253
chr12:67310253:+,CAND1,G0126,development,b57f94800a44efdeec8c7932701522be26d47c00b5f1b59c61be50eeb7097b04
chr12:67312820:+,CAND1,G0126,development,e047ba6d3f30950774e343d1a09918061c375d5cfdffd1931e459e9eea0254d6
chr12:67312850:+,CAND1,G0126,development,52371dd12cf82b88c103c1ac731f78291afc59e34a5b362b8648e96c564c2a84
chr12:67312875:+,CAND1,G0126,development,3dc4d4c6a1e8d0f48bc5945b9e53e2132758810b7aa7ca5eef28a4b51c52e584
chr12:67312884:+,CAND1,G0126,development,88d1e03987f5e57aca24eff62cc1a395133b32ad538b1403a5f5ca59a21f2f39
chr12:67312960:+,CAND1,G0126,development,cf2d73bb538705f84b63690e2bc855b7c22e8ca03293543318700f55ee426725
chr12:69271188:+,CPSF6,G0223,test,2d9a179c15ef715e3b6d35bce50e3e5bad6c2867d44c9498d649788d1082a9af
chr12:69390332:+,YEATS4,G1185,development,aa9b51926fffdc228fe4d323d87c232456c14b88e4c2a9d2914cf9072aed1526
chr12:69585459:+,CCT2,G0145,development,05de1c0369e9cdadde273991cbd9741cc792054a1208f56b0d00c8134ab16231
chr12:74538918:+,ATXN7L3B,G0076,test,84384ef2b03737d2ad6d27e1086588e9aee02e9ff2db439191ee3fab56f11b82
chr12:74539298:+,ATXN7L3B,G0076,test,1d7484fc23595ad8d790f6440880ca4180bacf827548c58f6a01dc4064b154e2
chr12:74539327:+,ATXN7L3B,G0076,test,c3b9bea0c3a9af6fa4c41e75400cb4309d8d0755734952ca3c93de74aeea75c0
chr12:74539722:+,ATXN7L3B,G0076,test,57edcef86e8ae51fe1f32bda9565aca71874a748927ff55d5e3b5bb202e5972e
chr12:75499784:-,KRR1,G0516,development,566e320ab6a2bffa7531968d819b477c0d60faac0a11f1ccf8b765711dae7716
chr12:92143904:-,BTG1,G0098,development,deda196af6b1f4d92624945f274f66904775d8603066294d5d33a2a7a597d0ca
chr12:92144094:-,BTG1,G0098,development,91a87a859ffffb2806d3928d3e179863e4e14e71693d24358f715e8bf8c4b1aa
chr12:92144108:-,BTG1,G0098,development,89dfaa910dd2692402b3cae9506f54dd852e12cbee2f056ebc6dcdd88e5dcc54
chr12:93409963:-,UBE2N,G1135,development,fc8c4d5c5b799cdfc6f2c67612fe141c9a97a00690ebc18136e0ab4b2a4c4966
chr12:93411165:-,UBE2N,G1135,development,d4aacee4ba1a01c2613c5d290722aeef739b1f20cec209c03c4a0245f32f9252
chr12:93411179:-,UBE2N,G1135,development,25ebe107207ac501827835128624baa47a14e4e8060e4c64f31a35aba12426bb
chr12:93641382:-,LOC642969,G0529,test,6307cc2ecbbe167f66adfe34d32ec89070260b2218679bbe934eb986137f014f
chr12:95513813:+,METAP2,G0569,development,349ff0f4f155ca4ec7c517b66668858bc581c701ba46abc6853b40e5a14558c9
chr12:95513844:+,METAP2,G0569,development,58c655acf0b0791f7db928e7da00ef4f0a00c35237c2bb3e0cd72ff9cdfe4e4b
chr12:95513897:+,METAP2,G0569,development,71a50d31836ed0c8926f569b328d993720ea2dddcfb0ddb2f39429129c9a1d5d
chr12:95513905:+,METAP2,G0569,development,c0e3024de41bb8488f4fbf77639ed46cc9d27cf814e010f15ecf774089b5d419
chr12:95514004:+,METAP2,G0569,development,a28cb6e17eed5ebdb6e64d6b599a0e4922066cc9d2be7992fc585073655606e1
chr12:95514049:+,METAP2,G0569,development,756911ebe82c444f49796ebce6ff9a3b0ce43ffebd103c61a48b794fe148829f
chr12:95514097:+,METAP2,G0569,development,17ba805cf25bcf325ee78d6b809e7ef426bff2580c9e565a75f701ec1cfc43d8
chr12:95514111:+,METAP2,G0569,development,bb6c909e7f44f9bedc6be7da27d01c0a5570c2395339679166c0d6614f4b6fc0
chr12:98547904:+,TMPO,G1081,development,b721405da955d3d1ddb7bf73a07494822deed485dcbc5c0438802671d06feb4a
chr12:98547915:+,TMPO,G1081,development,f025a9c869753bd269b63bd843d505d18995b4e0b3a5fe36db359729cda9fea3
chr12:98547944:+,TMPO,G1081,development,68700fc1bac6e594c8b0964c66f920bfc58a1df0b49330cd1da76ef574908bb0
chr12:98548017:+,TMPO,G1081,development,8e8dfccb2b4313f65010db6981ca46cfc4e1c34b863a12e2ee0a30ef82840766
chr12:98548038:+,TMPO,G1081,development,6e29e1404a9d5f6d998e5004b8e911c9b8f6951fca06fd9121b72288c773d3a9
chr12:98548045:+,TMPO,G1081,development,9abf059269cda9a01fed6b78174fc40ff1793a58a8ef2dcb7789a8f3425ab0ba
chr12:98601549:+,SLC25A3,G0959,development,546c99ea7c93cded01850e7f728c03f98b737bd7682c77b630c53451419f7f93
chr12:98601593:+,SLC25A3,G0959,development,1c0a59c6ce76b5f5657058198c3efca3116cb494cfdea965078086fc58f84812
chr12:103934055:+,HSP90B1,G0476,development,6aac5e632efc3afc7d9235a6bdbffe643ba68d1c27fe2e9e7239733a68d6bba3
chr12:103934079:+,HSP90B1,G0476,development,35f76229b1983d60a2ccfd2b4460fe7b4dcf2abd82f0abcbd1c5da80546126f8
chr12:103947734:+,HSP90B1,G0476,development,0d6af6cf84cd5bcb18bdd99d0afed492faa0f657124f6962f999ed4c0365c9db
chr12:103947787:+,HSP90B1,G0476,development,96a196334fe8e32cb63841a93c941da01b81c7958d430cd41c07985ea6d00b0f
chr12:103988496:+,TDG,G1036,test,5f4fd7f5a42ddbd13064d5de471a5c24857ad8aa6c84a375543f48b646fa004e
chr12:103988566:+,TDG,G1036,test,06e27519378669eaca7a7f1101ee3ea4f8e84a181724dc592d591bba8b73ee2a
chr12:105371386:+,C12orf75,G0103,development,30076e43112ca7e1fcd45fbc0ebffcd0886399ae52e074b3bd52979e803dcee9
chr12:106239019:-,CKAP4,G0188,test,56f3c65b0d9840d796ea9073902cb6a870411c33b3c2e0fc5fdb4563fbb2f6eb
chr12:106239118:-,CKAP4,G0188,test,d697d092de8980e3998700ed626a6c57238710c23250a56b16f13068510709dc
chr12:106239160:-,CKAP4,G0188,test,6c042e3e566590e5dcdce345e4a88fbe80735036c7cb6e2ca093660fc32b0bbb
chr12:106239170:-,CKAP4,G0188,test,82276d73459e130abf9243d3e97400ea0f440f78b8b67a4aa83fc632e3c3343a
chr12:106239187:-,CKAP4,G0188,test,f1c48249dc9461db1197be7e73fa2db98bc943491eeb9210fdfc6be20fc0e60b
chr12:106239717:-,CKAP4,G0188,test,760e3255c5c74785ee597204c7ffd4e2ab16ca857b4d635c0967ea7cbca3810c
chr12:107712313:+,PWP1,G0809,development,49ce1b2488b5dfa31dc12c7452a156586055c73023b22ad78f82481bd30ab2af
chr12:107712335:+,PWP1,G0809,development,050afe9f27d80500fde154872766fd1263453ccad57b4a8cc54fb8bae29e2564
chr12:107712339:+,PWP1,G0809,development,67d343e3da59f7f97d7238150a3d13cd9b7a41a2e514573c297808cf86b09d1d
chr12:108645674:-,CORO1C,G0215,development,9db280d852764393c4426b67257f8229d3b2ad99efcf0bd44e8d920db7746dc8
chr12:108646829:-,CORO1C,G0215,development,65aa1f83795cfa2abf59dbcea850bf49e4febd89be7cd802308a1034c1a38432
chr12:108646897:-,CORO1C,G0215,development,b55c996e07dda8c3c7f7244446d3195980e51cddab73d2bc9aec644a2d8e5b3e
chr12:110720901:-,PPP1CC,G0772,test,bf1e896febc581afb8b6914507c8e8619fe0fbea4b5bd36c511c634923ec8383
chr12:110721012:-,PPP1CC,G0772,test,808ddb3ee394050a6f607838150b955e30a7fd7263bc83f13dbe2a153c2c470b
chr12:110721048:-,PPP1CC,G0772,test,6cc1af5d51e5ca9e2599ebb9af04a53124c2f9025063db014cbceaca6639d244
chr12:110730672:-,PPP1CC,G0772,test,5f5f2cb8693c084a1e6516a0034bc2662c92546bd954e05d1f8104f2e88ab1c2
chr12:112022198:+,ERP29,G0347,test,a5290be2471ea4112a3a898420fdd217d7f81280fa780b5a142627bcd521c54a
chr12:112022240:+,ERP29,G0347,test,0c02ea64b08f1db4f19960b5294c0b8ccb2119d81b416b0709a35d405a1ff4a6
chr12:112022446:+,ERP29,G0347,test,a715a2344917842e0d7217314fe3974be633d08de40f177ccad1d0553f0eded9
chr12:112022510:+,ERP29,G0347,test,7782ad366b6bdb5bb3d828e14b356f650bee117188b5cc2d4f2a9f5aafe2e855
chr12:112022611:+,ERP29,G0347,test,0ad1c61523e530292d1607f8ee0a99d2d64cbbdf3912211baed6633af69d440c
chr12:112022795:+,ERP29,G0347,test,1f2763448b7360b6370af030938eaef95f9636883fd5f44ed7e49e63681a6663
chr12:112405330:-,RPL6,G0880,development,4519d5d360878c015730015d1ddc629c7d75a84e3e92aa8536b05b6bdb436925
chr12:112505923:+,PTPN11,G0807,development,b45af15e84023e69414abb9bb13a15406ee64a26801c35da7b3f38db46735972
chr12:112505961:+,PTPN11,G0807,development,f67f5e73e5fcecb1b9888db91fbdc5c6e160f6dd2e4b8fa1089813c056511b2b
chr12:112506350:+,PTPN11,G0807,development,51585bc77b5df4decbeccf58608e9c5fbb3592b7b4ede67c63a71ca89a47f9c2
chr12:118032011:+,RFC5,G0842,test,74633338bb8a25ac8fdfeadaba9b946da3b058d6fcf6f3cbc23f994be5621adc
chr12:118032017:+,RFC5,G0842,test,07d6712710e76ac71a2fcafddcee835f5636ffff76bd7c827215613c915e239e
chr12:118144825:+,PEBP1,G0729,development,410018df7e31a65f66239f2a786854bc6849da65d7c14e5068518a130253a07b
chr12:120127542:-,GCN1,G0386,test,f4b0e41bf6cd5ca95d7b3d5b11c2ea85eff0f824fd6df9c945043c1b1759006a
chr12:120127561:-,GCN1,G0386,test,e7491ee84c5e018ffb4c8eb6b36c7d050348ec492c1759c87f166a6d0da760e6
chr12:120127721:-,GCN1,G0386,test,75d23dbd47153ace4b8650af089a458e8b40ad692352a17f091c249b324ae167
chr12:120440607:+,COX6A1,G0218,development,7c1206a7e4ee7845a646edb4d87021121e2fe8567a274c285fd28aed49c7a908
chr12:120440626:+,COX6A1,G0218,development,bc23fdc421ceab07cf1e3aa13cd87ca14d9bc033c5ac9ec249e4b5ce6cfcdd08
chr12:120444468:-,TRIAP1,G1100,development,d38446c62d2941df221a347876938bee0a069816b78591bfd280a6b5d29cbf1d
chr12:120444516:-,TRIAP1,G1100,development,e22fb0e5aa1e02adc10db18e648269b89c5149bb88d8ab58980c611884b12104
chr12:120444567:-,TRIAP1,G1100,development,6acc6480529e053363c4d1af77d09cd5ad522517c8067db50522ac9c81bb3d7f
chr12:120444649:-,TRIAP1,G1100,development,6268b66aed1f44956a1adb2f200ac0e33d08d82066dc2974b5de55b07b7db37e
chr12:120444667:-,TRIAP1,G1100,development,7bbdef1399abed31e7c364e22e14ba030427e35753faf6de3a94fc90989e7351
chr12:120444710:-,TRIAP1,G1100,development,0c47198070fac8c5b161ffde16a07701b3cfc82de142090a27fb8007d5957036
chr12:120444771:-,TRIAP1,G1100,development,fffe77f71259dbe1dfc3bfe158743021a1c84398800a9fce42907116708f4d7d
chr12:120444796:-,TRIAP1,G1100,development,874005f679e07a7429355951856d3906e3ccbd8bd2d247ed5b3267f018c1cc16
chr12:120444805:-,TRIAP1,G1100,development,65ee82b89a1b508aad8cb1a31ade0ca3d50aa304543c802cfa08df9c9cf71842
chr12:120444826:-,TRIAP1,G1100,development,633d03b92105effc083f1f55d812ebb4c02daf821a560932657114c0ebfb6c18
chr12:120444920:-,TRIAP1,G1100,development,2e6f22106eaa415a140a48d36fcb802c59741a9ec9b93e0d4d9cde59706b8278
chr12:120459992:+,GATC,G0384,development,8293a4f93c2d8bf2149be5544da1dcfdd42597cf7e49d3beaf1a640133c1184e
chr12:120460010:+,GATC,G0384,development,308a2bedb2453c8d4c41df54e4f2b9152dde7a76af7678277098953efb336006
chr12:120460108:+,GATC,G0384,development,c913df5b84259e64cad5fe6c4157c9d3b529e0e4afa64cff6a58d8b6fd66b9e5
chr12:120460286:+,GATC,G0384,development,93bb6e30a337becabfdbc0a238c71a78b16ecc2d36698a1fd93d3272a59d7467
chr12:120460303:+,GATC,G0384,development,1d5faed1852b90f794841fd7e2c8086b67b5295db124196a689255302799c535
chr12:120460398:+,GATC,G0384,development,3f550aa74fb156295b10fc60dcde3510b3236b836a71cda11843daec6eaaaff5
chr12:120460498:+,GATC,G0384,development,90ce0177dd6d7b86ac24e0bc10addc2e36e270d6775b51ee50b92ebe4cb8cfce
chr12:120460512:+,GATC,G0384,development,85c3af8d95be470b6d94a8a36c91e8a924be71272adc34a4a30a719e4ffb217d
chr12:120465711:-,SRSF9,G1003,development,02faea9e4f6c61551a08d64d5ebe3855279d1f583c3d2a2a9ce2ba31502c1d91
chr12:120498219:+,DYNLL1,G0296,development,64216397e4036f71d609d60f2f875714c9a81343bfe9c721eeca6bb0dcc6bb69
chr12:120498257:+,DYNLL1,G0296,development,79c679313d92cf586cbed99a29444cbe60674b6e1f37c1383c569ef37c161553
chr12:120498285:+,DYNLL1,G0296,development,f046b235e7756f86663bd558dbe00310fdf7160ff7333fd77f81de8a9ae220d7
chr12:120579161:-,POP5,G0763,development,396dc086ea52813ec2cd6918159310527eba388147ad0d8ff651f9b838554b25
chr12:120579194:-,POP5,G0763,development,b3f50ea3ef8f37fa5e9a0155ce79eea757ae5bdfe49d0528fd722ed3e6684cef
chr12:120696858:+,MLEC,G0578,development,81ea42161c5c83947087e07fe606502ea68abda029e30a5d4e6b1eddfc885bf7
chr12:120701374:+,MLEC,G0578,development,c2ff46a0fcc73e79ec38b4ae5ea7ec215c618d7954a1bc3e7b8909768d108ea7
chr12:120701673:+,MLEC,G0578,development,e186d48736527f47c6c99770d6aacac34fc9fe8ca3c1793cce4401089f5ed783
chr12:120722516:+,UNC119B,G1144,development,23bbd37af8a736b0930da9117fd9d78e81d17e2399d5494632ca1193a096b845
chr12:120723239:+,UNC119B,G1144,development,dfdebd7e1111d75554aef4415d80e1d981673c5ebc8675634d9d7f348761f8c1
chr12:120723408:+,UNC119B,G1144,development,846778dd7bf1982300a76af5f21663ec461ed6e9a97e9a448b1527d7b874ea2d
chr12:122769111:+,DENR,G0264,development,a99e1f8fdf350c5215dc9db705d8071b4d5149730e23c2544ef3fa39a37e9c68
chr12:122770682:+,DENR,G0264,development,e1caf3247ca27ff1b24464cdbc2d73bfa714f1a604e6b4dd1b4a389d96543383
chr12:123261131:-,CDK2AP1,G0162,development,efbb17e5025f1cee31ad40300a77de51410953a77bbfda0a2bb32e422736f4d4
chr12:123586916:+,TMED2,G1063,development,f505466986e308a9d9ba306e28b661998586e710d5f89ba22a591e296fa7a5b6
chr12:123596681:+,TMED2,G1063,development,78ec743eef57eeedaa33ecdbad8fb92ea4564375116fb3577be08f07f86b4696
chr12:123596825:+,TMED2,G1063,development,5eed5d63370d337c67af2bdd9da9a88601f868bb79f35e41392100edcc90264c
chr12:123621225:-,EIF2B1,G0318,development,fc70c8a9ffd7414b8cb5aa7d1196b592b99af08e542ba6d5fb9cf3b96fffce4c
chr12:123621237:-,EIF2B1,G0318,development,1a0c9b898c93108de02ccceff519f291179168d7b77ef662106857dd61b4d93b
chr12:123621309:-,EIF2B1,G0318,development,d8a4d3d4b857763c8bf5c6b07ff37d359ff1a5aacdd3b2e94334b2b01c45cc6e
chr12:123621342:-,EIF2B1,G0318,development,6bcb0abfb70ab325cebcaf5a96020a092031bc499e6861d540d15c3b43e59b05
chr12:123621422:-,EIF2B1,G0318,development,e683f66bdb3905ae401baef9c667f44b0d8f3d4ce91879663fcbeb91c1f5c34f
chr12:123621609:-,EIF2B1,G0318,development,bdd3edcdc28c96559647d55c55244a21bc12414e458b569643545e9b0c0ee9bf
chr12:123621633:-,EIF2B1,G0318,development,4d9609566765cb087015aeae6e3ac7357fa1b540a5b7ec9deeff03577c9c692d
chr12:123621669:-,EIF2B1,G0318,development,99459c4f96da1f8db8204718056e20e60c82d64c70dfc64be1b7c0973e5fa3a4
chr12:123621814:-,EIF2B1,G0318,development,118dfb4cdb43add4d984a7980edf69ddc0a4f9abbe714ba15d70577372dcea1d
chr12:123660948:+,GTF2H3,G0419,development,4bd59d03686b911516dd44a5b9707bc0ad17ce822243bc017cde8665e865f77f
chr12:123661175:+,GTF2H3,G0419,development,c3bda77d73e8691c7593e404192d651d9a76a2abd381e4b4ca5eebb2534a0ed8
chr12:124911789:-,UBC,G1128,development,53b0e3ea8aab370b3167fa18046ef16dac57d385f1955e3ae5293d2b054d587d
chr12:124911923:-,UBC,G1128,development,db3c36668e9bdc44cb4566d57c9b19498b6df09d41bc0660cf0217c4391d8c29
chr12:124912607:-,UBC,G1128,development,0c52fcf9b8bf4715fb0f155aae8b6b7d7f948761704f55a5fc2fcc8a832ef484
chr12:124912993:-,UBC,G1128,development,8de33f2aef05af91ecb7b9c39880663d5e7d4bac9135cef18a5f67ee682a2afb
chr12:124913291:-,UBC,G1128,development,54e3be351c8493beaea2651905a93947fc163d88410febb9b21fa7d0b4e4a36d
chr12:124913449:-,UBC,G1128,development,e81661b8ae3c935a42bf4f291bde30f6d455c1aa63842158628d82311be2a242
chr12:125025621:+,BRI3BP,G0091,test,26b2148069d0f1fdc36fed54f3a3f8bf2a93da488cc176870825c9cd8277746d
chr12:125025628:+,BRI3BP,G0091,test,818178a6525ba8cf9896881f6240d15a037abb6b6b00d88da76f1387a8b4070a
chr12:130876119:+,RAN,G0827,development,9bc5bff11c017d1651dce9ce21c5f428f098471e59d877334a087db88c2ad80a
chr12:130876175:+,RAN,G0827,development,ee3e4dfae8b28d55d5055ceee98bc9272daad13c55b61566e74c15136c094e5f
chr13:21177185:+,MRPL57,G0611,development,dc8ff7e2642cb7f4632c24400cb223594cb68450919281d79e89a262f634be74
chr13:21177289:+,MRPL57,G0611,development,612dda7eb90193f4812a2553a021959cb7244641e3f3845f092c7c85a6d02e48
chr13:21177297:+,MRPL57,G0611,development,c58bd34b2d6a66cd8f550e584ee215f903b4bcdc1e34eb5b7c31f7ee5f9faa29
chr13:21177327:+,MRPL57,G0611,development,2f42d5558701941929a805ab58c3a03701032af2369f1c3da287990380975056
chr13:27256551:+,RPL21,G0864,development,f98e6ac60442549fe46d0653fe3af9a7f1e6a06f4335f98b6f789fec89c7d37c
chr13:27435600:+,GTF3A,G0421,development,ff237206d02be7a536963ce68d7d7988bfd823363a1b0a28be73b3e0e62e03f4
chr13:27435622:+,GTF3A,G0421,development,5d4dff6d8826d61b48fd078420ca8e574bb5ea1586d4f7bf6253e8efd4b9929c
chr13:27622951:+,POLR1D,G0760,development,89316e51a377984cabeabd50db9a4a790e42b846912e163f394b0b896f51da1a
chr13:27622959:+,POLR1D,G0760,development,a209694d1d2c61c13780b38cc07295f4a459f97e507af96da54c9e16e58c49d3
chr13:27622969:+,POLR1D,G0760,development,4594decd702832c20dff707110e0bcc21377d0a3c2577679421f257f662374b1
chr13:27623104:+,POLR1D,G0760,development,c35c6e10adeb6a47159efb86d270ba70fe83fcdcf038e3aa08fb431b67ad498b
chr13:27623207:+,POLR1D,G0760,development,809bbe923cf9e54cc928f38ed0438a12182a8c0027671549964ffa98949090b3
chr13:27623275:+,POLR1D,G0760,development,52d3259b8f4332c55e1c958aa395186630e8469c6d32f8fa2a9234d53110eef7
chr13:29509982:-,SLC7A1,G0968,development,8daffb3df93a403721030ef0f691695a2fe2925b0c89377f988797951de35455
chr13:29510031:-,SLC7A1,G0968,development,a64d0e4f77a2bd39f8e00d03f8f58b951fc4148118ef57268f0eaf95df985831
chr13:29510225:-,SLC7A1,G0968,development,14db03ef0c7c627c454ab2857b6246dc2a12153d4cc1fd028b4b4dfcd4861847
chr13:29510344:-,SLC7A1,G0968,development,6938265c43600754d5b273fc28063b27bd5025996d5be8236a82a0a3841c7d83
chr13:29510397:-,SLC7A1,G0968,development,e661ba6173d58fa0fcfbe31dccc2bfa58fc13f05f0457900d4f1cd7709ab0d42
chr13:29510423:-,SLC7A1,G0968,development,5c9fced6cbe27f2aaf0a1e4645752186f3850ae5baa093c89572d01b3b12e79a
chr13:29510445:-,SLC7A1,G0968,development,ff4b0b6226876f6b597fa76c85d58afd06ebae8ca7288a37302a882fbae404aa
chr13:29510869:-,SLC7A1,G0968,development,ba211e2e4381e91bdd0e8bec0ee6fd50640ff7116edce925cefd0114640c053d
chr13:30460329:-,HMGB1,G0447,development,ba9de685b4e337cd719832e7b2a822b9b7f60ef46d1994ac7b6061bc3a68c67b
chr13:33836118:+,RFC3,G0841,test,6eca1bb61ae28253191c62bd4ae125e8cf9c44859d1818d25d2223f7539fa46e
chr13:33836139:+,RFC3,G0841,test,437f2595ab66cb99bb4f37c0cf70c81bff633338181ca8a5c81de0ca1ab45700
chr13:33836274:+,RFC3,G0841,test,f8c668e6251af3651e34b42ed7af7bdd25822105ececc4e8bb061f8b50639cd3
chr13:33836382:+,RFC3,G0841,test,88ecb92f4f502ca014360f1c618d17f5a5b8ff81701b9c5bf2d5ff95a9c3a4d2
chr13:33836504:+,RFC3,G0841,test,0467e08682e8427438a3e8b7cdee1aa2107effe0435c557de09c589356a3b124
chr13:41385035:-,TUBBP2,G1116,test,fb2847f6db3eeabb341ae244239882875319c96b31014002c346a2dcca90bd48
chr13:45283881:+,GTF2F2,G0418,development,61ef7e9b18ba72ba054808d99a2ee11c1a9378e4e33d680022a56dc3cc05f7db
chr13:45336990:-,TPT1,G1093,development,8302e40c486d698482942f192bbbad0e26e2d03ae7fe5c9125e18c7e8e93723a
chr13:45337046:-,TPT1,G1093,development,593587d58884014663f3b828c3ee7b0f47b49a8931432b2cd011540c6f7550c1
chr13:45337261:-,TPT1,G1093,development,d34a1c8195452ec21b9c634d26ba2822483a556f6daab2fb770a2be77ad8c31f
chr13:45337294:-,TPT1,G1093,development,d6d29ff5755ade217aee0104f4269dbb6efbd3738acdf53376a4042e60dc9f8f
chr13:45337310:-,TPT1,G1093,development,a84bd7b1f7d712e82a442675d562fdae08c52e28270c865dfa8a3939e0d8466c
chr13:45341212:-,TPT1,G1093,development,1b1708a5ce0f2fbee6206332bc1a235a37e68488231228a1fb6cc09feee49923
chr13:47943198:-,SUCLA2,G1014,development,58499ae732dbc37f7a01b66aece419c39a1de144b0be99e1d67720cadee7f37b
chr13:47943227:-,SUCLA2,G1014,development,9c991e92fdc52ca69ef82404c7704bcd4e2f35afde7b173b4810cbd476504f8a
chr13:48045715:+,NUDT15,G0693,development,b68698deeac5940445b103de95c56749123d4593226c1c28be7c6dd54894081a
chr13:49660967:-,EBPL,G0303,test,0ae03324cb5569b1defb45f4477c40585f02c84bbf78e640b170b5594ba2a381
chr13:49661046:-,EBPL,G0303,test,ae60e1386a1054b657af51cd86180a994b60daaad0f9ac2ca6b2a2f4041ded57
chr13:49701592:-,KPNA3,G0515,test,9c720765af8ac5b95bb45d99e75e7bf0976137557d75cfca1373cb8161d34e98
chr13:49701621:-,KPNA3,G0515,test,95e1b090e20b91946b6b2630e801161f513ae778688af907ce73629311291ee4
chr13:72759545:-,DIS3,G0273,development,ddbacf7d6cc7bc6d127d8d88d07bc1c2ef9009c3ce8f91f5fd661b5af8171786
chr13:72759645:-,DIS3,G0273,development,c9967765e3d4345be72b0aa28b6116b1654fe6d08a6b97408b02f2491206b9c3
chr13:72759652:-,DIS3,G0273,development,f3cf00a06c313966fb6d73598363786ee51532c7ec7d3cd024297a651ec05ff4
chr13:72759734:-,DIS3,G0273,development,6d046c184c747910061debde5b2d9b69b2fb46331b8cd5b6e02bc5870775aecc
chr13:75526542:-,COMMD6,G0204,development,fb07042379c4ee3f35e867e8cd2100f2dd59cd84796e2a42ff381a551cc09f8a
chr13:77000604:+,CLN5,G0190,development,2269433ca0b59126937131a71e8abda863c1f0b684b270b69a803bd4c247cd77
chr13:77000687:+,CLN5,G0190,development,c1cfa882ef1ebc70aea2118aa4fe44573578e0d91db9114b137b599aadbf1aea
chr13:77000739:+,CLN5,G0190,development,9ebaff819adc5bfa5bfc67ec62362c40add8046f9f6df8f5677ec3103794bf03
chr13:77001121:+,CLN5,G0190,development,3a54ad2ade83359f9eb66aeac8bc5766efbb3aa4207e82cc26a1c0e4d7acb558
chr13:77007569:-,FBXL3,G0362,development,b335e1d32380adbca905f76ae9a2473e72af9e242541f5a4ded94c663de1f876
chr13:79553700:+,NDFIP2,G0650,development,18d4bcc8187a0ed5f2bb9b5b9ba2b617512030547f5e54347c0bb5187a0a18c2
chr13:98021864:+,IPO5,G0499,development,de50b016f632125539b99092a811af6ee13de475cde6dd7469a8839a8301d43b
chr13:98022056:+,IPO5,G0499,development,d700682a36f9f4da1df2edef8b3ec9c2b4199786d1bb1964becc87101b8b0db8
chr13:98022160:+,IPO5,G0499,development,5f3f4d7ae223eb773fb5cb1d74a2e665bd2c17ef5b58863038c4c5e6f02124c5
chr13:98022299:+,IPO5,G0499,development,eae9d5b049f9cb68783a93d38636f3e5cddaa8c7261617203f612cfb9c263ac9
chr13:98022377:+,IPO5,G0499,development,4ac7da088570780f03446ef5eb00147ca1c1cf445f0fadd96de81edd37bb0400
chr13:106543546:-,ARGLU1,G0049,development,6c0094493b74395900a8b24340c37b21aec9a7fa1a50ef738aae0c56a86589ef
chr13:106543956:-,ARGLU1,G0049,development,73a22152293d2fdb9c4b181d652aab40874f38b4513ac3b906cc85adb64377af
chr13:106543988:-,ARGLU1,G0049,development,dd3df7ce6b2c2173336fc4172d8f09d68ce246d33b00b007b146383da50337f5
chr13:106544026:-,ARGLU1,G0049,development,d6a787fe78f06bedf0b4e03f995d40116f3ab3aeb80b75bf9b6ce11b7f5012e7
chr13:106567970:-,ARGLU1,G0049,development,b4c40ca8f7fa92a3e39c83889f7d14157d210243979c164b796a57801e51e3e2
chr13:113640417:+,TFDP1,G1040,development,f3d4ce89d6f13a9a8b8e87f7c225dc78118bb06315fbbbf11aa8d5c5fe39ab46
chr13:113640438:+,TFDP1,G1040,development,e9a258fc21627a799e035a90e674775b38a434cad46553a2197220248b4242b1
chr13:113640700:+,TFDP1,G1040,development,64751ba26f94bbb0c7b8ec43a7d658fb11d2ae07c7f119978e4bf3da0cfc3314
chr13:113640752:+,TFDP1,G1040,development,6a86e53fe2b5edbdee2d495cd804562c25c22b35745970699ad6a32e563bd886
chr13:113640848:+,TFDP1,G1040,development,c9b07693145469d7e0300b81a4810ab72615725e3024bb7a766ad26552313e03
chr13:113640977:+,TFDP1,G1040,development,e4311b1c69600488ae0e745f8dd15983e19dd98c7e61fcc9e6ce6e52354559ae
chr14:20457353:+,APEX1,G0040,development,71041b3be0d8bac45e51137be01003a48c53a4bad571263a9e5ca97c18c51153
chr14:20476427:+,PNP,G0756,test,d5ff159eefcb877a722de0a6bdc58168693c3e29a4513e04537cdee6fad58a7c
chr14:20476547:+,PNP,G0756,test,3c869565cf57ca7b62907dc582cf8b74e8781cc1a487d90f012dc115f57c2477
chr14:20476928:+,PNP,G0756,test,b92c343ef5fdfc8d831dc3b0a5c2c58891011989cf4fde5c5f009313cb5dd749
chr14:21351858:-,SUPT16H,G1017,development,7d1ed28b9bbf1be174a6fd4bc7ae284874de75a5c554924ffc6a4e4c04235591
chr14:21352495:-,SUPT16H,G1017,development,8392bc6d95e251cb0706949317fe27025a8b40aab9773f206a9c094b812162b5
chr14:21352529:-,SUPT16H,G1017,development,65c43797549cf6dd94a73f22f9f7ee5098b13652f6068f4715ca0453bd1c080d
chr14:21352603:-,SUPT16H,G1017,development,677b57c54335a9cf3073a3d0a0e14e7255d1374b90fcb89a06a4e001805c0392
chr14:21352665:-,SUPT16H,G1017,development,89bf0587625b2777a6845f34e8b05ca85efb5a0b46130877a97ba1f00f80d4b3
chr14:22575116:-,DAD1,G0247,development,09b047ae2e2e2bb2a4472aa55f652ec478c54c6f047ec23f78c8071b8cd7cfa9
chr14:22771622:+,OXA1L,G0708,development,0bb756fd76ab8fc99da93969c15eee09de1712322deb75a267a5f21d6dea5316
chr14:22771655:+,OXA1L,G0708,development,1ced7814bb42326df2c8838054f9cc220696274cc943c81998222f9151dae2cc
chr14:22771690:+,OXA1L,G0708,development,6fff40f256a1fd10b8666899a9fddfdd4a72b539e846bf5867e708530717d056
chr14:23026032:-,PSMB5,G0794,test,1c7f1853a380e14b743a2fb0cb4ebf6c5c2dea347a05fd0b0250aad1016cc292
chr14:23026051:-,PSMB5,G0794,test,415341291232f9b316bd888021d5e374c916fd6f9ac2cebceeeccef1e4290854
chr14:23026135:-,PSMB5,G0794,test,de60d40fe55246cd4298aab4d6f87976784814c58b378be6f3339e931455b245
chr14:23034822:-,PSMB5,G0794,test,7e6542d80af3a6670323609f4b45fbca775a320137ea473098113979b3e7ee7c
chr14:23034885:-,PSMB5,G0794,test,d92e7523f63e331fae6db83cc32af60eba5ca0126be8688b52396af8a257e20e
chr14:23097823:+,C14orf119,G0104,test,ae4f4aa90a055ab78e0f3db67f8bd53d367df4c60ee9c8d9ed81e7ab16c29197
chr14:23097837:+,C14orf119,G0104,test,2185491e1916bde3a3d43c548632b4e558a7fb553dda616aa9adba6026f1be80
chr14:23098077:+,C14orf119,G0104,test,2b3e71b3e92ab9448bbff78aa9b0932f1fd3178eb11f64772fcd4736bd6f50b7
chr14:23098127:+,C14orf119,G0104,test,ff01252f089883a5030491420f1e7b5ebcd1a446dbb7bf60b08abbd77167d71f
chr14:23098143:+,C14orf119,G0104,test,d9bd9e470417de1458cc69444d45a65f3f4e0d1f9b4c7482c9716dbd85820b82
chr14:23325418:+,BCL2L2-PABPN1,G0083,test,544cd8a645ce24a4c8038ecce00ca83c464eaabc86597dd8e88a3bfadffbb6f0
chr14:23325448:+,BCL2L2-PABPN1,G0083,test,ee1e7ac432448b44984f4884350de0b67a025b79020333b8967e027596acf6a1
chr14:23325462:+,BCL2L2-PABPN1,G0083,test,f7f11df83acb7c5eb035d4ea6845b3ab96d53f70e45214fcbc1b8d443965aaa9
chr14:23325538:+,BCL2L2-PABPN1,G0083,test,391f209ae7852633a56f6b91f6a7062705adba3036481f3b88319e6329b875d4
chr14:24217056:-,NEDD8,G0659,development,bf28feb7cd077b3d1b77e3e1fcd2cec4d7eec217ceb572d27bf20ae07fae89a7
chr14:24217123:-,NEDD8,G0659,development,c26648d80b59ae23655b7299e84dc465cfa2638e221b6d8c9f3046f1883e7f2a
chr14:24232348:-,NEDD8-MDP1,G0660,development,e1170b9fcc336bd356176cfd06ba395b4c197554575d94190537391e1d5c599f
chr14:34516103:-,EAPP,G0301,test,1cb0d8c1c5d2992829895d3166e568d5064793c7f637b33a7460b9f1e748e46a
chr14:34516258:-,EAPP,G0301,test,7da5c78e882edee48dcc53b8ecdbe956e8abc09679ccd213a137b9c02d935912
chr14:39181686:+,PNN,G0755,development,64314ed49b8fb4c8752b491ede3e56e71f61fbafa48fc66b5e13b6e9d1532af5
chr14:39181829:+,PNN,G0755,development,75079a09450e80acc33803f487ea6063af9453a6ef9a2c97ea771cc68225f7c1
chr14:39181850:+,PNN,G0755,development,29c89906f0dabfac1479da8b3f23df94832463d1f9ee8febe343fa5c86e36c0b
chr14:39181924:+,PNN,G0755,development,ae215ca420581a1309d842443b734e8e9d409e6e3d4e44a883dab27109ae3f22
chr14:39181960:+,PNN,G0755,development,ca3aa69215e282ded40b6ddfd537f0a4e0e5c8597d9a7d2cd4eb21e873e54d68
chr14:39181996:+,PNN,G0755,development,39fff6a0d52d26d5d09a5de77af012d26c5c1e146634aa6c4bdfa0134a8b64df
chr14:39182377:+,PNN,G0755,development,a1020c4403611f439b0f67253f86212a2ea6ee9b0c780cf128b58721479ebe90
chr14:45134386:-,FKBP3,G0370,development,ce31023061c1ea4ba7e54eee034eb5c3405a583857494b37be8eb68e1a46b412
chr14:45134467:-,FKBP3,G0370,development,e7cc05074aaeb14a7af3db3856ce4e55c715d92f3f3844d48a972007db42a925
chr14:49618783:-,RPL36AL,G0876,test,42577bf95b9a23274aa6064a2c12d65bab3a8be1f8189820db87e588b2a8d942
chr14:49618829:-,RPL36AL,G0876,test,786f0ed2f70f12521065f84261170fd0e98e31da433c956f09543e043cac9e5b
chr14:49619013:-,RPL36AL,G0876,test,dc971278f74e8c986385c8dd55c5f9696fe4fadfd49e9fb069aa73a5c52e5b31
chr14:49619035:-,RPL36AL,G0876,test,2cab2c508b053c9e2648890761226e240b93139258da3498e8b3dfa5c78186ed
chr14:49622496:+,MGAT2,G0573,development,76fd6450e398329bcb4e86273d3955d8448696c74cd50268ffa238c65b2591d7
chr14:49622575:+,MGAT2,G0573,development,8fc069844bb1b1020f4fbfbfc69ac264703443b78f816b151e96624a05cdc91e
chr14:49622582:+,MGAT2,G0573,development,1e1cb3eec04488881fd77a20a8a1fff3ed8203b83b5da2bf10d7c9b98c0e63bc
chr14:49893801:+,ARF6,G0048,development,533eee18c75012bd64617dcd17593533363d02c007416ea1f0c05a55a0420550
chr14:49893887:+,ARF6,G0048,development,a05f171f0845eb1553ba59641a2103a80a8b2cea9949e900907a91fdf586e33c
chr14:49893893:+,ARF6,G0048,development,a09fffe644b47856ba07c4ac689a932c5d4f7e3bec3d2654f96127127cb324ca
chr14:49893939:+,ARF6,G0048,development,65abb0cb40cfbf9eca2f0050277a69c098027964a4311bea4653cad4b4d19ef2
chr14:49893977:+,ARF6,G0048,development,6fc8adbc1da1866a9fae07ef337200a99c283a028b6676be63a0929045c6fdc5
chr14:49894002:+,ARF6,G0048,development,d83d65496b3429415d88fb5fc6c5870cef8bab3c5df8ce8e8561e6973a04f8bb
chr14:49894062:+,ARF6,G0048,development,168506990656251404ccd0d1757636409f7facd5604ec4c8bac20f9866862682
chr14:49894077:+,ARF6,G0048,development,b0b8ca3dac97275a1bf87088cd9b402fc800c47a1765cb4a859eba97706d47f4
chr14:49894110:+,ARF6,G0048,development,828e913ce75d8e017d0bc5546f8359d098558ecc17cfdf7f69a66fceee8c45b7
chr14:49894150:+,ARF6,G0048,development,e0c7e602a1361872cb5df3a5fd8c7932642ed2e11f6f5494d91d43d51e2f3e69
chr14:49894173:+,ARF6,G0048,development,aaadd791274b0716b78b5a1bb8a2d6856f8eee54a448d21687774ec4e97ce5fb
chr14:49894179:+,ARF6,G0048,development,b80df8ac451fe6747f8722a9a647aa85584f1474e9427bf0246642077e0bb9e8
chr14:49894215:+,ARF6,G0048,development,78f31f360b3cf925212a7fcff5caca2816ad2c66a2a67baed6f05ffb017dfed6
chr14:49894219:+,ARF6,G0048,development,c6cdf8a7c4c3961edd28ccd5abd5f332ea43931133c1ceff3e40733f01ca3f46
chr14:49894251:+,ARF6,G0048,development,faaf93fdf416e9c4a17bd8d7f54fa2c85af0642ad833c33a878d11e6943b3307
chr14:49894307:+,ARF6,G0048,development,1bbe44a56f1770789237b670a9066e7947189136b449a5bde522f3e8d94b50be
chr14:49894374:+,ARF6,G0048,development,16a5d985ea71bc4f081b092c0662f1ea9c0dfb225432694f75a51999d3511bca
chr14:49894519:+,ARF6,G0048,development,732bdd00a67248ba676360d7e552e6a5ac43692d46e8fb05900129ae520c9d75
chr14:49894546:+,ARF6,G0048,development,b41eaddcd3445c567c33286d15e8f11d7c81b3f6c7f3e68067d21e2b12736610
chr14:50905391:-,PYGL,G0812,test,dee2a4ca7ef64fbb32debf16b5e60a0f2783b1b115b84d7e1c545c7a3306c7f3
chr14:51254455:+,TMX1,G1082,development,c7bc1c4c657cd07f89fc80a57989c0ee8dd6b0f08a783cdf3bdf32765d9432fa
chr14:51254596:+,TMX1,G1082,development,58f17696c4cac685727c45507c168baf194387deb7df7068c78d6729d7c702bf
chr14:52004495:+,RTRAF,G0912,development,992114320aeba22dd80fb1326698951ed4febef3923012cebe95769390091b55
chr14:52004527:+,RTRAF,G0912,development,e3d31885b26d0a1ad11f49f71d49e5486053641199dcbdcc8ec89d9699039df2
chr14:52727601:+,PSMC6,G0797,development,c835a1584937eb294938e487affdcd63f2675641c073091bd01a33e5584fddd1
chr14:54427689:-,CNIH1,G0196,development,74130728dad23424cb31e62bd3dee900e486e902e4394175ce814d276021085f
chr14:55064639:+,MAPK1IP1L,G0551,development,7d1513fb2c492ef1477d563d4e6ef9018d6de9264f353d65f9850dca56034a1d
chr14:55064738:+,MAPK1IP1L,G0551,development,4ab419867581804a780e3a153b4810e9377169d615a2a55aa203110f29e494a5
chr14:55064741:+,MAPK1IP1L,G0551,development,c679e631111de3077c951df6d053cc43795b5dc0db114040067f451a4d7e87f7
chr14:67383505:+,EIF2S1,G0320,development,8ccf39dd7ac17737cf965cbe8713d13b151a623221afc4544da2f5dc731966c8
chr14:67383677:+,EIF2S1,G0320,development,119eb9c6d5d5816ccd18e45544108a077fa6d8476fdb4e17fceb32cffb7344cf
chr14:69398290:-,ERH,G0346,development,451e7c987ca1ce3c3f74f64669110477cc11853fb7de06ffce07fe54e89a5ed8
chr14:69398294:-,ERH,G0346,development,54304f339785ed9ba854a175323ac0e3996ee2abfb6637d4e1060ce4e14b1756
chr14:69771620:+,SRSF5,G1000,development,af3b34bbb560b396c7ed2ebec61b0b5fbd88a01d1050d31805f1f1ed03be281e
chr14:69771857:+,SRSF5,G1000,development,06f4ad2dd2b9f5de362f5468cace31240e6d6aaaed720eded446f6a92c777cc3
chr14:70326276:-,SYNJ2BP-COX16,G1025,development,ecda4f6c24e68b233a2e2e519671a3b61321b70da26edfe43dd22ebbf04ac010
chr14:73712001:-,PNMA1,G0754,development,3ef4e3bf2e42750093063d9850837acba633c8954227d4ffa353be42f3d1bfee
chr14:74495015:+,ISCA2,G0502,development,d7b520e791ff82a84e763e247133c2ffe5fe615a87d1bc660b03bc50f1076aad
chr14:74495051:+,ISCA2,G0502,development,33d3a9de8093ead88d88bef3f4d5aeced63332114d46e9cdcbcbbd671e757bf6
chr14:74902726:+,DLST,G0276,development,5fdd4e819cdf4a5c404d2b57026be97c715fc8192704c6b8a33a5ff097e0df55
chr14:74903373:+,DLST,G0276,development,fd091965f8c82730524c3f95f6feb428dd0c7b81889397d84b89b8f6702d9701
chr14:75009462:+,EIF2B2,G0319,test,e2539774cd0a4f914158a52b102ae456aea376574a7bae5c1bcb194eddf59fb5
chr14:75009468:+,EIF2B2,G0319,test,3a272044be4c1b85919516e28477359294bbd676b5422021d9faa7d096d828ef
chr14:75134559:-,TMED10,G1062,development,765b547430607b591c4ab8c586ba8613ef44c6180f62d06a98d00939fa1f0501
chr14:75134739:-,TMED10,G1062,development,112a0de4a22da32a96d84bf8c58142e48b1298dde3fb170b91f7eec8f01e40b7
chr14:75134763:-,TMED10,G1062,development,a31e0db43501c208c6e418e931ae75dc995019bb9ad48a74d9f85ccc775ff611
chr14:75134948:-,TMED10,G1062,development,f02b3f785baee786fc1e5d1d33c3e94065398842b4f3a637d17daa2927cd0efa
chr14:75595937:-,RPS24P2,G0894,development,e5bc2cd3593ad4536444c0689114854ccc139f38bb165c33e16f7f5f56f1e362
chr14:75595949:-,RPS24P2,G0894,development,0806ff5812c39b3c3467fc5e21ec23047181d53db490823b79d5132a7112612f
chr14:75651183:-,ERG28,G0345,test,b6227706f24b762ddad2b285b0d93039d2863b6ec8ddf4a9a55f01fa7da4d6fd
chr14:77469265:+,AHSA1,G0024,development,79b3207c502aeb167c126cedbe52a15f4ea3ac95e7e77cc71b796483d950a116
chr14:90272411:+,PSMC1,G0796,test,0d7bf75efe80a0b6dd3cffb0a0e92bf85f427b64c81d7bc1618e6c583749f84b
chr14:90404972:+,CALM1,G0121,development,9f5569d931ecd801db7a832e5c14b3ab3a0242d8054472f8ca5eadd0ac7a11b1
chr14:90405432:+,CALM1,G0121,development,8729f5d4c2d6d06e9c7faab1fb743dee819c9c6deb90940b854a342bde6b073d
chr14:90405496:+,CALM1,G0121,development,38f6bc90e05bfefd8db94e7b75f9e11bfe6f354b82742ed66976fab5c5006621
chr14:95543956:+,GLRX5,G0398,test,ce24d3880f63b6c14140b9e1e364d19e55363e01115893a0c99c25db13f8b9e7
chr14:95544310:+,GLRX5,G0398,test,e7db19ab725633bf4ae98b3ff98cba0d9f53783fea3067830df35e448eb81992
chr14:98973105:-,RPL3P4,G0872,development,7ab0e7e42b6422c13521a24f34e23a7771b402965a8e442bbf098d9a154a0d8d
chr14:100239600:+,YY1,G1191,development,3c27a6322da1249eb506b6e98d39f27d0a61db366d682d81203ad2ea11fcb46a
chr14:100239685:+,YY1,G1191,development,2dc295ca9a4ccef0aa72690d687138f49833267f5cda0b660afbcc1bdb0f7d3e
chr14:100277455:+,YY1,G1191,development,60f2a023674e0387651437b0fe01af378b2ef516efecfc08cc5cda4ed961d1af
chr14:100277730:+,YY1,G1191,development,c49329537a53c52dff3cdc3f7bb4c38c544fc08c7c99796d8c2a94ac27c1956b
chr14:100277782:+,YY1,G1191,development,85de90aaf02f1de06fa16acfc8fe5dc27b81b98af8400878f2813915882b6607
chr14:100277864:+,YY1,G1191,development,853ac0d0608c7383c808c9838e82d2700d0ddb80876bd0ac423335406ff6998c
chr14:100277875:+,YY1,G1191,development,3871207c75824aef2dd0e3e4199214fcf786e8cddb5137c2e0ee906ea633b361
chr14:100277890:+,YY1,G1191,development,68017f289aa2af2b9c7add5ca3a9cf20a66aa3b806cffdbf9a445398523f32f7
chr14:100277922:+,YY1,G1191,development,f89c3e7436b2fb9f373c5f863767f515e85326240b7192f9788610094a5ed89f
chr14:102082195:-,HSP90AA1,G0473,development,ab2c7d6b97cf4c99b8b32541f00cd566efdb7d6b0baf6ae0279900387448cc91
chr14:102082338:-,HSP90AA1,G0473,development,2f3f3af952e1f76df662567012de68d6f79d1dc0c611d6c953bd3da6a35c6719
chr14:102084547:-,HSP90AA1,G0473,development,8b9e55530c85cd5f744b225eed430b48b48fbb95d64c5847b44f4c9ca9ff00d1
chr14:102085944:-,HSP90AA1,G0473,development,df8a7dffe664c590871f80c41724cf39d6ae12c911686fd81a7c8722bce7741a
chr14:102086025:-,HSP90AA1,G0473,development,0bbaaa46023c05a54dee1044d3318d62ef48dcd47bbfeec8c5a49839af21f3da
chr14:103342368:+,EIF5,G0334,development,9f9dade673184bb67cf7e11e803dc84a9e4dd439c64405782027fca4c1b45aa3
chr14:103912503:-,ATP5MPL,G0066,development,d376c56f7cf86b452b890dece315ae0998a3c9cdbd6c1a64ded055ff54f63766
chr14:105011163:-,CDCA4,G0159,test,4dc28e25b9bab8a0298481996c13eb61124a53fbd92a00bceea37620005f7836
chr15:29269029:-,NSMCE3,G0688,test,d71a746505136aa421b3c6d62184a7b02fe5ab1c2bb2476d7295e00af215c35d
chr15:29269043:-,NSMCE3,G0688,test,efa2257b105cc8312c558940da6105a20ad81a42888a1d67dcf6ce21c6c1dbb4
chr15:34084244:-,EMC7,G0339,development,b2c82d75bdd61dace1a9b72f13b791e2a596bcce55222e80588480b1c293575b
chr15:34341898:-,NOP10,G0679,development,2f9dfff8a1839ec5b33db3e87f5f965a5d434b6f066a91049a611aac382f2fd4
chr15:34341956:-,NOP10,G0679,development,286ecb580a4cc495263f603cac653ee5cf02ae783dcc80d1c849afc4d23947c5
chr15:41332506:-,OIP5,G0705,development,1870cf8ef6126741ad49664ef7aa9806c7eb9dba6c6aa04c0167425adab589ee
chr15:43771249:+,PDIA3,G0724,development,2a1ddf1c6b1555e831299344fe0b1ef64cd7804f6362410f2d320c59ed6a40ca
chr15:43771285:+,PDIA3,G0724,development,2ae9d08c18d6680caac1bf4b03be5a21db049e7fc02129cfba239d1247c191d6
chr15:43792330:+,SERF2,G0938,development,8f994675b32143d3c7904b17760c67bf34c9cdb78ed6dfb761525019db85b9a0
chr15:43792354:+,SERF2,G0938,development,b9ca09f682181cca21c9d2e875778e73a9cb5e458f06082732b4e88ad54ee304
chr15:44715591:+,B2M,G0078,test,7905471b642b251c28ff5d724d89d765cec4b3fb6c6fcd503492186d2aafd2ec
chr15:44717731:+,B2M,G0078,test,e1427e4d2d5fb0e2130aa4d0c092a945ccab70862681c88453ce45ba029962af
chr15:48878451:+,EID1,G0312,development,d4aa16330ed1f492c512dc5d275ad000d4ae9cb2d58f8441e04e0ecd97dc53e1
chr15:48878466:+,EID1,G0312,development,5080943d596f6614dca12b2332f35d89b923487e607aa5945444e21d48a9b17b
chr15:48878487:+,EID1,G0312,development,2580bc60d7d172890e8365faae28503e55bebda398d85c212516c75b6d60be3d
chr15:48878588:+,EID1,G0312,development,dd8986d1bea04ec1eb05af892a4eb5eb5c6cea4dd03e6267dd85151735cdff67
chr15:48878707:+,EID1,G0312,development,838817dd6d3b6ef0c1ccab4ef35fed8bba83568273d99dcf3c7f6dff44542c59
chr15:48878766:+,EID1,G0312,development,402a903d318e6d961fe16fb3f64f4f54fb6eaf340ad0111a1179c01b1c15af8a
chr15:48878781:+,EID1,G0312,development,ea01b0ef764e114fcb2c306e0680e4fb56ef546341c28609d6e962c6efce809c
chr15:48878837:+,EID1,G0312,development,40797ba46270983de5528e67aed3d75f2818d551aeb2ca42c1fa1bab3675272b
chr15:48878873:+,EID1,G0312,development,ffac22f1e08d31732ce1cde3f77a54152d4544a0fe00d493b809da3dc34e0ea5
chr15:48878883:+,EID1,G0312,development,1b20799ad2e03be0d874f1c13ad960cbc550b15eeeb57977372fa2138dffc0d9
chr15:48878889:+,EID1,G0312,development,26482e7daa669dcd0256486cb95795781579682036c7b17f8d2eaa2482fed37a
chr15:48878970:+,EID1,G0312,development,7388978f53a7a220c7aa71ad487e815aeeff4b95966de243109534151aa0e92c
chr15:48878995:+,EID1,G0312,development,91a8fd2c099aae68abd027fa1d01ddbdc9effe8732fc40c4e2bb828d71e1f471
chr15:48879099:+,EID1,G0312,development,befa49dd436f1130586eff7d2f3baa6703d03d5a6ed2244e5381cb58311088a5
chr15:48879162:+,EID1,G0312,development,67e066402bf7a2872d97b881d59654e089666fd5295b57fd50faeadf28f99e68
chr15:48879186:+,EID1,G0312,development,7932aa441e19d3ff87ae1a7128680b2aa6e99e7c0c41585b20dc81c88ee718ac
chr15:48879579:+,EID1,G0312,development,f6fae02041d9aa8d1fda23d18a0a2b4317d931eb68f0d6efe3f8f10761a90872
chr15:48879660:+,EID1,G0312,development,6d14a7cd90ef6dbf5ff0c9b70a93340f6084004172f4e6beb4a86fd0a0d2fd0a
chr15:49126407:-,COPS2,G0210,development,fea115bc4ed670de0f4ff2611ddfcfd603f4ac84131b08b501dcaee0054840e7
chr15:49127534:-,COPS2,G0210,development,106f83bce2d350084aaf4164a2bb018d78468167c4c9acbf5731b73097dd0df1
chr15:49127716:-,COPS2,G0210,development,e3fc978ba20d043e3abbb42e4e04744b0c1a36a2a99fcadc7baf327acdd2bdeb
chr15:49127731:-,COPS2,G0210,development,57889d635d992e9af8563e904c4d3da9831f7a0dc4c769cd027a0d3415350bb9
chr15:49127739:-,COPS2,G0210,development,d81a8779f0a72fc2df2289f7a3153dc7b2f7773eabeed495d64b9c9e4ec1ff64
chr15:49127770:-,COPS2,G0210,development,7591d4429dba6129cd1421bb19c36f985f6dfb3a5c1749a6a3459d1888bf6ddf
chr15:49127809:-,COPS2,G0210,development,54c608da3b220750de7bfd3508291d1684eecd1331b73105680d72481f3baab7
chr15:49127929:-,COPS2,G0210,development,f3a5476084617ab07948ab33972ecfbc19246b04cef4f7d8f525f298f14495f4
chr15:49127943:-,COPS2,G0210,development,da5c0b1c66bfe8c8f365ae605f6bac3b57787b8fc209da10bd6e3895d3b1412c
chr15:49127959:-,COPS2,G0210,development,31a9a02db220b4d73471c8a8d56a14816f7ba3c7ea1a8bcd7b74437b12130d61
chr15:49128000:-,COPS2,G0210,development,ac824984e4fce249f3c51a1fad89313d25016b0c443bbad6859f0123d6ecc655
chr15:49128052:-,COPS2,G0210,development,90f0299725cb6d5d2a5ac3e08c02e13f7ddff22c866c10af48396a9a11eeb6ef
chr15:55181481:-,RSL24D1,G0908,development,4fb88a4e155c43f6ab1af06af89e92e82f5972ea21da766b5201b44ffec8d850
chr15:55181629:-,RSL24D1,G0908,development,a7e8c9c39e6ebde8fe5415d0a18492045b5638a63e12fb5d2648724fc30d76b4
chr15:55182094:-,RSL24D1,G0908,development,326457f22bcdce19163e9174c19a36ca13848d0c70217ffc231f4bedb7b2379f
chr15:59768792:+,RPS3AP6,G0896,development,08c289a824e202e4af3075b7e44b86b41becc395d360c999297c1be143d71a51
chr15:64156013:-,PPIB,G0766,development,eb5e8beac91cb13150744e8bcf45184b725e45f419194ca156ddd1c66a8b6e6f
chr15:64163019:-,PPIB,G0766,development,7c2e605fb6655ffab52bcb339134d3ee62e0e3134425444393424873026cac39
chr15:66499364:-,RPL4,G0878,development,0bd5342c57f086d1c4ef78fc611b5b0970524b34a30e3c7b2f2c3cfd19f6dcf6
chr15:66499406:-,RPL4,G0878,development,0aeac271398ec7e8624cea1d2b3347f285cb3d9ea5dd166e59f6fd100037cfec
chr15:66501025:-,RPL4,G0878,development,c110d47c95c44ff7d4c19c373f5a2dce07dbfa1da86cfe18840852452728678b
chr15:68207334:-,CLN6,G0191,test,52fa615416d988dd860d0593b2f6200183b2dd47459925bbda9f87512a8cfc1f
chr15:68290671:+,FEM1B,G0367,development,ca5a21830ee0fc80fb823aa3be59912bb9ac7bd8cd2822ab670cda4f72068a68
chr15:68291421:+,FEM1B,G0367,development,7f1e1d46c96de66184e080e434086c5a0cb16aa9f70aa1a4a8317ac4cef76644
chr15:68291940:+,FEM1B,G0367,development,587ce9120a7f5b9561dcbdd8bf03cc570617a420c2dbe9dafaa03ddf384e24ca
chr15:68293250:+,FEM1B,G0367,development,69fedab1c0600fc162977bc130f1755a36e41d374f4bd7c4a48373017fcf2ac5
chr15:68295495:+,FEM1B,G0367,development,7e6689bffeb84320b845b712d947d0e2fe6bd4d0fd526cfd6b628af79bc92aa3
chr15:68779109:-,ANP32A,G0033,development,fbd6145d638a4efcce8d8366a5fe4ce80d9b3695d64c567f8089b2e64116bdbc
chr15:68779467:-,ANP32A,G0033,development,8e61e6f1352ab660bdc56c70e091ab20629fb02447d3175c7196277bd67fba56
chr15:68780041:-,ANP32A,G0033,development,657524edd82996d6a8b15bd080f2872ad9ac6715173945a38d1f70b7c69b4b15
chr15:72199306:-,PKM,G0746,development,2b0529fbb5a9406479c672ed0299ca66f3bf446b91eee064be813508247776a9
chr15:72199402:-,PKM,G0746,development,4aa39eb72f6e410b16c8835d1b720a63952e2aaf661bfcbc241070dd2ca27a68
chr15:72199532:-,PKM,G0746,development,becb43150883a10ac990274d45c1f91099364ed23dcf5b5f681eebf19aae3ea0
chr15:72199570:-,PKM,G0746,development,b3f5334ef402fbb0ce4dcf7a18f1f7cc7c8fe2361da5779a5818de046e62fae6
chr15:72231201:-,PKM,G0746,development,cfb87b8cc1c5d9ab080207497627f9bf7b4906059893137bc187404374a4f88e
chr15:72231211:-,PKM,G0746,development,06bd7a3681b4171c4043f654a84ea4fb78d0735fe8f157ad3be67bf9504c5618
chr15:75639260:-,IMP3,G0495,development,2ff1ed348f616d63e0c26f962ae19f985ac732ebe7838544bc358fbf3f53f131
chr15:75639306:-,IMP3,G0495,development,824fc8f1dbe8bbb0d74382975c780e28586d478e6557d04db912f21bb13a6b38
chr15:75639328:-,IMP3,G0495,development,4f0c8c14cf487c2050d3967164c928e8abe7750a127c2442869fbc251c0474c6
chr15:75639371:-,IMP3,G0495,development,5d545e4bf7bfbc3436cfaf5e3212e473ada26ae317641d173f80f371da8de20c
chr15:75639384:-,IMP3,G0495,development,4530dd75815d2633a1e9f745780c47bf868d5286f1a9af5263f03d4d249bb5c7
chr15:75639399:-,IMP3,G0495,development,d6655990a0e1b7a524a4cd65194e3770a116a496ce265ece7305d6ae4ae1a049
chr15:75639417:-,IMP3,G0495,development,487457a4a15643558694b0aeb7cffa6e5bb9ff5abcbdf85d5c9004608b5edacf
chr15:75639423:-,IMP3,G0495,development,4a5fe0be3b5d9ac18fb644d5482eea681b96f9f8a344c972e7b036318a69f502
chr15:75639518:-,IMP3,G0495,development,1b42f3426306d4138a15408e1a520202c02a33ecb54e324a1210831f53be6a5b
chr15:75639571:-,IMP3,G0495,development,e683558b38e341beb54f716b43dcc8cd34f205a350168d8b61553de6a3365cfc
chr15:75639684:-,IMP3,G0495,development,e3d21e8ed88f9f3d3058dabbd6fb69cff8546b7f1cf21ad688c71161d966b997
chr15:75639702:-,IMP3,G0495,development,7d6ec0f3a06db89130d6d6377675e7f691189dae362e383095f9578c6346c864
chr15:75639927:-,IMP3,G0495,development,6e339683fda611fa35baebbf6d6580749ec801b75efd9ec384927d048045baa7
chr15:75640038:-,IMP3,G0495,development,9306697fcbc805a36e4c5bab5b0ba2c532748df35a493949614aa6a733c519ed
chr15:75640119:-,IMP3,G0495,development,7f34a0aee9577e8e68c916867f0dd17879c6a759ce6b208460281487050bd01a
chr15:75932791:+,FBXO22,G0363,development,6173c442bb78163c42f3ee5f26904e30634f700ad6ed57d7ca42b461f1fe5f57
chr15:75933005:+,FBXO22,G0363,development,e0aa1489e872c61258483fbe6e5f01a91f6d738e31040c2fcdc94cf4641dd853
chr15:76932443:+,RCN2,G0840,development,5195ff342370e76687bd79d1a85e8fc0763708579208b104fabd190e9edb605e
chr15:76949146:+,RCN2,G0840,development,c95876d1c90ae56223aa981caf066911990c28d726d47ec66bbb5eda9347ea01
chr15:77046267:-,TSPAN3,G1106,development,666fe7663b079d8dbcb0bb8c445e3231c2a957b9a4d4d7d8d690f60a1215bb17
chr15:77046510:-,TSPAN3,G1106,development,b818113be98bac21a6940c621fd1464f032f43f94f7c06c1997c2d0773ae7728
chr15:77046604:-,TSPAN3,G1106,development,fe163c15d86ce29fbbfa29222532b0d2e80bafb616383185f0b90b72c6d5d0d6
chr15:77046716:-,TSPAN3,G1106,development,e7450f7044992600f408d034f6325e48ef69e755e2b09c83d413ccf80490a640
chr15:78549055:+,PSMA4,G0790,development,8bda9d5089da5d2ff4fbe32dfe9586c2e59903ccf3ef8d12cbf9e868820b5d18
chr15:78549135:+,PSMA4,G0790,development,12fdd7327244134518239912dd452d550b17845c8157d372211bfd6f038fe7cd
chr15:78897292:+,MORF4L1,G0581,development,8239a85db50c1dc052b3b4e3e8342712ffae85ae831839b517491c62d8eb641b
chr15:79322443:+,TMED3,G1064,test,89e196520bf4c7603668916e6488c3e7ca09a07dd09fd8ea322b43b08420dab2
chr15:79322486:+,TMED3,G1064,test,685f28a148c1fc440968531c9edfbef6bb74ccf51ada98b649d70b7f5f5c2584
chr15:79322744:+,TMED3,G1064,test,26284e9f556171bcd778aebb7dc92f9fe937c7c52a6f540ab5333317e6d57fcc
chr15:79845387:-,ST20-MTHFS,G1007,development,0bd6e33d3c683d67355e9a2538089f3b7d8668c4f40bbbb2885e99e36eb8e241
chr15:80978607:-,MESD,G0568,development,2ff5ce26a276bc1bfce0c0430e3bb0d8cb0994d946a38e57f2d6fc284fbd543d
chr15:80978747:-,MESD,G0568,development,daa275cd91edf7c599fa9ad9fcdd94a5343b76a702776baf24fa973fce5afdbf
chr15:80978818:-,MESD,G0568,development,67ed828069b10447964ec142124d9794929a2eabc19dd6304050fb81b416b298
chr15:80978825:-,MESD,G0568,development,132371a27c362d1d8e1b7a200d6bf39f41c472f0e3014378d7c7c573dc772ea1
chr15:80978833:-,MESD,G0568,development,1134a7c06914db075dcc3ef81d7590b0ca7096b0f73876545ab13f7ec2759df6
chr15:80978959:-,MESD,G0568,development,bf5189b2bddd1efea661267910e048774cc807ae2f258fad1184a1c403984522
chr15:80979008:-,MESD,G0568,development,baf6bbb7dd2777e74991c9319f2979483fa99e733cfd5603f1ff161a21689cb5
chr15:80979033:-,MESD,G0568,development,270ac1099377c6695dd6e0388ae67665494d17d34de2082663b8c773c806f629
chr15:80979060:-,MESD,G0568,development,08d50618e8b6fef1191cac7461ba7e9215ef273e405ef773dc905f9867060c95
chr15:80982059:-,MESD,G0568,development,cd5e8e64f952e82925ab7cb00490544b81ee168b8811f90decd423c3ba0e1f55
chr15:82989962:+,RAMAC,G0826,development,fa83b3e52b219566c23a4e1fcef027dc8f28e5880497871cbf6c545adf2e5073
chr15:82990025:+,RAMAC,G0826,development,56fbcb892051a78759b909d356df6b11efcf714171eac7971b303a190ef58d43
chr15:83017179:-,BTBD1,G0095,development,42c9b2104b91107b7e0d1d9d0033af08e9f3e98d4eeaf077ee3f86ea0fbe9357
chr15:83017188:-,BTBD1,G0095,development,3baf6428dbc1985d44144e72e8c0f1388ef553c79f73aeb07a086374ffd1b981
chr15:83017200:-,BTBD1,G0095,development,896e545a9048dd499c0ceed9ea73125c454fdef9053bd31abcf65796ce1f033d
chr15:83017367:-,BTBD1,G0095,development,36a798e4da40aa03519f0fb787981df3e8634f1a6d92327e4f23aea3df1977fb
chr15:83018097:-,BTBD1,G0095,development,da4b69ac5769025a0a338ca3907828aad64995634b0fad2ce641866e1c602de0
chr15:84669674:-,SEC11A,G0928,test,7d99dfa6b19d0afdd77e2209f2a97f67bd318e909d3dc632d6e86365845d47e9
chr15:84669820:-,SEC11A,G0928,test,53eb1a0866a14b74a2da16b6f099b60bf5f8f11fbb1f2d8a79d8a91de60002a1
chr15:88459593:-,MRPL46,G0607,test,1a39bcd397bb403feb73899dfa605ca1c600ec0804a70e3f598fb195a33f8a25
chr15:90271463:+,NGRN,G0664,development,fd51361f6f3db5b0c90c02c5c4e94ff40c8221cdb1414ccb8da7f03226ca7b8f
chr15:90271502:+,NGRN,G0664,development,698cf7e0d76b0418f61dd6774f474b64a9230e05f2f90d0361fceb7bfbbf3c97
chr15:90271513:+,NGRN,G0664,development,00f2d7d3fbd572cb08de026e841617937e0c70c9e558c8808614b26f3b8e8593
chr15:90271559:+,NGRN,G0664,development,f846368e7381920239581f3db9a81c321ae85d91e3d6950cabee3b9efb069852
chr15:90271853:+,NGRN,G0664,development,73e97bedc8152aca70b6fd119b90b16b63b22d6e86c15e853cbc9a30d0048a9e
chr15:90271914:+,NGRN,G0664,development,4cd171e233369c2975c51f83988d874f2ff2533c2c11fac34b7aeb979ba0a7b6
chr15:90271949:+,NGRN,G0664,development,c7bd0ce213cce4e4d3d1e32d039f13a12969a3beeef6c2eaad682b0dc5f10bc9
chr15:90271976:+,NGRN,G0664,development,8121ccbfc032ed77a2914cf7afba4064a6d772be06d16f641e4cf532d2b56ddc
chr15:90271986:+,NGRN,G0664,development,c768b83dd2a000d393bca7419693328abfaca4ae4804224945140afb14a66c20
chr15:90271995:+,NGRN,G0664,development,a73df848daff4c66c09ccc09ecacb593a6433a4169dc6aca9cb7a9c80088c995
chr15:90272141:+,NGRN,G0664,development,cf9ac59a6ee2f1155e8c7a5dabeaa8af4dc0754bfbb1f002c0ea3807e6ad73ad
chr15:90272158:+,NGRN,G0664,development,127cfb366b63ba83a3a3d672631d7d34d51092a347955a39624186328c61a250
chr16:400537:+,NME4,G0672,development,6b874f8346cbccc313c20e502a6f0213b1d164f17a11e1a620d93646d067d6ea
chr16:400565:+,NME4,G0672,development,70310e670a89445a0ba118eb989f0598ef87fbd25403118fb0550ef045837b56
chr16:1699857:+,JPT2,G0505,test,cdb51176086568c723cb90b24eed106777998457258820094e0a653aec2d6f9f
chr16:1770409:-,NME3,G0671,test,cfcc3db0249a711a97eda542d61dcd102d46eb05034ba48fbef79b7bf4a0571d
chr16:1772174:-,MRPS34,G0625,test,0be8c9225ebd9f45950b8068f1ec8cd407e962c740fd23e19d251d40751f21fe
chr16:1772211:-,MRPS34,G0625,test,4448e3e70657f2c65c565c8329245cb4bf5e86db2ad626f3e3c5126fc7c5187c
chr16:1772281:-,MRPS34,G0625,test,44b38c16dfe2e1d53e0726a08435149803e79b5832f0c5250b7783ff83488830
chr16:1828483:+,FAHD1,G0352,test,8f9537d16153a54ad50b75862fb7b45bff49b917e9aad8511d219bbfc410d86b
chr16:1828532:+,FAHD1,G0352,test,620f85d42d47284dcc3de5c7bf2d034e480c1fd261f60867cc1ec71ac31de349
chr16:1938365:-,MSRB1,G0630,development,ad058b7addb7a5bafcb218dbcef71abb2026b1580c2ac1406315742f4b21141d
chr16:1938832:-,MSRB1,G0630,development,26e68af974bacc2be428e1d8b3bffc2b02a2c624fe09b7c9f3238a8c40cc4e1f
chr16:1938900:-,MSRB1,G0630,development,2bd8cca29ecf3c4ac8e37f9e9c473d4196a267539bfdef70e57bb2463ca03509
chr16:1938934:-,MSRB1,G0630,development,6e3ebc23813d04cfa4cc37a8b6b3aa7379aa4e8ca61ad1ae9be4c20785a21c0d
chr16:2176885:+,TRAF7,G1097,test,a86abf6359a88d1cf7d42e9628569cb3d69eb41a49a5ef7591f44082a8b14e62
chr16:2213765:-,PGP,G0739,test,86c660ace6e4d024b09a851236e5268694b81675d3feb7bc8a4c79cbaf356b0b
chr16:2213777:-,PGP,G0739,test,782409b7b4f772abc465164b469f32a38997263dc79e8fca73717e148e3c1266
chr16:2213807:-,PGP,G0739,test,f0df8e6d2b60c3a1c2986b4fac9f83afdde4d5aeda050d02595730db3ac28935
chr16:2213900:-,PGP,G0739,test,8b723d5d12896f71cc32abec8b30b8d49ad2d19ee51444076f71ec371d478cc8
chr16:2213906:-,PGP,G0739,test,527295ab9be9b37f15d34fb204095c722e3f1d58c599c78c1ac820dc10d60b6f
chr16:2214176:-,PGP,G0739,test,5198be7fb66b9056cb587e0bd844d2f8e2e68175804a1173bd5c791a3bb74062
chr16:2214692:-,PGP,G0739,test,83e85f869c072e2ce61cf4becf2d5bc63a06200cfd7bc570f96008046e7bf53c
chr16:2763705:+,SRRM2,G0995,development,bf00e0ab3d5335aa566a3dcd8b7309478c55ead0dacbac45ed76efbea330a5ad
chr16:2764305:+,SRRM2,G0995,development,d661ee4862192fbbda14039ed4628a5c55456cc580323e43d7fae74a9160ee43
chr16:2764375:+,SRRM2,G0995,development,53ace19953155eece50177c28004f618e148b60423571bb642f77fe8878d2059
chr16:2764476:+,SRRM2,G0995,development,7b04a1705d67e79ab471fbb12a41145d3361e0daf51305948d86096cf52a33f9
chr16:2764599:+,SRRM2,G0995,development,ed6b8bead28599b7f508528394abaf4f9ef365b93cd0b12fa3c0af28e7316147
chr16:2764866:+,SRRM2,G0995,development,b594616a4f9f178761a5c72bc1a8af781e9e078f4b41ad52ec1a67562d95d6f9
chr16:2766838:+,SRRM2,G0995,development,cf719bab1a4eba843a2ea5f7a9a35a889b986e2e56fdf7fd252bef0fe37ea986
chr16:2767036:+,SRRM2,G0995,development,d7a9979adecc54307ae84b9f132a3932143b39edffd6780e8b5f28d772835552
chr16:2767301:+,SRRM2,G0995,development,2cfd4876d78ab8001cf4fcf759c68728984dc794af683dffec5bcda71a7f5b2b
chr16:2767334:+,SRRM2,G0995,development,d03f04999e774df73f2863b97beec8e939305d7caf13484d6316dc5fafbece37
chr16:2767351:+,SRRM2,G0995,development,03cdc5d4062160d9422a01a3f987359cd34879afc556f49237b3a1be4d78571e
chr16:2767376:+,SRRM2,G0995,development,182291a2b333ef9ba9f059b29c1804e482a9dbb5757a7330c235f7d671b59a18
chr16:2767415:+,SRRM2,G0995,development,0f09a1596d97240eccb95bfa909a5a9152c5587405e5f455f185a75cafbd49a3
chr16:2767432:+,SRRM2,G0995,development,1c47ecaae03df51b98bfaa29e8932000a1e9f50ed940dc847bd5ffafa535fe00
chr16:11837390:-,RSL1D1,G0907,test,4af98bfb09d8db4e2ffd1338270437cff6ba61a31a9340ccaea1876508bccd05
chr16:11837447:-,RSL1D1,G0907,test,d40b80b4692704b907a942c8a4acca0affc32ff0dc818bd2f5fb32e4b7948096
chr16:11837497:-,RSL1D1,G0907,test,e78388938a0ac876b21e2de27dd16b07832d58b91a8f8818fe9110d555b110ed
chr16:11837614:-,RSL1D1,G0907,test,4150532d638dc84f1826261c9938d9331e9c83ae82c68394f3f07d2b8b324832
chr16:11837672:-,RSL1D1,G0907,test,f492f4b4d1da99c437ba246b100483a37fcafb63850b3b00c9060737a52cc3a4
chr16:11837681:-,RSL1D1,G0907,test,55383a028ed033950c20ec4e58d4931f69027a3ed650a0419337d16494c784dc
chr16:11837900:-,RSL1D1,G0907,test,fc663896c3645ddad99736cbc90be2e9d1e3af5ac33ecf93d67e2d047f8e8c0a
chr16:11837904:-,RSL1D1,G0907,test,4b957bc6b1187fa8a60c8050f8f5518de3f97f9e56a1281cfba6e2198b1ad6f2
chr16:11872844:-,GSPT1,G0415,development,ab2a7b5b55eef11f2b6951613639be28dcf01a9937f0ca89fd990ab0c310f327
chr16:11872877:-,GSPT1,G0415,development,53376235d39faaeaad6a65c0fb48e34c0cc3dbcee8db895295869229f568f361
chr16:11872892:-,GSPT1,G0415,development,9956b76eccbc51e40b9fe04816399c7e99a97c491aaa9b2b2bc8019458f4ded9
chr16:18782969:-,RPS15A,G0889,development,d7f962e3da6a093031bfb30a0d2fb92194a20f6e348e7b5eeada7643844b4882
chr16:18792825:-,ARL6IP1,G0050,test,69e1d381f197cf7f5e8fe26e09fda10989870161751e3795f72fa7dd34eacdee
chr16:18793034:-,ARL6IP1,G0050,test,e2301784b6ff4a8b874ccfb63a6599caa938f96aead59ee72b5f0759f4b686e5
chr16:21655351:+,METTL9,G0570,development,12df1f7082816851be2b24ca97af0b76cb85952f980f00aa06b283a86bd64145
chr16:21655386:+,METTL9,G0570,development,cda0850250d654512f65613f7edfb70300e41ae12c994e729d615a497d437132
chr16:21655617:+,METTL9,G0570,development,72e0f2305d30b31a79592ae2a148f0e62cf6f74fa954df2e46ba2b6bbd0317e8
chr16:21655639:+,METTL9,G0570,development,bf14805e02bb5a59aae32a9c1823f248098318b9e0d65bc9b35f2d23f7a07420
chr16:21655732:+,METTL9,G0570,development,51639171218aa8a644dffc4e783b6a5bafd01d21b395bd560549f06f1bc18d5c
chr16:21655783:+,METTL9,G0570,development,66f332cfe32b83dd5325e7be53c11a5c961802b6a03993e06d65618084b23f80
chr16:21655797:+,METTL9,G0570,development,c04264de119ad0453c15f738b11bd3a0266ef46b407d6bde639e90060c71bd4f
chr16:21983144:+,UQCRC2,G1147,development,d447945f97f772119dfe030f8f4c4aa93a43a7c633a57a60eddd43d55c156e80
chr16:23690014:+,PLK1,G0748,development,017d13793c1426b330fbf7a0d9f2fb94876240eee8ed45882b6076398a5c9277
chr16:28842855:-,TUFM,G1118,development,517d7be67524d5e52c2788e9719f6ae15ef556a098c3afaa66819c5c99a49ed4
chr16:28843046:-,TUFM,G1118,development,130a18bc7c5bc162e273af8ffa38313336ee854b7117a914dc8976c7c837f241
chr16:29807387:+,MAZ,G0556,test,5b45377484713088076ad60697ad301462f50f466df1cc8352bcd278ea8fb3ba
chr16:29807744:+,MAZ,G0556,test,70f29ad7ed2fbde250419fd591d2dee9166e203e2aff8b3924db1c32d06adbd7
chr16:29816330:+,PAGR1,G0712,development,36ea7ea2ae2a16755150120fa0353cd6cdd73a19e7444f566d5a55dcad1199fc
chr16:29816363:+,PAGR1,G0712,development,d26149e76be3feaec208932aac27169236eb03dcb54281c1f40398ce2ed37199
chr16:29816484:+,PAGR1,G0712,development,cd06b2e1d474d4a84728747c890b1b5ddd2c320c187a0ea2a25823d942a69985
chr16:29816773:+,PAGR1,G0712,development,12e3eb973bf44365f3dbac157337ebc1cca5671617df68f9640c643711cf2a53
chr16:29816782:+,PAGR1,G0712,development,115304a2577163836a8352583b044bbcbfd5c4e87e2a7ca05096767fc92be4ce
chr16:29816876:+,PAGR1,G0712,development,f4914d669a00b59d0ad652bda8bb2ca9304c0c4fece5d3307744aa5f185792f6
chr16:29819660:+,PAGR1,G0712,development,0ce9e3f61b21949260d7e2c45734f2c2da4471bcd57e4a237dfea8c87e8ffb4e
chr16:29819675:+,PAGR1,G0712,development,8e53f4015066321ad9893f5e0c7cdac8f168e48963af1b82d90b009e974863f3
chr16:29819750:+,PAGR1,G0712,development,5d3626db4ef37a1119072388ac586a61de4142e7609cdaabd86d3045d733f3d8
chr16:29819827:+,PAGR1,G0712,development,cab41fe679f37d2d37b755226d15083279127705124d342fb8128d4fac9613d1
chr16:29819837:+,PAGR1,G0712,development,0f7f3d1b33be1a33f4d4367f3b4024d9381ef41631cc945acba3a4850092c622
chr16:29820066:+,PAGR1,G0712,development,bdfdc49566d340e434ce1581d43fcd892e37c7a0551a62b8983b90b33dc8a2a0
chr16:30085202:+,PPP4C,G0779,development,68d8d95fd345811a9b830421349d60cc1600b2ee56417f31c922a1eee50d214c
chr16:30352847:-,CD2BP2,G0150,test,e3491e27dfa4e4cd781d1c542eeb52a2f6cce9e6cf33edc64a96a18ff7acf5c9
chr16:30352944:-,CD2BP2,G0150,test,c8a1f2054a531b6909326c0f315b42212fe8ae023d6b67f0a81f5976f430388e
chr16:30424210:-,DCTPP1,G0250,development,856ff6dfe6e4bc9f3b18398d4f44f3a77fbcb73dda8511c74810de27777af87d
chr16:30424217:-,DCTPP1,G0250,development,91be76053ef3175fc1f37bd464fe613fe843f5746273597a73fea8b0725c3b97
chr16:30424270:-,DCTPP1,G0250,development,038d5a1a43e1739dcfda7ea6535373c82658a737e4d59932dfe00f523d98a83a
chr16:30424378:-,DCTPP1,G0250,development,73ff68584b0f679f47ccd822b972f71602a0f849bafa87169887fa0882fbd609
chr16:30443773:-,SEPHS2,G0935,development,5406e9d3ccf63a2437725388ce6787f4a92623769e3bd62f42ac21e66076727e
chr16:30443819:-,SEPHS2,G0935,development,581cadbb3436c94b32f09ebfb0289150ae13879a3e8d23b106decd5c1d143250
chr16:30443834:-,SEPHS2,G0935,development,af4627bbc195e2b91a2fdfc770334679c69e7a741996e18d49fecc3059be838e
chr16:30443848:-,SEPHS2,G0935,development,2ef70425d7a98dabcc7aa1413511ef532d8096760817bde3859e6091d529ac3c
chr16:30443874:-,SEPHS2,G0935,development,a811f4e2cb15d4c5d440fca30c63c27264ed4b4921c0bb2d8002ad37de0f8e7a
chr16:30443895:-,SEPHS2,G0935,development,072c3e3f5db8df3d64fafc708fa85c08100a7875ee4e062d83cdbb9dd454d9cd
chr16:30444089:-,SEPHS2,G0935,development,e66879a0f0fe4fb8b45fe81f0058a2a62372346af8774aabb01136325a0e5a9e
chr16:30444188:-,SEPHS2,G0935,development,57eac697dfe2c1baae43018a21ee760dd7f833c30be168ce6b40e88ce8e3c590
chr16:30444197:-,SEPHS2,G0935,development,b457c1af86f3fd7d2b5f500ec5ba3505ceb4a7d53484c1907ba2d3e66c42de42
chr16:30444356:-,SEPHS2,G0935,development,54dacaca4b574ef23d65c9855097de21ab8a0e15cd687989621c4281e0971dfe
chr16:30444371:-,SEPHS2,G0935,development,94d7b0f91e338b1165f2a333ec8186d764288cd2e4cd695850f1d5f349d45e47
chr16:30444415:-,SEPHS2,G0935,development,a56af88e4f252f1ea170078b895831cb964c5fb2fee857fbfc65b945ecdc5f3c
chr16:30444585:-,SEPHS2,G0935,development,8e9f961202facdc03584006f67c41bbeb52d6542e6a600b62fc3f5eb8e67ff48
chr16:30444620:-,SEPHS2,G0935,development,93ae5c0c0ce95b27d8d1782ae476960ba9e39a13177b4224005d6a2762acde51
chr16:30444632:-,SEPHS2,G0935,development,e15c3d546f59be9243999600acb4a0affbfd6d54b3f6e3fdbbbf0112d2a44caf
chr16:30444654:-,SEPHS2,G0935,development,b81aa12c500c64ccea010619885ad0191c1515bd14d3d199075bd2732ac0ca93
chr16:30444745:-,SEPHS2,G0935,development,ed484ca99cacd271a6130a2a1e529d7e34be211a2d9a89232372cedc83e68808
chr16:30444756:-,SEPHS2,G0935,development,c223c583a27d03d530651bcf07152e2ebcecc56fa1ee0a27c37a265271025c8a
chr16:30444808:-,SEPHS2,G0935,development,745cfbda7809192706e6e61e00f2c05eb245e7ee954e08bb827bda91a34509f7
chr16:30444827:-,SEPHS2,G0935,development,c51badced17baa3cb331a417ec95b6e5cc93e72fb3a8015d497b05c48e0058f4
chr16:30444962:-,SEPHS2,G0935,development,48a23d17481880ec7e4a5527a3fa8cc24be9d82bc0225be546b29113e3330179
chr16:30444991:-,SEPHS2,G0935,development,63fc04b2cff77990ab599aaa88576d84ee45216ead81a6ad2d18493722656f76
chr16:30445009:-,SEPHS2,G0935,development,b0f9a5aa0eee90c3b1682993b95a63cae2e91e6eaa171046cff4333fb833abdd
chr16:30445067:-,SEPHS2,G0935,development,5197931b9e06f43c34caa06da98c7fbe3afef454cb50d614a6662dbb00e48f19
chr16:30445315:-,SEPHS2,G0935,development,447192d512398ecd0e0bc5bca44a6fea6cfa158dba935dbf8760bedd7b7328c1
chr16:30445369:-,SEPHS2,G0935,development,374d3c1e3db7022921f79928983f5cff779f4cb5f93d47eb76240fe71d8165dd
chr16:30445489:-,SEPHS2,G0935,development,8f9563e3d7f66c919fda4fcb4482c642951f491d8b767ecef6d0f53685879f27
chr16:30445503:-,SEPHS2,G0935,development,2e4db78e17af4e159c3259147f87082575a73d5e4af6b2f05e6059a13fa07ea4
chr16:30445627:-,SEPHS2,G0935,development,2e5968b37ae64692e3c18e12447591f87eb6f2ab938046e353351d3c791d2f57
chr16:30445649:-,SEPHS2,G0935,development,a2628e20416544bab6f28bcd983d5705af5f8d40a333432e8831fc0453c6118e
chr16:30445803:-,SEPHS2,G0935,development,453bcd8bba8e9771894b453b9aa1af4e9d788c68aab041e6f47ed478ef55ea6f
chr16:31186597:+,FUS,G0376,test,fbad0a51d56da69f1ec59ed133f93a0eb57e02709bb6d303faaa9110818f97f3
chr16:46659870:-,VPS35,G1168,development,6a4d4415be451573e3cb53fc6333467b8c8d93d3c61192d2772875417cb4520d
chr16:46660307:-,VPS35,G1168,development,23ea87d88bec220b57bad67cdd4622bc45bbf404c69e0d1fc1aa70f0c15c63eb
chr16:46660322:-,VPS35,G1168,development,7f4a445f15d9239d88ee28207574f27fc0278db876dd16cd6fe77dfc935e28d6
chr16:46660559:-,VPS35,G1168,development,4cf9e4e3bae86a7e3f65a60ae23298eaa8078fc93f19c5097c9e2a5dd25292e3
chr16:46956926:-,DNAJA2,G0281,development,2163b575517a5c6640ff15e09ab4c05e94d0a81f642ccf97aaffb66850d9584a
chr16:46956934:-,DNAJA2,G0281,development,837470551c49663e111f8ee5722eb16e6cd6ef561a163d5b1858928e18694bb6
chr16:46957028:-,DNAJA2,G0281,development,4c0152fea57b23fc052cc0bbba586194f5adccb1b3c78511214fced96a09f3d1
chr16:46957056:-,DNAJA2,G0281,development,13c4643f6a8bb5e6f74bfacf5a06488e93fdeb48253769b0bc3ef64de4db7d7a
chr16:56430279:-,NUDT21,G0694,development,47ebfa7c1b0526ddcda3b6dc8fda79991136723a60e00cfbf55bad00107f459c
chr16:57471072:+,POLR2C,G0761,development,b3242318d2a8fa89dd7385f49973f192941cc25e6e128f1b83ab609ce6ec7f55
chr16:57471119:+,POLR2C,G0761,development,6381c8a979f0d4d34e29fe43d7013ed3a141c6fa1466161ed8847676649547d3
chr16:57471189:+,POLR2C,G0761,development,9b613fabe49ca392b0f1a2b566c1cddbd785ad54f98e1eb048138f071ee22ffa
chr16:58113880:-,CFAP20,G0174,development,6ad3c49a32f0002c4ad725ac51ef0b4d7a92881e0abd70a9506f6e0db7fea518
chr16:58113955:-,CFAP20,G0174,development,449b674a967fab9b2a3af1deaa96b44232e7d9587d594be0544335bcb20e4c7f
chr16:58707344:-,GOT2,G0410,development,b7a6d1ea1a14a005a5a93847af088d1404f8e727fd3bc77e0d40a319e4dfb5e7
chr16:58707415:-,GOT2,G0410,development,13c7be55501d10d1198aa93a90fb5740f9d0eff8b269cac0a3baa6f28b0ccff5
chr16:58707420:-,GOT2,G0410,development,674806d7ac0def449315f30d4c65504462503bbfc949fd6376a0b3982ae0b911
chr16:58707483:-,GOT2,G0410,development,e994adbd8bfcef521c2d64476177d8bf18e773ceac89eaa7ea8c761b71979f66
chr16:58707736:-,GOT2,G0410,development,1a16224cffd4899be6a528ecddd19f1bcc25fcb0e968197cc72ebfdc41dd14c8
chr16:58707843:-,GOT2,G0410,development,7e6c8ec2f443ebf92d464ad25794bc794eadedfee67928d1ae86e5cd255eb909
chr16:58707882:-,GOT2,G0410,development,1c28da9d0fe85adedd71666c74252d25427ee36a358677d982c7382efac90640
chr16:58707955:-,GOT2,G0410,development,5fa5ca53cddfd5ebb6e947bb79bebce51e3cf7fb875b4d77da511ffcc2aa484e
chr16:58708002:-,GOT2,G0410,development,96ea6d6871cfeffdfb23740a93b4b89b2ece9e521947ab7f5cd734fdfab504a0
chr16:58708012:-,GOT2,G0410,development,af8b01be8d034f3c02f3a0f44c7761c320995b9f2f5d01ea7069ba4e1f9b307b
chr16:58708101:-,GOT2,G0410,development,baa4f5779c37f77603f9458a06108fe4d0e74086d7d696f511cc46956faaa3a5
chr16:58708146:-,GOT2,G0410,development,ade488382e1c02c97064f2570d931ed171917a17f6f864371e406bad6fb7c467
chr16:67100247:+,CBFB,G0133,development,ccd6e224f08244939854695e87118a80b866341c9f83a78cf53bb365e4fff2ee
chr16:67198670:+,E2F4,G0300,development,da09509dc5f9248e0836a74e85ec1e29d12a0887ce3d184055b9468680838d0d
chr16:67842640:+,THAP11,G1043,development,614326ebae621a0b39f909f6b173874c78f0fb983f26047f519840cbf6d2ecf2
chr16:67843622:+,THAP11,G1043,development,bd0dbd1526800bd39e2432be1e4d7e049293c9f0e2592f971c7ac6627a8b0ade
chr16:67843686:+,THAP11,G1043,development,6ba403deb565c1e117b18c042752345ae78e1dcb9ee30ce3f53e70f8ac5428e9
chr16:67843715:+,THAP11,G1043,development,b8d3265a16bc8754d7310d424c19451f366a19a3bc2048eb97c353c583dd52e8
chr16:67843784:+,THAP11,G1043,development,7eb0803f1cf46e1527fc57127cce41369edd3d62b68e3f5d1f3c2a24148b28ea
chr16:67843791:+,THAP11,G1043,development,0f9f25189073570a7bd13783dc02023bd80d18c592242747e8ddc0bfed9e1e67
chr16:67843827:+,THAP11,G1043,development,05e79df560501906b1855680580e79c1098c2bbf460cb7dedb334b36a902d76d
chr16:67843972:+,THAP11,G1043,development,18135e0b88c3890a7530d0154884c7789ea35af979d5776a738bf118b226180c
chr16:67844002:+,THAP11,G1043,development,04bb918912425a7e241653a163e4054acb79a6a12315604a5c0966e548dba314
chr16:67844073:+,THAP11,G1043,development,3d81361b392a080cf8f2be228eacb2cd9944ff245f3a6cc2fed11e4f3f2c2dab
chr16:67846923:+,NUTF2,G0701,test,e43db17f4336305e47e96baac6bd7e3efca8d522dc346af0232844226f5883a4
chr16:67846935:+,NUTF2,G0701,test,1cd13d9cb1a1da2c56026f8035d09edd20cc241003740c4fd12afd340347d652
chr16:67871138:+,NUTF2,G0701,test,1b72fab2ef7291ddaf813bded393da81913783259aecf094f96f32a0839a741d
chr16:69463627:+,CYB5B,G0244,development,df4eebddd0d6ebb3c0de46297760ec88de0fcfb5b0f9aa28880b550afb44db09
chr16:69742090:-,NOB1,G0674,test,98202a24c65e1412931032a3f5c8385da0790861143491f9b476adafee0a5b49
chr16:69742099:-,NOB1,G0674,test,a6a93fc2681ce8ff55f595473fab39604147d63c2fa82794159f59d67012992b
chr16:69742165:-,NOB1,G0674,test,16ca62614009e4918e8d49426cf91fa48b06ed9a26adbbf77ce4f65aa11db1c2
chr16:69742170:-,NOB1,G0674,test,366aba55efe84377073b07cee91ad55cee73d368081ce29596c345019b8241d5
chr16:69742244:-,NOB1,G0674,test,99349a3a6c9d67f860b53214cc3111ada887250b73c3c72bb73bb7ccd4560c71
chr16:69742405:-,NOB1,G0674,test,753cc4b08738b786a6735d2c0f30facefa4a3b426ce17af27219581ba3437f1c
chr16:70252402:-,AARS1,G0001,development,ccc8dd0a937960194748fe7366141e6c63617311b4d99134ea2f30163a41dc22
chr16:70252600:-,AARS1,G0001,development,644ad361c0755067d4e9d2e62d1fcb153d06f473cf579cfaf1e4ccb8455da2be
chr16:70252606:-,AARS1,G0001,development,8339d565cff96efe3ba8bd520368628632d714584388001bd6b87d4307c7fd2c
chr16:70252638:-,AARS1,G0001,development,c01aecdd06bf04e70fbf0f81d0263939c842a3b963a1f81efeddc65aef4ae309
chr16:70252654:-,AARS1,G0001,development,1f755310a1cc2189988d72fb629fb1a93b80e8a53b119404d3d16d7bc443a2c1
chr16:70252725:-,AARS1,G0001,development,f36460ddc034a47261c139d1f623754ebf7588005ba126496a6ec99ef6574578
chr16:70252797:-,AARS1,G0001,development,0b54168a3cc2ed468921bab87de0fd794bcbbcb60207dbba6533f9d13f51b7c0
chr16:70252845:-,AARS1,G0001,development,ae56fabdb05cbdd4a1fb2ba470399bfb995798eba081296f557e5a5de4274b2f
chr16:70571844:+,SF3B3,G0944,test,fbad13dfb455e968525ae3e9b7694ba57473fd6273ed4514318ab684848fa52b
chr16:70571910:+,SF3B3,G0944,test,986d0cf4e65b382b807b822797564dc0300d0f530136e3961e2b5df0f147d5a3
chr16:70571924:+,SF3B3,G0944,test,92921a986a7144cee3700efd9533df5140729af88f0165ca3e50c10d2752bb8e
chr16:70571976:+,SF3B3,G0944,test,1e44a61b5bcbd7ad3059add3d9b51c4a65600b11d723e3c5da790f7217a06298
chr16:74305358:+,PSMD7,G0801,development,446ab92ee908a3a47b8fdb9d52206048f279ba738b7331465bdc3d3285d46077
chr16:74305363:+,PSMD7,G0801,development,54facad1a19c937802c461ec54fa98977b61105ce2d30b81d6f39ba5835b9dc6
chr16:74305903:+,PSMD7,G0801,development,841a25266ab6a9f44f5ce8141d20986fdf4367078040130146627685fdbf6216
chr16:74305920:+,PSMD7,G0801,development,a9d7ae68c66dabfbca6b99c1d84f258526efdc99d5d54d9c7b40c486db97bb44
chr16:74306071:+,PSMD7,G0801,development,4d6358dfc43729e26ea2782806d6a792cd68baaf2d1dc6ffb150a395b3811d81
chr16:75648301:+,TERF2IP,G1037,test,03e05aad3bfe1f6fc9b9b66f5adf29f2dd2337cdbe3e52af9331b0abb2285d06
chr16:75656681:+,TERF2IP,G1037,test,1b3a0e88c19fd9fbd4b167eaf554a27d1a7cc37b70d80b5011fc9a9e0a091f1b
chr16:75656705:+,TERF2IP,G1037,test,df62851b8ffb8802aa6d2711376ed8a01744e359f505336b875419750662ed54
chr16:75657128:+,TERF2IP,G1037,test,7c6be8d41a729ddebf28f63597cc34e769feec60661b58ed449460551732193c
chr16:81096290:-,GCSH,G0387,development,80f54acb9d7d86f484cc7e0495e8f6a6b7e9fbf38d77d1a9b32daf85e5a7200a
chr16:83807978:+,HSBP1,G0472,development,6199335fc8757a429c502f36468d9f1f4af7b8ec56f6159fe775623b3c98c8c0
chr16:83808021:+,HSBP1,G0472,development,c39c1ad697554c0fd361ab43a2b22aba0cc1343c19118ccb760f0c64a3a2962f
chr16:83811611:+,HSBP1,G0472,development,26c46bae08b1ef5a6581527ce02f043faef4fe30012b2cfa79d1ff66fc906c78
chr16:84779294:+,USP10,G1156,development,cab32dba9a668033f688034a6df52eab71a4c0bcc8db23acffebe7684b314acd
chr16:85677784:-,GINS2,G0393,development,4c3d0557b1b9f62ba5cedda1853c0b7aa3525f3cbafeaa874b599398a5dca198
chr16:85677871:-,GINS2,G0393,development,cba48dad67f4c52ade6a9cd7f7e0584b7d07e6bb922a0671be9ea6cbb7ba274b
chr16:85678025:-,GINS2,G0393,development,9022f410752e28ff080dcbef4267bf1e43d14995de23ff5d86c1fd7acf946647
chr16:85678085:-,GINS2,G0393,development,f25bd10f4145290323e926091674bd8bf1629bd115761d42f852b12079bcaeb5
chr16:85678164:-,GINS2,G0393,development,fdd3da28ebec6bd548cf4e772a19546441eff259f3bd7c885c6bc710d8b095b4
chr16:85678219:-,GINS2,G0393,development,68051b111e307712840577ffe7591d33836313774a39926372f45e0aad049a2a
chr16:85678263:-,GINS2,G0393,development,ca2bbd2fd3bad591e7ab7687f85ca3f8cfceaba82610846c9adc37bbf9402287
chr16:85678298:-,GINS2,G0393,development,f7e29e2aa22ae41ba46d0d25fad0b8dcf0bfce04f01011961bda77bc9bf76396
chr16:85806846:+,COX4I1,G0217,development,515924c14204e75f46b5d7eea208f46e4231abe193272ac0e2b5d696d07780c9
chr16:88808297:+,CDT1,G0168,development,40392a69cc73a3994bede0d15d969349628f00319f57b6bcf1048616f59f415d
chr16:88808354:+,CDT1,G0168,development,43eaf902f80ac06e3cef36442e573be2c63bb084d4c8132a60d29833ca88f860
chr16:89563056:+,RPL13,G0861,development,cc2f3f69f5069f2b772ed5d45d4083d6d55409f3e103682a240d5b28218061dd
chr16:89563110:+,RPL13,G0861,development,c205569c9ca2df60625e451d5e924f5209bedc675fda8c67b80c55f66c87e893
chr16:89563144:+,RPL13,G0861,development,95e27de3cd80ec0b7c314c2f33d2b1cf424c653ce587a128d3d8554e4d794f92
chr16:89563182:+,RPL13,G0861,development,d2a118c52c3c75737d7b086c5873f1e51797149b1db707b3e9d7f0bde7875901
chr16:89563247:+,RPL13,G0861,development,5eb79e1e2d197d0bd9c1c83227eba2c1fe03fb8595815c41a712bc4fefd33e73
chr16:89959195:+,DEF8,G0261,development,68fd67abdb72bd76f6cb7bccc020f2de4629da598e2caa5502c556b616cd607a
chr17:791840:+,MRM3,G0586,development,1adbc02ec50f45b9153fa182c5bd5c81738ee2d2868209b5a75e41d2549902c3
chr17:791845:+,MRM3,G0586,development,582f192fb42d653dadc2818fd49c445c587aa9aab691267e242b7fb36248a534
chr17:792083:+,MRM3,G0586,development,acdf7780f5b5bc8b0ae471a9a5ba5e82b17249100b867af37f372a672950c2b2
chr17:792097:+,MRM3,G0586,development,821df1106a55d2b6109869403287c33ee9f25f38f2bc482dc94648545522b61e
chr17:792215:+,MRM3,G0586,development,5221303aa0de75ee4a50b25c9f5dec412325ae585a92d1c905a5369b286201e0
chr17:792230:+,MRM3,G0586,development,2d52855cded2faac602132d3dc67d4f7d3cbe2346429d6b92de2be5e0ce2ea58
chr17:792288:+,MRM3,G0586,development,aff930d96e0f6eee26702d31048a06865955d8e4236d0ee955321a405487ce5a
chr17:1001148:+,TIMM22,G1051,development,ede36e0a54cf2bcb8186234ce83a29eb46f3dcd9033c7b1a706ae112dd099841
chr17:1001191:+,TIMM22,G1051,development,b6039fb35f3a5576ff9ebcfa2cc387f81e0d6f389c0593ae1180ce291747ef25
chr17:1001285:+,TIMM22,G1051,development,15f0ca7248638c749d821c29513b464c447a6e2e895e53921f319198e3bb694a
chr17:1001308:+,TIMM22,G1051,development,1f17ca8d2764ea13894b6e3a273d501c2954778fe651f8023fb1d2cdc81efa87
chr17:1001356:+,TIMM22,G1051,development,698162f676ddfce827ba505ef12986a36628140cdae7c1df2cdedc0f6b4aa355
chr17:1001440:+,TIMM22,G1051,development,90f71f4026e3562f2477024cd58f41fa6e4cc7f31520316837b4aefbaca3e6bf
chr17:1001482:+,TIMM22,G1051,development,e11fe6f1f59e5716eccc402c287aae8a06d97a09f6f9ae1ae0cc20fca41644dd
chr17:1001492:+,TIMM22,G1051,development,bcc0d97b1a528e5cd2f5dc2927781055426d265273970875dca35d95924effce
chr17:1001528:+,TIMM22,G1051,development,4f004263e3431712f2b41c7ae943dd2b1aefae2a7f127d6938db29ea6fcbbcb2
chr17:1345200:-,YWHAE,G1187,development,21398c4048abbdf8bc4a8739829e6682667d1580a121f5d564257cb868567745
chr17:1345350:-,YWHAE,G1187,development,0c664381bbbad266350cd9251680e9a4434fa7e6f8691afc2f6dd354ba304a4e
chr17:1897780:+,RPA1,G0858,development,239ef10e4ad81154caeff5be38e6a8fb869d0e2ef298ee19fd545396007f97ba
chr17:1897844:+,RPA1,G0858,development,02259d2b6804f9fe0c6cb1f9a7a4ac185b5213c9f88e1f2ae9eb47a1ecd44f57
chr17:3669237:+,EMC6,G0338,development,0817a480395f7f4beedced340fa0d4ee23ec2fd1130546d426b61e765e6bd504
chr17:3669370:+,EMC6,G0338,development,6af896fb1d58421d14c199b2a09e3232460e0a01af64f792bd286410a271c355
chr17:3669447:+,EMC6,G0338,development,7a35a4ad41843e7a36454529c7a68583e8ce5a3d90906f7fef68d6f96659b9ff
chr17:3669496:+,EMC6,G0338,development,f93a95ed42ef2d1eb7f410e8a815fd0084f643a9395ba84179d610a306beae2d
chr17:3669523:+,EMC6,G0338,development,c3f35b0f40c03e19b0f88474b5a1cf5ef19c7e05c7e8579ff7ec920cd880dbcc
chr17:3669551:+,EMC6,G0338,development,916eb0da617d96acf978fc1c6925d78aef4386247798898dd33d5f4ce4c6d4b5
chr17:4937338:-,SLC25A11,G0958,test,6c8995c06ee23a879d84119d04289dbdaef59b0320e275afb63b58e5ca9376ea
chr17:4937467:-,SLC25A11,G0958,test,444b3249fb42132c8940f4c4b090ef959906e9e2eaf794cee9d1d02cb891304d
chr17:4937612:-,SLC25A11,G0958,test,6473b046bbf6d4fa5b448a13e18f7d70e650c846e6c3db604fd2ab8f9142020b
chr17:4948530:-,PFN1,G0735,development,31e1f5a9ad5bae6094a30f6668906ce194953f09f9cabf98bebee8df9b7f9d1e
chr17:5432964:-,C1QBP,G0109,development,b828692a5cdc69a572ce38c8d68256cd8acc07e53c2ff785ff351a4f670ad294
chr17:5474455:-,DERL2,G0265,development,81838e99988bcbe8c5173d270e03220df04f5c90975cfc94712053fb66aa6a4e
chr17:7307588:+,EIF5A,G0335,test,ae5a6be846adfdc6f214acd467a79e55aa80538a586292827ddca1498b17e76e
chr17:7578578:+,SENP3-EIF4A1,G0934,development,e93e3528cb2ada1fa7b3ff067c0a3bdc4d4fb8ad457cf88872567553c9acb4d4
chr17:7578641:+,SENP3-EIF4A1,G0934,development,31bebbc27edb87a321c44eab34699c9138868d1b40657c5f879f2da719658981
chr17:7578804:+,SENP3-EIF4A1,G0934,development,81aa6afc583b74dead39628f6801884750594c20e2b9a6ae9c8a46d95a7c9e31
chr17:8296714:-,RP11-849F2.10,G0857,development,6a1edcc9b36a927f8b3238b74c8c848081267cfcc9a0a46657dd76e4763ac7f2
chr17:10680597:-,SCO1,G0922,development,c8a4cf2b14c02a370a79569abc2b490f75b2f8a3f2be7b23e113a3fb93420240
chr17:10680936:-,SCO1,G0922,development,dc70b34a4acc87723604495629f7ae838c39aa5a0c15ac8b45fe5fb5ba16d64d
chr17:10680994:-,SCO1,G0922,development,0d191018226762cd7220bcc6622be15e128dd6db6f6dd8d7b11731da0f6d2d66
chr17:10681024:-,SCO1,G0922,development,a9969619c77f9fbdcf566ca3d9e6ff2bce5353ef1809e98cb877796f7371e49b
chr17:10681038:-,SCO1,G0922,development,5bc9610ce4ad483eed12df85bd96a9359ae4bfa842e8d66bb83d21f6868974a3
chr17:16381091:+,UBB,G1127,development,8b5de6cd1ae77cc6c285e7a9825991c7c8d72cd7210e03ca4de8e408d5c84e01
chr17:16381095:+,UBB,G1127,development,274736d26c9c00731de55065e87c15fe0e23344f39f40f8dd163969d2b788a3c
chr17:20785567:+,SCDP1,G0921,test,2c9ebac161ecebc1f27e882d38bb28b329caf33a8f58949acb90c80d5a95fc8d
chr17:28327714:+,TMEM97,G1079,development,953aa46ac10aae94bca3636468251a36bc4bf6a074502382df54b4c105af039d
chr17:28347349:-,POLDIP2,G0758,development,667e944d0dfded46e36453516e7563588929b56ef7bc6aa17a86b0f2ad897200
chr17:28347871:-,POLDIP2,G0758,development,e32f93d8f47dad2cf66d58565f678bbd9c184b8e24549b54ac6935c77b6c48d8
chr17:28348001:-,POLDIP2,G0758,development,de960ff38d1cf3c67a0166b617c138a7fab3d84c4e4f504d3e595cf4659d2e6b
chr17:28348045:-,POLDIP2,G0758,development,053fd0ea3179eda78c908ce1a05ff7f234eeeea54a088e0f9d77f43900ca67c0
chr17:28719992:+,RPL23A,G0866,development,e540ba525ea3cd330a10ee5493f5067983b1dd1f9931a867b0609a30364b8e50
chr17:31852163:-,COPRS,G0209,development,676a24e886d69b026a74da6567f36f6dee0d9cbcb5c74679452736b0519bc726
chr17:32369856:+,ZNF207,G1200,test,77ccb60cbde4c964dd5fa05109837403e4114d87a53be0cc44630aebb6263bbf
chr17:32369866:+,ZNF207,G1200,test,5eb25423ec3cd078db11bcadee7cdf44945af0a2f0141b947b4af3c188e58beb
chr17:32369890:+,ZNF207,G1200,test,95fd13333e5a068269a81ea7e259bb53fd767f12f8f8c03220d8c34b43d0e327
chr17:32369898:+,ZNF207,G1200,test,abf5517f147477a2bd8ef0540fc15cc615482f14ef2c0eb6cbfc8af0a8a9aca9
chr17:32370149:+,ZNF207,G1200,test,3103d6a0d5d61679ad01fdb2363bcde891b684ad6d60c765c58b9215ab75a9d2
chr17:32481785:+,PSMD11,G0798,development,b5ddeb8c242799597f71ee46b9326daac473b9849edff3ab2ee8f4114b96bffb
chr17:32941254:+,TMEM98,G1080,development,9734077c33b00c8b73e47becefbba3dae11174c9ace0e4827f901328b83e6743
chr17:32941404:+,TMEM98,G1080,development,5138f0f277ad14c922fe683e973ab5e47451beb2c04b0f5a6a0a504b3786a8fc
chr17:38322607:+,MRPL45,G0606,development,621ee2f1f75af77d6709ef6d9e41ca180229b711584e64d247fe950bafd8eea9
chr17:38322683:+,MRPL45,G0606,development,9c155f8143920016215e6c060647cbfe957fd05e435033d29236479ed8177b48
chr17:38322842:+,MRPL45,G0606,development,561a4e7ca72ddc70aa1c2ab91e52681d13b222d6d5d13f3c3727197793800d0a
chr17:38322859:+,MRPL45,G0606,development,a367b877737fdcfcb2b802bb9d45c4f9e90462b32a8519cb2ca3ba25757b7238
chr17:38322890:+,MRPL45,G0606,development,ebfe8cf720e2c6b4e0db16e4f94923388756ee8242471ffe3714fcb5b92c6352
chr17:38323076:+,MRPL45,G0606,development,57c5e1be6c76e2f10d6e44be429f3763e857cacc74beb41905a357fc09ad5bf1
chr17:40388788:-,TOP2A,G1089,development,bf6f333a4822c69a40a3b50a3ed145f7ca95d5d2e0a34c7e2318aac32b425f99
chr17:40389474:-,TOP2A,G1089,development,a5e141a823b7f74fc47856401a0622bb1a7757df7a9dd7a5b58ffdb403867d58
chr17:40389613:-,TOP2A,G1089,development,8276e333807591794d93ecd2f3ad1b14e73ddc0ec48cb687f8129a8f6c5991c3
chr17:40400006:-,TOP2A,G1089,development,bad25a52048bd485bb3d1dfd4863b0b887dd5153d3766c578c8959b422be3a6e
chr17:40818340:-,KRT10,G0517,development,b24272fad18f798f9271698c22f68fecd2d67ac256042b874e75adda8a65edb5
chr17:41689645:+,EIF1,G0314,development,8f98cc6cc6305dd45b5bcda2d2a5c41129fd18ac2bbbc44fcd6d5544e20a137c
chr17:41689713:+,EIF1,G0314,development,06923b5aaa591c28062e11d7ed48df5cf601ff0ba69cc8681f016f81687b0ece
chr17:41690960:+,EIF1,G0314,development,8e5a1fa1ba12d1694ba6fa072634f9fa22259568acbba37beef2624f24dab609
chr17:41690986:+,EIF1,G0314,development,d919cd6173ec380d3d95687c735f2efd1b7976c805a16d4c4c416f30d0e07d0e
chr17:41819672:+,FKBP10,G0369,development,517cf67635680dd533e4aaa43ffdd24d166deace9ecc56156a3fb81ef43ebf04
chr17:41822547:+,FKBP10,G0369,development,d65ab431a1366b8094e96f3b4f7f734dc9e68ea7c7d6488e1039943f4fb4e77a
chr17:41822593:+,FKBP10,G0369,development,1be61013b02edd5f34faf3c7fbc157e70aeda5fc802dd95ebdadbd6eaafada4f
chr17:41822645:+,FKBP10,G0369,development,6c22287d0fde241c50b09f76f44803aeb8f5f06c913decd7f7fdb052baee157c
chr17:41822863:+,FKBP10,G0369,development,671308e077d228f31aa02e9193beaacc3c87552b83aaf5749570b98310c3353a
chr17:41867526:-,ACLY,G0010,test,7f54306f57b1fba1f8fd99236721e14b24cc51f990620e69c5ac8d73e373bc7a
chr17:41867573:-,ACLY,G0010,test,e7222b2f32801bf984e0349185b769e6532547ec96acc8cb1825dad032c418fe
chr17:42614950:+,TUBG1,G1117,development,682cb1b3895c0bc6cd5c55d4df7801f73da3fcf1ecfef906b65cb9b500cc75a4
chr17:42615010:+,TUBG1,G1117,development,973b9f356021979ec4f8f603622568bd2d3d90538cd4872fa1be316c1d9eb690
chr17:42615058:+,TUBG1,G1117,development,bb007548d0d5aefb3bebab676e24a0a5446f493ec122099fa79da27927051f4e
chr17:42615128:+,TUBG1,G1117,development,e905214b0865ad4c1f1adc1418c4af71b1eae3501867ede0138160abf69d4507
chr17:42779150:+,VPS25,G1167,development,6353de2b2b9fc8419e414130c198e90ddb9766a4a7062522479bcf99630d1783
chr17:42779172:+,VPS25,G1167,development,21204817c76137606c282b61a660812ac6c8bffe12413b3a0fb9338274aac12e
chr17:42779182:+,VPS25,G1167,development,64d027c2028fffe3f9bbad2b46557387b1f9fecc4379e0561a3492b4d728308f
chr17:42779203:+,VPS25,G1167,development,ad9d581be654334308fc5524e713c36f435cf7d8678f388f9b660da73c497393
chr17:42779316:+,VPS25,G1167,development,2806a66f1542086a29f8ae86392c7772b60b3932a5ad9dd6f603b47da282ee9a
chr17:42797771:-,COA3,G0200,development,042044130ee04e80de839247fdf48066e85b172922709c91cc3f3b01260ae169
chr17:42797846:-,COA3,G0200,development,714bb7348c3fcef154b431a99796f85d8521ac0a3a913f12da61b52458386ceb
chr17:42797879:-,COA3,G0200,development,a12acdf07d7bca4c2bd4025ad3cb79a426e8eae194a763e045dc61a3f3782a3d
chr17:42797884:-,COA3,G0200,development,9edd2f0f5650420e511537b2c57fd6edcfb0a84f4f01a7b0148f5a4b3d6060cd
chr17:42797912:-,COA3,G0200,development,a6b21001524f5bd001d1f5795c57718c096b14c88af3bc5b18b2485c274b7b20
chr17:42797939:-,COA3,G0200,development,7d184571807f5eac4b79479cb8d4f8a74e64f6e08c901b22bc046ddc59c170a9
chr17:44034974:-,LSM12,G0537,development,40ed3f021963b73db0b8ca03e3903f02d44fa38b10c9e25035717dd6116c2c19
chr17:44036067:-,LSM12,G0537,development,9963e4ecefd044752b55e1b628c4fc5f0eaabbd15d7787eea29e1b301cf78d9c
chr17:47622177:+,NPEPPS,G0682,development,f0ebe68a350ec7c23e19972158ca7c15d9bdb05309e287a53c2472be0441578e
chr17:47622976:+,NPEPPS,G0682,development,3296dce6eed0e4021e8d3dd79a4a836b35ca806758e62b3d737b4be89158dc51
chr17:48070738:-,CBX1,G0135,development,449a95efffaff27c90395da4d061c47e604b533f891f0a4f5f82e2cd5a68ea06
chr17:48070817:-,CBX1,G0135,development,754879603f444925db6b421bcc49b534e8490ac980b34bc23957f84bc777f066
chr17:48070827:-,CBX1,G0135,development,df5e8136879f614268dc00d8c823cd66441430653e64c0796f4fd180ea933ede
chr17:48071161:-,CBX1,G0135,development,71a9cfa34df0853476fd9ceec09e8ae7d4b563b5a376509ef13b04ca972616df
chr17:48071403:-,CBX1,G0135,development,0d554211bceec06afe3a2c6a6ba72ce435046f39b0d16b1fcb8fcf61f6c18cdc
chr17:48621412:-,HOXB9,G0469,development,e1cda99786f3dbf1d5b97347396c3ea8044fd2059c9408f488915edc79657d82
chr17:48621735:-,HOXB9,G0469,development,3c7286f5e0d4431c323bd28d2ca6a8edad9cde20f8c41e4f2a581b97123678ba
chr17:48621749:-,HOXB9,G0469,development,6630f8d087bcb8808e6d95a62673c8cda1c5132f23df83c508ac28f475663da1
chr17:48622045:-,HOXB9,G0469,development,3e466ec74032e0101c203cbb776929aa90c4a130972e29d6fe5a9c1c1bb78018
chr17:48622386:-,HOXB9,G0469,development,091746b7c34d6b11e229a8dc7b22da1f8ac141958c916cf197bbb86a465db2e2
chr17:48625800:-,HOXB9,G0469,development,6bd5dcad117b976d7562ef5436b58f7b368d102237d990106135befc2215e31c
chr17:50381554:-,LRRC59,G0534,development,da9423eada323a192879ee0ad3fb89b21d543da25366e44658b664fbfe6f94f8
chr17:50381591:-,LRRC59,G0534,development,3e124496381f40aa8b9cdf147b473bfea05e43fa49952de9a409310d02ec7293
chr17:50381631:-,LRRC59,G0534,development,903b0e40174b0255ba3493fb04f92e109f733010840c0869195ba49c0904f046
chr17:50382838:-,LRRC59,G0534,development,ad0aacf024f18b4ebf25b2cb6d74e0f1a004ced5d932fb003bcf518af945493f
chr17:50382896:-,LRRC59,G0534,development,8fc3e0bdc6a2214b214351496fd723871f316ccc4d9ac9b2f9f4e0c5082d5ba9
chr17:50382919:-,LRRC59,G0534,development,de24fdf2cab00c445379907cc98cf96bf49602aae0e9b951e250c23f9f3ec490
chr17:50383001:-,LRRC59,G0534,development,fb4eb0e27d63c242bf7606d5d928cc24f1e9fa40c7493c27d7aa383b593b5caf
chr17:50485154:+,RSAD1,G0906,test,941f1ab1958809ab5fe4576c004e932fce96bb3d9ca0258b59f2da17131ef6b3
chr17:50485550:+,RSAD1,G0906,test,366bdcff623026fa06e64e2408c1fe9ce59015e330eaac87480d456c126f4065
chr17:50485779:+,RSAD1,G0906,test,acf179bc5ff5a78ec441c13d99d6a8c4cdd6c17620de8db7c74c3d8934f08bc1
chr17:50751121:+,LUC7L3,G0543,development,6648c73b2e15683f7df9df57f89796c2fbf364f258249cbe82a434ecaff23460
chr17:50751801:+,LUC7L3,G0543,development,8b5664794db24ef3bd9b48580f436a7fe743e677d9ed322710bdc53d11defa73
chr17:50752356:+,LUC7L3,G0543,development,0c8282b004686332c087822674a0e0e15bc8fce4a454b950c87098f8c4e6d33c
chr17:50752382:+,LUC7L3,G0543,development,7335a22b4b8fa6ceeed46ff88c3407a606efa95b47a34886efb9e8bfb460ea53
chr17:50752446:+,LUC7L3,G0543,development,afb3b3b1496efb2f0669b96875febce32c9ef1d5771ec43b8ef7880e53617121
chr17:50752513:+,LUC7L3,G0543,development,694b693247c47dcd108ea0c4b8a03a927836b9226cede5f52a5c20d1560fa43e
chr17:50752555:+,LUC7L3,G0543,development,9f60e77ca86e4efe3a7969b9e6d14969808f0526ff96fa25913f8d41528930de
chr17:51161938:+,NME1,G0670,test,44bb723d67d8d5478ef9564cf4552d522421515891e1d76e735e8bddd220dbcb
chr17:51260667:+,UTP18,G1157,development,bc0e9ba2cac3d2ea85cbd83e7933bee43b51619dd41d66080fe734951bc28fbc
chr17:57839706:-,MRPS23,G0620,test,ce757200767cd579202e3f35eb4f91b6199ef4679f0996973f2bef045f54fcd6
chr17:57839779:-,MRPS23,G0620,test,e24ac1778005fc401704682e6b9a3c8936a0f06b89ac1ea524138b3ba1f9007f
chr17:58003646:-,SRSF1,G0996,test,a7943949f9290efe4edb9236e05461bbe33c1509d899b996c7e4d47aceefbd1b
chr17:58003705:-,SRSF1,G0996,test,dad614e720352ec3bf64db4a5d05637f3d858cf9660d0c22b4a5aa68029acaad
chr17:58003830:-,SRSF1,G0996,test,298d58a09a9bb5fcd15876bacc69294f94cb4943db2c93ff060eb2c6a0701de6
chr17:58007046:-,SRSF1,G0996,test,8972b39daf322d0334aa6b78edb057a6f8ec0006630f5f9323a052d1ab38dc52
chr17:58346171:-,SUPT4H1,G1018,test,825a3e22e1bfc43482ebd87a8a6908ab4d6861dbe643e3d030d06f5d1c6d2c69
chr17:58346180:-,SUPT4H1,G1018,test,10d633e1b39461b519f1e1c8fee2c213d837c5d799c0ae1454b934a60c2cd3fb
chr17:59693972:+,CLTC,G0194,development,3182a88672323c93adf2e9d207af1c23a6611a8f7dfe7e59cbcdf9f0d53382b4
chr17:59694122:+,CLTC,G0194,development,8072b487c8609e215da084afca54e651cb186fa2c5937abcb2122911d3f07103
chr17:63746469:-,CCDC47,G0139,development,78f4ae6cea86f07512bdabb71202221e2fe0e7561598b41de34ec13a8f1ab46b
chr17:63746783:-,CCDC47,G0139,development,c69c7d7f8608bac19e82b7c284e5b22c834092c86b0fd3d2bce69d94e208b8be
chr17:63819586:-,FTSJ3,G0372,development,104405f7c5723cd0c940ead83961cb2ca2e16fa5106b5f065ad94108784ed192
chr17:63819662:-,FTSJ3,G0372,development,1c76fd8057ff23976a0d511751c0f623277bce296c559d3ecbe097684d6f5eba
chr17:63819684:-,FTSJ3,G0372,development,3e6e27ec4f7df1eff6b2e85abb49635bcc854eab1f94296ede040511e75ee85d
chr17:63819768:-,FTSJ3,G0372,development,e902a3862e1b7abbc9bb3b3179f1cf58d3b43b62228a2c8ee15228a885f9bdfc
chr17:64499921:-,DDX5,G0259,development,4d98fc1787e4d1b8375ff02bdd71ce54ae4045a4954d5a22cf120053f3badd75
chr17:64500072:-,DDX5,G0259,development,36f9991795a7e0a519b58cfed7b3702407426d9b699210933e118b4422a2bb40
chr17:64500090:-,DDX5,G0259,development,ea2ccdf379ad1b51c786c0ae43e0cb4c25f0b7455e69f8b59cda2660b869262e
chr17:64500180:-,DDX5,G0259,development,d51b381e1a1d6c15244bbe0880251d9a71686b1cd5741d326afad5ad0fcc2e72
chr17:64500194:-,DDX5,G0259,development,f953fa060bdf7b24aa66014291095d7cf4ae2bd4b21ce8e7636d84d371dd53e8
chr17:64500696:-,DDX5,G0259,development,df9917f9f1831171679599ca6affd41d99d0e69d5d601a1686bb93113e39ca18
chr17:64501048:-,DDX5,G0259,development,d2e6468a6d402be6f170853b79f298eed33beabb74c5e510006ad574319ab645
chr17:64501168:-,DDX5,G0259,development,2642f9332f6aa057b1c040170c76b80e87d235689ac9f5585fb6d9a9745fb628
chr17:64501195:-,DDX5,G0259,development,9789d2ea0143bf4322d042c6621d15f84abecd7e4b6547bb7a02c4a5eaa9c720
chr17:64501623:-,DDX5,G0259,development,a897af16f4893beef49e50d6d9faaff68854d4dd2d05e53653f830ff5e304810
chr17:64501730:-,DDX5,G0259,development,29e79deaa85c7c11127c21bc683af74e384340b20df7d8d50a83758fa2c917be
chr17:64501832:-,DDX5,G0259,development,0f04faa7ea38168acdbc7282b912d740227fcf9c0405fb67f8e59c2e896e6174
chr17:64501850:-,DDX5,G0259,development,59499dad5973a96e16ec870ca220ee021ee3ef3a82888f4ae4a0a62c97fbcb06
chr17:67340916:-,PSMD12,G0799,development,198467935fd0dd6af21d23ebb678fec46336db3fe363752cb15bfee9dcbece5e
chr17:67340921:-,PSMD12,G0799,development,201c22d1eeefe5b8c092543bb45b5b0e122fc09df8672da000fe8c1459b9d442
chr17:67340934:-,PSMD12,G0799,development,a37eda5d64c934ec7a43b3231ba64c75b0222e789d7d066a61ddfb8e45dc6e3b
chr17:67743882:+,NOL11,G0675,development,e0764f47ee126e200b916764128380c07590f9a81f37d25ed05b0fae0d592f63
chr17:67743908:+,NOL11,G0675,development,d171986c6fb6e0c9d902733b73e75ab4d892fa2c0a5b09fd3eef1b980b005cac
chr17:68042173:+,KPNA2,G0514,test,26b155a4e0ed073918467223ac94af52b965ff493ca5c65004f942297ea6aced
chr17:75021001:+,MRPL58,G0612,development,6eeb878f2358e01dd5de6ca02d7e92630c9179117a7f8f5d30799b99e2b6511e
chr17:75021065:+,MRPL58,G0612,development,5f3d6546410d82f7a3792dc5689153d96c5fc213dc4728cc3d61a9720e908e3d
chr17:75265789:+,MRPS7,G0628,test,8cbf9f23f3693308af0546ebeef22d0b68c07621410f2360294d2529ac27e0f0
chr17:75266098:+,MRPS7,G0628,test,f0aafddd9e91c77e31ece15b08f2669068433ef7732d772f93e92b4bd89359a3
chr17:75266144:+,MRPS7,G0628,test,2aba892a667a4657c962d002700958885ed08b1397cbd4c83f6ed0bff06d07c0
chr17:75266211:+,MRPS7,G0628,test,41e8d780b4aed25854919343bcc6b37de6c5ab4ae5ade1d1089b8d229fed8594
chr17:75778447:-,H3-3B,G0431,development,76a4a99f7837ce915ce79367ca56e43e73e07566a575fdefb207a071e078a164
chr17:76734266:-,SRSF2,G0997,development,a0ce8f8790de0ae096f436ff504b1c9dee8375f195ec4fc5cbb421fd6c535840
chr17:76734651:-,SRSF2,G0997,development,0ccb7122ee249a1d5ba9659271833dec06ac2fd4db8cb0264785d1434c683344
chr17:76735130:-,SRSF2,G0997,development,bafcef3251b3bd7ac4537975611159b046b2120230eb4446730f71a958007d88
chr17:76735696:-,SRSF2,G0997,development,dd34fd1a6582fef5ca6f34f3f2a468fe9d59a63722de318dabd6703e76a5ab2e
chr17:76737105:-,SRSF2,G0997,development,be47256432666e19fb5c64da657b770ccc5291afdd491549a6efa68ea7236027
chr17:78174182:-,TK1,G1058,test,c7c166d73d418fa84e955df5bfbde324b5ce798fe85eb0fc2db5b4c2f2fddff0
chr17:78174294:-,TK1,G1058,test,a3a43a6546846b44525057ebcbd6d65628b7f57aacc1b1b7815bebfdb584d3b3
chr17:78174466:-,TK1,G1058,test,83aabb10e72ff10e5fd14eee2d0b9021e76dca8a2e43b9107e97375feb8a3a83
chr17:78174540:-,TK1,G1058,test,9003bb6aff2692dba3bdbd5f8d8b3c3c50bc98fd09d407945727c056f7ce8534
chr17:78174629:-,TK1,G1058,test,1b74e962ba65f2a709009750fa550dfcd239885bdfd03ea4aee8d8c06c8c3af6
chr17:78223550:+,BIRC5,G0086,development,fa94bcb09d46c928b82119c1ca612154e93ac312d4e316b7a66c2bdf39f97d35
chr17:78224409:+,BIRC5,G0086,development,16682d8622559fe6a220251f954a52e5880c421233d595d00c9e28e925bde60f
chr17:78224431:+,BIRC5,G0086,development,66c79e5ee7d569f7a3f46e63d66507fcfda1513b1bb9f28cb1c700844efbac18
chr17:78224583:+,BIRC5,G0086,development,f80cc8bb7b6795555cca80de9eb0362d57fcd2c42906363003900ca43edeff3b
chr17:80135392:-,EIF4A3,G0330,development,e6594666832e7a7d9932a25b00fd8e843770fb6523cdc959a202c3ad50ac63ef
chr17:81241022:+,NDUFAF8,G0656,development,fd1ac91e430f5efb75b6c1c021b9dad38f87db978cf2d839f27066924d73211c
chr17:81510525:-,ACTG1,G0013,test,150bb89976c1783b1262c705b11751272a8fa99db698803d12f9cd1b9d34cb55
chr17:81510593:-,ACTG1,G0013,test,863f20422d39fb1eb3c23f99ed2dee3b8cb2576c9feb53f0fa5514f17970aa32
chr17:81510685:-,ACTG1,G0013,test,b905774b240cfbd5b559fceaf9e1910d8d70984aa05dc53a2eb4df4f997b378a
chr17:81511529:-,ACTG1,G0013,test,894338eceefd7e1c4c4d964e779f985d32a576b6bed8ecdfc2d47630ff66c5f8
chr17:81512114:-,ACTG1,G0013,test,fcc07975d75264449dec5fb0f4add2db57846c4686a751f8b579c2dd7eb8686f
chr17:81707256:+,MRPL12,G0588,test,d2df90fb94556518c3fb7b40c98285b70824420306e7e8020683c64bf146e6c0
chr17:81707383:+,MRPL12,G0588,test,d3e4d4cadf6b56d24a51cb540ca8af1c26afe75468779eb0a411247519d530b2
chr17:81707396:+,MRPL12,G0588,test,9638bc45ed4c3b48ab016e1aa8c6c047c04cfc5ba8a250ec8549e8dd1bd27046
chr17:81707400:+,MRPL12,G0588,test,9ed7eef012214e3f44577c62acdf0852e02efbe20691087f62b2a9bc58463397
chr17:81843283:-,P4HB,G0709,test,705afa1648eb3279545e6bfda962bc239f7d3c2215faf2b4bf57ec679787aca2
chr17:81843477:-,P4HB,G0709,test,3ff3739e7b104cde10a48d272002c1f8e8c33aceaf81941d20ee694422972112
chr17:81843549:-,P4HB,G0709,test,15d9abc4b6769e3c105feb6080a09013eb488de2ae4a4f4e171fc6df705bae01
chr17:81843554:-,P4HB,G0709,test,a4aa61a543b82b81a8c4a020276efff3026660f54fbbdbc773ca06fbff167585
chr17:81843640:-,P4HB,G0709,test,e092030911d951b90235bb6f105c768c9c8b9e3f3582a4311987e350641a200e
chr17:81843755:-,P4HB,G0709,test,dbc1a6a7153b82d38acbb05d1d8e766493263652ad95c8fb6e49b6a182fc105d
chr17:82033876:+,RAC3,G0821,development,b3b4a3a3fb14e9273b9f0a74c0a9df7b7e4807d9bd70db48bb5260ba2fd9cfea
chr18:3277942:+,MYL12B,G0637,development,dc17ce66e95d3e35c3cbe2b173e9adf041ab2b6fbc71881293e918d82189ef20
chr18:9954388:+,VAPA,G1160,development,62656e63beb48e6616d2da3445471ec49324b3c9185c5670bb114fab0b5a3cd5
chr18:12329115:-,AFG3L2,G0020,development,3be0fbde0d5f68a9d6aef4bf4ff144179eae17ca52d70245b2b5011bf6d904ad
chr18:31545977:+,DSG2,G0291,development,b1ff1236fd03e0b448e96716c0bd847905ee75df7ce1f2ebde79bc75128f4aa6
chr18:32130494:+,RNF138,G0850,development,f1c374df7dcbff6c289d3f49da96a4edaab299a4a33f07d7618441557d9c993c
chr18:35709908:+,GALNT1,G0380,development,384eeeccf7fbe5dd78f444f731aacd138da06c97a77adc56e3dfce8dc1c7e2ce
chr18:35709914:+,GALNT1,G0380,development,5a08e1c48c10623278364a31f52c242d76442d4ec2f1c39b912e2fce894f0b40
chr18:35709968:+,GALNT1,G0380,development,874aa9fd6de8f0803974a769e843ced20945bf96c74270f301e92deacac4bf6b
chr18:35709984:+,GALNT1,G0380,development,f1c728ec69752e611b749864e6f8d94975d9ba265e839856f1e8d16cd6444986
chr18:35710090:+,GALNT1,G0380,development,0e83195d4c1771802483a2b7544ce7d06aa29bd6c2050a67b55338dc1b1251b6
chr18:35711307:+,GALNT1,G0380,development,8753cfdfa4cb08c3da2d88605e582e4844e3ca52ed1290376df266e5a7252cef
chr18:35978960:+,C18orf21,G0105,development,14ee388d4d9edc3d5cbc42dd57fa16f76d5cdceff5bdb40a488149a3977dd2b5
chr18:35978994:+,C18orf21,G0105,development,9e1800558fe24a7a2da5842ee98b5182cc3c3aef754d14b0ac65ae0bdf268706
chr18:35979104:+,C18orf21,G0105,development,3bec7a2029731e11720391eaba94f194a8112a9017e9cf6d2e9c0d072b5ae3c8
chr18:47155953:-,IER3IP1,G0490,development,4a9450a739043d201472a3fd3d610812bc7ce77d95f61aae43deb54847dad9bb
chr18:57601736:-,NARS1,G0643,development,26c576d555181702bf5c4f64c0a80309bc6b7a632298ccd870a07b1d1d4ab801
chr18:59328422:-,LMAN1,G0524,development,b547bb9995fbf0af6fe8e257ad175d3e42cf9f529b4704c9a4919e55aa4778a7
chr18:59900076:+,PMAIP1,G0750,development,77026c7d09cc76f9bbfa0b7e93ee9fb402959800727c9a07d6994c50c242f043
chr18:59902693:+,PMAIP1,G0750,development,e7dc76de677a402bdde7aae5d8629485c7637b472b46695d083eb6606559f3be
chr18:59902698:+,PMAIP1,G0750,development,d6149513889a1b8a39621d5be6b309fe237a30f74d41aae48e73b9d39f97fc6b
chr18:59902732:+,PMAIP1,G0750,development,a5ee04dc5a78ea6e6bf7043327c28911843b051455fcfc027bb6909df5bd60ac
chr18:59902748:+,PMAIP1,G0750,development,5aa72e3888149d5d916d1fe3c96cac84bbe2b1c37b9e02fae3b0bb049f175e07
chr18:59902753:+,PMAIP1,G0750,development,dfe15e528207450eb9462590875bd070e6ec1332d70f87cc2995aea9178247fa
chr18:59902765:+,PMAIP1,G0750,development,bd4bb232dae38e4d9270972a56560f4c46ab6e53430dd9c6301d5e9d4774678e
chr18:59902779:+,PMAIP1,G0750,development,87cc55480f5671a432620b1741bde02e9cad01b21ba384232316a8bc3ff6bc2d
chr18:59902958:+,PMAIP1,G0750,development,29957a947896a16bf81444e1f0f404074b3439ba879f0eb395a78f7a3778a10d
chr18:59903029:+,PMAIP1,G0750,development,4b78564da41badfb92feb6cc9c6910047928a588f495029cd75e050196dc7c74
chr18:59903119:+,PMAIP1,G0750,development,70ce09244b1fdcd283a3e41437c78bc77a5f3898ef4b04068c4039cf1095b434
chr18:59903138:+,PMAIP1,G0750,development,773a7fdf5d4036b644e6d34ec673b440805fb9aa3558631c871266587d4005aa
chr18:59903249:+,PMAIP1,G0750,development,f7e7bf3607ec75f60914c8a975b17ade0a0c64da112ca3a3ee42bfcf6e3b3a0a
chr18:59903478:+,PMAIP1,G0750,development,1bc0dcb2fb84cf2e3228bad5d8e1ad9a570c5d01e0b029c245e1b0f87faf141f
chr18:79973633:-,TXNL4A,G1123,development,ed255c7a0c2f5cb26d66149379469a672a74908a7801c8ed90df5a9727389eb2
chr18:79973710:-,TXNL4A,G1123,development,be3a3930b8ccbc4854f30b2319ff85e538ac47e6941969bcfb2a490199b1481f
chr19:541596:+,CDC34,G0153,development,a78e8d6ef1db7bceca041b713690d53d3e4a875f4f1d2462d188a74dfb517168
chr19:583212:+,BSG,G0094,test,fed0af94b5fd89a0c17c80cf6c2e73df49e263a46620d088e71f34abd0710ba1
chr19:583239:+,BSG,G0094,test,d9b5cb3ac1e93a4f9b4fe4fd2483e1b5170a0ab1e7934e4dd1efc04ee1c9b6bd
chr19:583364:+,BSG,G0094,test,1cf9c219e3003cc975fdc064e7335cc02e56740b1f4d29d406233ea9f0b05ca9
chr19:797452:+,PTBP1,G0804,test,be4bd230ff927f7b9ba7a7c8c9f178ea3b180086c65862d10c3425aa1491a5f3
chr19:810909:+,PTBP1,G0804,test,7f055d617ca6862c393d2cb37fecee19d48f243fea5ac0fdd12f16b9de28065b
chr19:811011:+,PTBP1,G0804,test,d4968164b9e9cda73a1a1afd3b6fceafe8e8201a231f90cae41a2a01699ca3f2
chr19:811030:+,PTBP1,G0804,test,872a64c2f13c6d3054f1507d927740bd40dc68720db7033f75a57e8a90329815
chr19:1597337:-,UQCR11,G1146,development,08c2f67c5f87f0079d00b97b2cf21968e22e5172aefb9683b56eddbc31839913
chr19:1597819:-,UQCR11,G1146,development,ea08bf1e57626ad97c08bce0b360c8b621e601e1602f10571ac17b0eb63fcbeb
chr19:1597915:-,UQCR11,G1146,development,558f7b7e49a7d0c99451a4f2963e7a86651df383d9b194a1599c6fff3879fba9
chr19:1597921:-,UQCR11,G1146,development,bcdb871299f69c1c67baad100a6f4b364e703c284c174a275084e426cac67056
chr19:1598004:-,UQCR11,G1146,development,a552f4b79931c8620802d40e1522db71ad8b1be690e5c2c682ad9611e525936d
chr19:1598010:-,UQCR11,G1146,development,7b219d77871fa7b86b884535fe878e4c09f502dcdff82cfb9f24c3ee5b577487
chr19:1981135:+,CSNK1G2,G0230,test,a99d4301c3c9f68e6b3910677d5a9c14b3188432cfb60dd052ea9253920620f3
chr19:2321623:-,LSM7,G0540,development,425bb8778d0d0574e99c1300790afb6f89cb095c6eb94570787621fb9e58d029
chr19:2426643:-,TIMM13,G1049,test,49421a29a39dd9adba1d62eb34644dc404d548bfba1eb8a201f48726ec3bfcc1
chr19:2426656:-,TIMM13,G1049,test,5c0a965f8332e042306b35a3cc20b82841e2f4093a439e67f0d817857c02a814
chr19:2426772:-,TIMM13,G1049,test,9073e979e1da4fa7e9a97683d67ac9cf5f559b1e55bfda0b8198534249883c78
chr19:2426824:-,TIMM13,G1049,test,d343585c04b2977d2942606383fef1e83c41b25b08de9e3fff722da8241c2e77
chr19:2426833:-,TIMM13,G1049,test,08a67d98928285780b20ec1694a478b5e247646da7c58f5b4b029e1ad528b0cb
chr19:2426874:-,TIMM13,G1049,test,f2ddaa207ca8fea26e70318d5f2fb34cfdf35276ad6195b60b8ca033b7c503f4
chr19:2428299:-,LMNB2,G0527,development,9cd0592efab970e10b7be0fc0d9ba88df1435dd5f135ae593522d8cd6c3e102f
chr19:2428412:-,LMNB2,G0527,development,31ab2df21cf3f240594b2f41a98892bee758fbd3feab01b200a58377c0718b4c
chr19:2428596:-,LMNB2,G0527,development,426d9d53c069843d666018c07334088142f4c92107b088fbc1a2da8f575b74ea
chr19:2428896:-,LMNB2,G0527,development,9e10cd3ca26e68efdce4791e3b4be0f8e3d609e1087373b4299130190ca6a587
chr19:2429250:-,LMNB2,G0527,development,cd89cc344beb37b12936b7a0ff68c245b1f881a443a0eb209fd3c2e391d17335
chr19:2430280:-,LMNB2,G0527,development,1f4f5117fca7d1cdd3913891071f579dc9f8f6017a3f3495c22abe8ad3bccd49
chr19:2430287:-,LMNB2,G0527,development,e39dfa90622a9681ec257308e130f76066e0e4312c94340214b86a5f5e99d377
chr19:2430424:-,LMNB2,G0527,development,a0475eae67974bb4946f764a27c8fb31f70619a1122d6701dda0ad12054b7eda
chr19:2430791:-,LMNB2,G0527,development,d0d834d61fb02d7dc2779b1e549b9cd8c2246e052c1fe6f4b68becae276482c9
chr19:2430800:-,LMNB2,G0527,development,bd00f8a837ae647588608f00f268c6dd1c123c594da23a113f5b00fded2bb8d0
chr19:2430862:-,LMNB2,G0527,development,bc35095e4004b4389df9e5d7f8cf35e83e77364e8fba22c50f3df9f8ca533494
chr19:2755299:-,SGTA,G0950,test,a4b10079a2be72447c1680b26e1f670fb795939ba8682db8c6489210f94a3002
chr19:2755312:-,SGTA,G0950,test,f0283e837e2384a2db2860a8fd8fe442ac49daf2c6388f1fc8b82bbd55f65935
chr19:2755367:-,SGTA,G0950,test,8b05068b9efc1acade4c762b5a2646d0d290fa674e5a55b0cf6719e20eda114e
chr19:2755393:-,SGTA,G0950,test,6d7dd878e23b72ed800638b2b2da7c30fd4dc64a311063185ee3940861d423db
chr19:2755520:-,SGTA,G0950,test,27db79f36bfa7f311c396e499f257925e9675c539c677f501fd68e3d111a7def
chr19:3578924:+,HMG20B,G0444,development,802a8c0013c6d4e727b9c3ff5f644b8fa152c9582330a0d499edfda95c5cd30b
chr19:3767457:+,MRPL54,G0610,development,5b0717871eba847c217750f9bc01700fb270c7a0cca99d2e935e4f961a220b5f
chr19:3976163:-,EEF2,G0310,development,f8c43cd101b32e40f8eaa34da30e99a67e90d1875217d68e1d17e66079fb8e0c
chr19:3976328:-,EEF2,G0310,development,af2ec4ba73bd7efdeb80d94d5c4f23bd01467f9a10d8aff0be3e491339923d20
chr19:3976468:-,EEF2,G0310,development,998e7e8dcbcdc980035d4b50b8c4cdcad01e98ddeb5ac4cc19b3c42f137b9a4b
chr19:3976520:-,EEF2,G0310,development,65641ea129c66ccb55a0d6a0a017e581b06fde9ff019ef8800118a87d893cb39
chr19:3976564:-,EEF2,G0310,development,1dcb90de40ad3360ed31d18f33e9794e9cc00054efccdd2e2ef4897def83f38d
chr19:3976576:-,EEF2,G0310,development,30e60f674b2d665ad2e0dbd35e6d6ed001377d2866ddd303f5cae095c38fd9ce
chr19:3977856:-,EEF2,G0310,development,631c6bad3cf0c5442b8b9d7381e643ead899f7af299d8e7f008b19eb341f0d16
chr19:3980010:-,EEF2,G0310,development,cd73a51b68c854c432f8edb767da7d99d7ecb45c8ffd0788c5f365c39a774d0e
chr19:3982273:-,EEF2,G0310,development,095209da57e0aa1988dd4bb44f84ad62db4d3af9bf2f9728a1c2e789119cd757
chr19:3983121:-,EEF2,G0310,development,0a95890a1c1fb9af1eb93ee610180d40fe35e2c9e8a8b71b26f821b6e749a024
chr19:4657758:-,MYDGF,G0636,test,6a94452981a0b020e0b9a62cc78ee38efee3d372eed7f76b037a5f0a387adc74
chr19:4657905:-,MYDGF,G0636,test,f48c54f905d4659c55071cf642bb5eba756a78d14b89415c5b396547384330f9
chr19:5690265:+,RPL36,G0874,development,9fe6175d90cbec432778c65c0856708355623e48df6f01b406e10e38b94cb057
chr19:5691617:+,RPL36,G0874,development,dd5a9f994e10c3585c14d98413e9eb5cdde1769282c44d1d22183463190aa2df
chr19:6414621:-,KHSRP,G0511,development,591ccf455524fe564141386dcda3b13ccfbe8372cf7ab630a3d43e3b35a06bb2
chr19:6414653:-,KHSRP,G0511,development,48c80d46ee6140eed41290cfd458e78a394a75666f69dae8ba8d3aa0daaa8468
chr19:7682654:+,TRAPPC5,G1099,development,ea55b648508fabc6d611cffdfa2844df0c42ceb4aafc7d9d10d2202f8b9b40f9
chr19:7943666:-,TIMM44,G1053,development,2fd8a8af4733c2c6ed0bad0a0665d401f797b4d4a997b3ec320bdc502a2f8916
chr19:7963529:-,ELAVL1,G0336,development,24120f3a5eaf901bf16a2e0dc82701c20bf2aacb85c7d6632ecc6ef841bdcb07
chr19:8302286:-,CD320,G0151,development,d00cc57606cca773ce1e0873c66784b21e88762fcc65dd651699b46e40be4a01
chr19:8485753:+,HNRNPM,G0464,development,b10300aed87c039ba8d189220107de497fa6aaaa54800a153cde92fa768f013e
chr19:9849432:+,PIN1,G0745,development,bcdccf9de5d582bb0f3dca963d980ace3f35e4470aab48aea60ab17dc5792c37
chr19:10684602:+,ILF3,G0494,development,2192463e317276eb3fc6de47b64557bc68630dc94d3cc861ad42e18c6cf08810
chr19:10684625:+,ILF3,G0494,development,80516d1ad0ef6d8d4b6b3bd0878fadc89acb8f1e6c60396eba62018b80048d53
chr19:10684658:+,ILF3,G0494,development,cd8f6afdf158568df0c2b2548fae478cccf49b4208d115fe6d7ad01e32b00353
chr19:10684744:+,ILF3,G0494,development,de8ce674be695e7db45b8986d153ffadb7ab5157d6905a016a8cf7c7864fe1e1
chr19:10684815:+,ILF3,G0494,development,81b335956a56836342013df6a2656f1ca6c012df5a08324f246629507a6d9a35
chr19:12668266:-,WDR83OS,G1174,development,02ac962bc2aabe8ff44712e1c2931fe434433f70e4ffc214dcf59527d7b736b2
chr19:12730768:-,TRIR,G1102,development,f6e20498c60aabed415501fc1681abafedc7a48e7e5deedc30f292d3919b9c13
chr19:12730778:-,TRIR,G1102,development,60bcc0534b02a08f69b8f04a6ae0fbfdbbcb62a5b77823491a26ba2a830b309e
chr19:12730812:-,TRIR,G1102,development,c2802adc7f985d0aa3a1838e187b5c6d70af9f19594a636d721aeb647b0eae42
chr19:12730825:-,TRIR,G1102,development,ed4c702760f1e3a71f45bcc18512c2ab18e5e0fb1d08d89aaf432875f6d721fc
chr19:12730868:-,TRIR,G1102,development,89b902324c68b9c5af7452145ef24c1b8c6106f465fa615103833f5e938e9401
chr19:12730930:-,TRIR,G1102,development,6f0f43086498761eb17e7436dc1fff4e6fa2a411f6d792dac29eab90470fa827
chr19:12813506:+,RNASEH2A,G0846,development,890a49a99e55cfdd9a52c806a4feb50a91b6c50b1df7a8c66da7d46c78003e95
chr19:12943903:+,CALR,G0124,development,b5ea940a7a409384724ec8e6629c111ffb124a212416dbf92efd14d5a977948c
chr19:12943936:+,CALR,G0124,development,af296e4c3a1de1ee2f52992b08eff9021d9fdb6be55d3ac568b1b15fc812309b
chr19:12943994:+,CALR,G0124,development,d6e687652d30435a25a83847121b667302812ed1e67618171d8bc70da756eb84
chr19:12944002:+,CALR,G0124,development,854deae4155827cf3afbefd6711fc3aadd6d203540fe067edc8547bc0b0b36c9
chr19:12944030:+,CALR,G0124,development,7000a5c9034df976f61a7d282b18aa7c893764b5ba4cf3282b6e1a2e5e1dde26
chr19:12954335:-,GADD45GIP1,G0379,development,fffcfb03357d0588594bb7892951feaee88e6ea7a901c5fb07898c1de6c8fb93
chr19:12954371:-,GADD45GIP1,G0379,development,3b75777d5efde888e9319663ffe628f819c89fe17c9c9b35bd10a7a7cac86468
chr19:12954476:-,GADD45GIP1,G0379,development,f9df255d1397060b81a0cbb8964c2c81c1d145ccba24bade8e1e3f3639be50bf
chr19:13778201:+,C19orf53,G0107,development,c064cb94a7aaa0106aae6819e17b401bb910a0c19eb77910f9217f8ae6ed5b20
chr19:13778250:+,C19orf53,G0107,development,3f63430fe3e11ae27df65f3cf8fc7aebb677d88b107e3f65fbda4ae5e5221c85
chr19:13778291:+,C19orf53,G0107,development,089fee40037d5b5c20445c1906addb6034430d86f7a54d3675bf035aae00868d
chr19:13778323:+,C19orf53,G0107,development,0963abdfe181cb378631fc3f01149aa9e6fa22323ef5d80f18bd63d3492418e8
chr19:14515140:-,DNAJB1,G0282,development,784acaf8e6ae5e273702e4ebef2d5214c1a3e80f9630a242913d4e56df7e1edf
chr19:14515147:-,DNAJB1,G0282,development,b9386a9ab0daa97fb62399773d70c50f09f304e624314e755d94d2b872f8d996
chr19:14515408:-,DNAJB1,G0282,development,841e2b385cc22d740b7e83ee2497073e5b035dbba0c19bb7c7e47ce4bd4b21c4
chr19:16191551:+,FAM32A,G0356,development,d9688f31817346be1d220fdd753d378a870d3467e7633334b360de25f70896c5
chr19:16191627:+,FAM32A,G0356,development,33209f34eea59f5367d0a64f57f18ab2e705e8ef08b50aca4beec29724ef3a85
chr19:16191663:+,FAM32A,G0356,development,4f41d78dc8dd950df7880332bed30216c6978d43194e1dcad88156c5dd3fa3a7
chr19:16191773:+,FAM32A,G0356,development,fb5d2404dd96195e4df92cca08534e8754de32adfdffb20f0386552d21e71535
chr19:16191819:+,FAM32A,G0356,development,eeba3db8bbc38ba81ac98976137808844a45011705e6699846ddf155cd6bb227
chr19:17232066:-,NR2F6,G0683,development,70f43a37da2e4041f21be38e5ce522a64d151d695fabe1a19a344d3e388f8785
chr19:17232097:-,NR2F6,G0683,development,986eac174f97ad47683e10238ca43a28b821256f8cbe39ee8765a7cc2170d5af
chr19:17232166:-,NR2F6,G0683,development,19f887930b6fc712b34010f7808c6be227fa297b35153bc94a643a2b7f03dae4
chr19:17232220:-,NR2F6,G0683,development,7bf09983cfea0431cb669bbe497a4cbdabbd683876b39ec3b72c154345642567
chr19:17232237:-,NR2F6,G0683,development,b7042ad63c1f6c191ae4c54a9217ded516df91263a27d8f32246b1e37dae2be0
chr19:17235600:-,NR2F6,G0683,development,afe5f3f712a0f506051af648565344207f653f39792635c6e7159c1a69c19711
chr19:17306572:+,MRPL34,G0599,test,9d8e0e3b348548a8a611fd116ef9b36b0404e3a1ab30da432fb251a6e36c639b
chr19:17306593:+,MRPL34,G0599,test,5212ce1d87409f9a362a6188097f777b8b3ef82f6f5328005b01ed1127e5fe02
chr19:17306605:+,MRPL34,G0599,test,2c479e87d9e4b426cf7ae0a506372011352533c75bd54c3923b2fa8ed38df778
chr19:17943681:+,CCDC124,G0137,development,c6821b63347945784fea6cad1b7c9d646d19f9afff277db9c73f99fbf1837da6
chr19:17943723:+,CCDC124,G0137,development,170eec10037952ec31d92b28685a3b49e4cb9a3f2f386c843ee32c556bc85a83
chr19:18307011:-,LSM4,G0539,development,c68169d386d4d3b751c5ba8b36c08066535dd1999971c89d20624ce52e5502fe
chr19:18307073:-,LSM4,G0539,development,e1385cba42033bb8196d7cd2a5ef2c2f5730c87c2a37e3ab2b11b6bcf0ec4359
chr19:18323076:-,LSM4,G0539,development,3a725715c29a0cc49adfc87cf71d2c981d257e75b47d7b1883d4750dd503b2e9
chr19:18575229:+,UBA52,G1126,development,561570db5566e9f6fdc134e1bab8a1fc46c256980cce662b696821ae818e8759
chr19:18575304:+,UBA52,G1126,development,c9b20f79b9a42fcc55495941160170101da4d7596bc947e3770422adf66af401
chr19:29207494:-,UQCRFS1,G1148,test,7f476d039eede11f0f22681d50c1bb07882f9f48b8a793ede9b53a932c398e6f
chr19:29207538:-,UQCRFS1,G1148,test,5c0a34f4554e1378e4378578c2a7edec19133a8203bfcd133bddd27c53d5afdf
chr19:29207544:-,UQCRFS1,G1148,test,035dfee5e2628ec898a5019127e01ad7488361aa82a7b8d46f50d11be25f61bb
chr19:29207783:-,UQCRFS1,G1148,test,764b353a42ed7ed7b60b9bdc9c03ac4592d123bc93b36470e82f0761defd17d4
chr19:29207882:-,UQCRFS1,G1148,test,cd27fb5cd5e6d00b1935dad940f16f9a4f9c61805bdd0be4fff57579aaac0c95
chr19:29208009:-,UQCRFS1,G1148,test,2625fb6c9d80ced7a3f43585c6c5e9d8cd931d8540eb1bad945f53fe8c5cbabf
chr19:29208021:-,UQCRFS1,G1148,test,7c8e56f8ee3a39c71d58e485a64e83c815972ae76359237fc28d9e8262f6d215
chr19:29213162:-,UQCRFS1,G1148,test,956dbcd5bde8e669fe1862b0bc97a5cd1f94545f93e3500ed78dabdcf0bbcfb0
chr19:29615366:+,POP4,G0762,development,288e4de4c74f4c635cb079bdb1df04d22cf36e6c4e36be97fc900b0f432fe492
chr19:29615373:+,POP4,G0762,development,312273585a5b7c1c3ad079f93d4b5c88635ce462f8125fd6ae3ec8e09a662e56
chr19:34469323:+,UBA2,G1125,test,d10ad8b0d2a081462c4b2535b98e6c995e0ae3e6f31eb926e2d4331fa9475f31
chr19:34469369:+,UBA2,G1125,test,9f06b97158fb6f4c8380be322c27db78a359768f33de672b3fd5627cd3bae252
chr19:35648323:+,COX6B1,G0219,test,b393468f7b755aaba984d502d95860c7198257fdbe046fbc2584842aa388f48e
chr19:36150043:+,CAPNS1,G0129,development,365d4f73775c405dc32efba15de6728aa931fafcdb82f45ca3ea779fe695d9f1
chr19:36236193:+,ZNF146,G1199,development,3b2b72260d75d68b8af16a0a0ad010295d91dfc9710d039785edc167daa32198
chr19:36236259:+,ZNF146,G1199,development,ab732826a74e22fc357b30357ebba82b7d162e28a08ce9acd5a28d30d343391e
chr19:36236967:+,ZNF146,G1199,development,a99cb8ab0f927fa0cb87ffb903296108a8aff63ffac95fcab6dac2bafb910cde
chr19:36237029:+,ZNF146,G1199,development,16663909cec73be1f9fee8ab48708007d303b45018f848bb3d96e4378cc0f7f5
chr19:36237444:+,ZNF146,G1199,development,85bca7c478e4b2fe78bec2ecdbb024c86a981a4abda11664c2b27d902b04e1da
chr19:36237453:+,ZNF146,G1199,development,1f324d684671a2f6995e0d1801c4e5290615b48a4a4cd4199a07f34f001d86a2
chr19:36237573:+,ZNF146,G1199,development,1853563eb3bf8bd60c3e06815ffe00922e6733df2aa95ae0e5d6b91e110a80e7
chr19:36237712:+,ZNF146,G1199,development,f18a10094b886896976fc7e1d8c6def92818a59524dad4e1102205d82b57a73a
chr19:36237759:+,ZNF146,G1199,development,13f6cdeae5bdfa3ceb0a6859270ef553fd00a21be9fd98b8239fea51b3cabaf1
chr19:36237824:+,ZNF146,G1199,development,86f587b124796ed4141a8ad5ff2f2548dc52054c2c6a0a6a3e6280f76b4f04d1
chr19:36237873:+,ZNF146,G1199,development,0d783d23511520ab82c363e7a5299b0d7a2a43aa14a3f90b8209fe56e26978a4
chr19:36237880:+,ZNF146,G1199,development,e63b38b6fb611549c18b87e9833845f3cee9501b3a030b9f18de7bf57be38367
chr19:36237935:+,ZNF146,G1199,development,48c0f26cb3b1436b21cc65df26e07ef21d8d9c83ab16306beb953aae0ca3c700
chr19:36237950:+,ZNF146,G1199,development,791440b2d6e3168e056e4b51b990e948d467175d0d63b74195d6caa77413534f
chr19:36237979:+,ZNF146,G1199,development,1bf78ebecba44ad158ec9b1c635dcb2a3941c1eed817d6e62b823583ae669f2c
chr19:36238049:+,ZNF146,G1199,development,65d315771470096c49d9cef14f8728e7cd3b3ca24f633d27d9085e82d5a66e1a
chr19:36238087:+,ZNF146,G1199,development,66c4e6f56c293eaf87762d7bae1bcc687c461e64993442ebe781b286ee26e215
chr19:36238107:+,ZNF146,G1199,development,bd7d5394017d4ae07eb9425db87617f2ef42efcec4758f8d598f08c458b3de1e
chr19:36238239:+,ZNF146,G1199,development,6a637e2a6b5405d84b0466feb18e7782f1e3e5f68ebecf89c5154b8ffd6adfca
chr19:36238437:+,ZNF146,G1199,development,58b3caa28fb91af02f65f152922ab5785e2fd1ce3b147cb6dec5309808f6430b
chr19:36238478:+,ZNF146,G1199,development,c16e787f14eef730c7afa36c1732ee8ef283566995da95d79a9c3fb2105c2fbc
chr19:38383469:+,PSMD8,G0802,development,3ae4eeaea3f855c2b35072d53329291d9ba1906aca39fc7cf4242981d7b69936
chr19:38383542:+,PSMD8,G0802,development,325fddf27c7b3bd3421bced74716b98f69037ec36c9bf8ed14b2b0944a45396e
chr19:38383697:+,PSMD8,G0802,development,501f065604e64613e90338c184bef1f896d39a0a425d171f745cd5af1b7ec3c4
chr19:38383717:+,PSMD8,G0802,development,f339e14ab83475a8676d869bcdb247d8b8debbcce32e6cd595b365bb5232fcd3
chr19:38930951:+,MRPS12,G0614,development,aad479fdea5215e79506452533f426c899cfb60d507201dbb9b6af3bf8acd647
chr19:38932633:+,MRPS12,G0614,development,bd7034df2fd3ea47d34fbb082b21a7eb82a5bc6401ba80c875839185749d5a14
chr19:38932700:+,MRPS12,G0614,development,4d1798f9d4b26e0b18f974f0e78b10b62f8f0730f483511ecc047c4655f37fb1
chr19:38932737:+,MRPS12,G0614,development,17b375ba3b1d59f0c6278212891072cd348fe67196c3cdefe3dc11826180771e
chr19:38932743:+,MRPS12,G0614,development,5a74046fdca00046185381e454d3fde990b08d8d79c3e3836ee6096260b3a090
chr19:38932814:+,MRPS12,G0614,development,6054a6ae9ed5018105daef362902c0decf1e33abb3f311f620afda786fe46808
chr19:38932846:+,MRPS12,G0614,development,63de75efc918d782d38ea131055fe11f17889303f0b73245e7da93ab6145cbe9
chr19:38932937:+,MRPS12,G0614,development,01d4280869d954b21549cd6a2577d404d279db234c685e2710169d45c8ff1a7b
chr19:38932952:+,MRPS12,G0614,development,4c7cae59def7214d03fdd05628eeb49816448ca384c25554dec9899bc2fddd1d
chr19:38932957:+,MRPS12,G0614,development,c88cb9af339306de6fc43d7dc5a9e6426251685a03e742d35948e5709e0b4ac5
chr19:39538957:-,EID2,G0313,development,11b214dc3cf668dabfa9e98dd8c17f05bd0dd9340a6642fc185071f654bc767a
chr19:39538977:-,EID2,G0313,development,269cd2aa5244864a0504841aa040b7a38bd8fd964c076da03236e8dd0adbe442
chr19:39539009:-,EID2,G0313,development,cca008eda2f37aa906b870031f5d71f0ab6c96ff18933825857bd27167625e1a
chr19:39539069:-,EID2,G0313,development,5540849fcc365be30f31db733f861aab44022ef8ff21b9c0f56ebd947c5ef653
chr19:39539181:-,EID2,G0313,development,7aa52510e0fcd0052a828b2c692d598cc626ec3c432aaf4fd51d04548ae9c3c2
chr19:39539342:-,EID2,G0313,development,61770bdafeadf752a76df58008cf63f94f063c4055b357b1c35507d6092917cb
chr19:39539358:-,EID2,G0313,development,d8d059f166662db530358ddcd42ee8d87a4f8ce2a72f521883c6f35a85c3f881
chr19:39539402:-,EID2,G0313,development,573dfa68e2442249f90c865c2c183712044cdbfbf30abb612e19203001bdbc87
chr19:39539437:-,EID2,G0313,development,6c0bbc8e96d5a5b3e24d91679d55a1d3648a79c6fc88bfb745873de07d427863
chr19:39539469:-,EID2,G0313,development,c7f2a46f9d7e5249eba4ce1e3865c794a21c89c4625c99ce55931814bb72257a
chr19:41860213:+,RPS19,G0890,test,c523f82fc1fa9f4ada7da0923b8ad7ef944a7e0016f8c0fb9294d54aa9e8edda
chr19:41860215:+,RPS19,G0890,test,d2eb5451fc3fe120086b9da220bcf2cf2dbf184f76f47a9d5b84e6818e06e7ad
chr19:45687687:-,SNRPD2,G0980,test,b65085f12527fdb64ce67c5310e4876a39f9e781e6c0934906ad147a084f3215
chr19:46609268:+,CALM3,G0123,development,c3e1c4f16eb19405730a8aefc4133b647d72235c40642848398e8dae83869340
chr19:46609775:+,CALM3,G0123,development,158deb142c987360bdee7888f9e99a1dee4debbaa5040aed965ae690f733aa9c
chr19:46609858:+,CALM3,G0123,development,97a7c356004e126ea76b113194af7ec203bb8484db90a78787b648bf3cac5b94
chr19:46610072:+,CALM3,G0123,development,97111aa6caef1811ca188b51d7d9f58d800f962f0d408469c0aab01752a6a1e0
chr19:46775370:-,SLC1A5,G0957,development,57d685ba86a2e58d29dd19cf3422ec4c468d254691249ce4576207658e0d9320
chr19:46775497:-,SLC1A5,G0957,development,bf4ba5a53695c7558fbe24f4c0c9f6b54311e57de2d834bb88a176e4d2de5fbf
chr19:46787607:-,SLC1A5,G0957,development,ff5ced1d4ca7c96f9f375a637bc19530a4f00d3ce32ec986138ddaba3139edb3
chr19:46787794:-,SLC1A5,G0957,development,0ea9d77504952da1f7c74840419a6f470ce57b1b1332bc67e21ec0a3d117238c
chr19:46787838:-,SLC1A5,G0957,development,6a2623a1082303b1b7baa8174ade509d82516c6cadb70c73d50bcf670998c347
chr19:46787877:-,SLC1A5,G0957,development,e83947067bec1fd06bf664e8fc7527cfa44101eb47552ca16ce63c6f18497d90
chr19:46787943:-,SLC1A5,G0957,development,6de3b9330533f9c262be092c9e77c6b3ad696b22dc2e1bd1ce8ed79692ee54cc
chr19:46788108:-,SLC1A5,G0957,development,4840f1a7c0bdd4a57351de01ebee60c75f7c386c2400523f934f0e4d9681e6ab
chr19:46788123:-,SLC1A5,G0957,development,75ad452e3b817bacc0a88fbe0e849ce455de9cc6e7aaa8966aa6bcae320618f0
chr19:46788206:-,SLC1A5,G0957,development,328f6b0a8cea89180ab597ba2538ead6d54aac246ae04adfb6038938786d1ccd
chr19:46788221:-,SLC1A5,G0957,development,9f6f2ca7b47a2ab3b3c6e23ba735e094bc3a73069694909f16d14d69b51bab87
chr19:46788268:-,SLC1A5,G0957,development,65430811003dced974a66e0590cb91cb1872b4506c64df24f9cb332b0296a276
chr19:46788488:-,SLC1A5,G0957,development,0951eb3f05930348332ca347d4099904df6d255d0c89fe0698b3a3f821ec756b
chr19:46838301:-,AP2S1,G0039,development,4cfadb547c53ee5aab6012e19171e12b365a873166431a7ef8b9d16a6282e545
chr19:48383113:-,KDELR1,G0509,development,92410df6abdb97aa18d44096be98feee94c0ac71a1abb41cc5858a6a70836a86
chr19:48453064:+,GRWD1,G0414,development,2694b29a92fc43674952465922c75f71b16b1a0bbb07344c8b13fad0a06b6341
chr19:48453113:+,GRWD1,G0414,development,0361173cdf0149a965c7abc99e4c802afa503f88c08b7559a031bf06cbc37f7e
chr19:48453119:+,GRWD1,G0414,development,e02a6ce1c16739165ebb7c9e8e3d5a025f56bba2836f4850b9537dd79fbcaaf9
chr19:48453148:+,GRWD1,G0414,development,2edd7be9a7e8d4f4e6d5328d6f6cdbc2d6c4a9edaa653c3ec97017f30135e63d
chr19:48453213:+,GRWD1,G0414,development,e50b0ec6906f970f0c3f666cd43ad45e148ad32f3cd5b81eaa43877ecbbb69c9
chr19:48453256:+,GRWD1,G0414,development,30591f6a4982a48e1d6dabc1b59f93920ac11561131bba60380823cae280b24b
chr19:49491803:+,RPL13A,G0862,test,12c88f54af11eeb62bd8cebac7298ed1e68924e6166ed22025c2341514928309
chr19:49491827:+,RPL13A,G0862,test,9fd6a4716586f0c24b0af03a5385bbeddd2436c6d4c49150aa60d4467b2c92ac
chr19:49492073:+,RPL13A,G0862,test,f6ea9c55d216a6722d1635ff15369a5d2ef0d4e01c05221c0c88f6aa56d3913c
chr19:49492115:+,RPL13A,G0862,test,ec207c5bcb94e3af7b342f20df417b24064b4c991d2c5e8d8270db614fd6d987
chr19:49677261:+,PRMT1,G0783,test,dc23255a534f7687757b087e1f10f28bfcbecfcf4b7ca96ae9fd65931afe1e18
chr19:50797890:-,C19orf48,G0106,development,d0de7abc2c5fe6b218f39cfa7021e1461a7a502f84e231bd0dfee2476398fa49
chr19:50798073:-,C19orf48,G0106,development,242591c92f3c4ef99f7d32e8a7749bac5b05c489a9c8892eb5b246bc52e67d74
chr19:50798166:-,C19orf48,G0106,development,b8263145cbdca633a2d759fca1e9abcca882b104d1ce24cfa326159333efc20b
chr19:50798495:-,C19orf48,G0106,development,f086d48377670e58c2fd3db27630089b1cc9e66692b26936595fabd6e15ac1c5
chr19:55401464:-,UBE2S,G1137,development,9a3c2493b523bf469cea29f9a9ca450ff9b9b4a7a37a7da7b64029c5ad24bbda
chr19:55486949:+,NAT14,G0644,development,3756b6686430e5fbc3b056d6a2170c4e2367fff762b2475e4b7ac2d03b437b04
chr19:55674058:+,U2AF2,G1124,development,3e73124e8de3259cf5a614d48c678901e5f9ad6143191b09616a75b2b0ba1ca1
chr19:58558579:-,UBE2M,G1134,development,a32b195526e738600e59a28cc0fed3bf95decc6681463097d814a413e6fde786
chr2:277999:+,ACP1,G0011,development,3783b3a869a80e92843843a428c84bf6b98ebdb0e9880d086b58f267a270e891
chr2:3498744:-,ADI1,G0016,development,ca72da985f6f109fb1b57480361eca1a1294d4644590e62ea4f425ead2541532
chr2:3498911:-,ADI1,G0016,development,f1c9593bd829dbf49f7d2499da4e34083a59da5399fca11dc7aa095af8d6f936
chr2:8682404:+,ID2,G0486,test,532eec31cdaab2b82f38090f11047329e147cca6d6b4cd60d1478e3b067b5a42
chr2:8683756:+,ID2,G0486,test,8e3c9e9059cf06b4115c521bcd45f29d6bdf88432c9c8e9d7e81e120b966e68e
chr2:8683785:+,ID2,G0486,test,91547b384eb0846582e58be8f3314aba8e138dffe81ab1020e8938a938edb109
chr2:8683798:+,ID2,G0486,test,2635df00659420ee171480f29706e465e6a0dd0aa6820371fe8577374c1e6ae6
chr2:8683872:+,ID2,G0486,test,705e643d45bc27e70c1f345c35e6957686d6587dd2605fe9d563a23751f869db
chr2:8683900:+,ID2,G0486,test,6e37e0cfdbaaf01282a973b2fbb4f757637aeaa865c94e7bed660cb4f9934211
chr2:8684004:+,ID2,G0486,test,0fbf9ea5e6638a2d089b39d1ef3f4d498a220fe22ae5fef738d52a617a45b7d1
chr2:9630211:-,YWHAQ,G1190,test,97dcd105be58c41c25bd712c26fe945741a9e266e3711a7c0146e096fa77822e
chr2:9630443:-,YWHAQ,G1190,test,2cef787f244b634a0dab074206145c3cca9c39b0cf780fab6aa7fd34fdb3d2ca
chr2:10129391:+,RRM2,G0901,development,31ea4aca1d4f46a9fa0eb2268955333476ae1af84cc306e0f6228cf9df2ac053
chr2:10129513:+,RRM2,G0901,development,884c3d17cc27125f6345dfd129960cb540cc8401cdd4494ed181485d7ee9280b
chr2:10783663:-,PDIA6,G0726,development,d405dca8b7651234dd42da35e3336e6a179ae2aa2a7a58327e2fec87a548314b
chr2:10784100:-,PDIA6,G0726,development,4ad2306059967edc0b78d09cb4076e82510082a9d9713c34ef2e2b5e5eb5f798
chr2:10784168:-,PDIA6,G0726,development,05c36b14e92dacc51b6d1a395066545314ca5dab902264d4ecfee81f87989872
chr2:10784188:-,PDIA6,G0726,development,99f6deb4e4184d69325108b8389b6cd228149cf7a256ed99ff6c87185c852773
chr2:18555539:-,NT5C1B-RDH14,G0689,development,dc9f46be1c43604955add7c8761c8343255e32f7a712e2112c039bbe826212d2
chr2:20447725:+,RHOB,G0845,test,a0d2d18e94602824938e415124e6505db6c44a5fa4a6f9ea233ae5750b6e10b1
chr2:20447734:+,RHOB,G0845,test,f263c5b5c9e199c6b4d87852909d14648f2a82f6478055140b27d4f5bd78e5e8
chr2:20447746:+,RHOB,G0845,test,bb6e0eed7165aa54fbf6c195eb624769733051a7d8b924ee2a10b6091c932c09
chr2:20448207:+,RHOB,G0845,test,820773c159b6d9bb4ca4929a6a4f9bb7adc205be75932cd68b9d8cc3548182b6
chr2:20448689:+,RHOB,G0845,test,426947af6e24994b1ea79237db0ce55af1600672bf1732a654091195e753c513
chr2:20448702:+,RHOB,G0845,test,e3c9402c86985410c137eb5ffa8583da5aba9a5a6c802e4eee04a0321ba0953a
chr2:20448713:+,RHOB,G0845,test,7275adc4cdd62721ffad334aa35c01d602fa6a3f63b47b0771b8f75ca95d0c38
chr2:20448822:+,RHOB,G0845,test,226e9678c83355422253f7b70d657bd9b6ceb3fe182617c76241d99d6275b953
chr2:20448865:+,RHOB,G0845,test,875586e085b65e3674598c20799b5e742a7f5bd407a3e2e176c481790f1f226a
chr2:20449031:+,RHOB,G0845,test,79091fa461887d5a1523cd7fd318ec7b13ab058041dd4622ca1fb0f1fd7dd34e
chr2:24067738:-,SF3B6,G0947,test,0ac8fa7997b04460e380260574c39515ce1ca03477d3d959441781125f3398c0
chr2:26191072:-,HADHA,G0432,development,cee4262597b7387d7133cd073c5081e3268e3221e5331249b44e07b7d506e6c1
chr2:27071658:-,OST4,G0706,development,2c521138768ea68ef4993adf4090b42e6d59e1a318da97db18d7af447c6f1093
chr2:27212361:+,ATRAID,G0075,test,7474fe40175607e9a4a3f85473198d37357f33e786e91b84dcb5b6e9942b655e
chr2:27216949:+,ATRAID,G0075,test,15dff42d853b3a89c6937a6511bcf8a3f8e866d03c74dc575328cc296b9e77d9
chr2:27216987:+,ATRAID,G0075,test,a2e9e7573f2ccf9650b258ab16026bfd499231928adf1d1a3997504095571e26
chr2:27381301:-,PPM1G,G0770,development,08416d39df97f3a688836a6a357bddf8953553bae8ae57ac4a78751d515a7523
chr2:27381314:-,PPM1G,G0770,development,261d8b43f8c58e93b4166068ff46664a55e6ee555de13376c65a3c08d566ffe6
chr2:27381342:-,PPM1G,G0770,development,305001bcf9bbc3ec2d5b3dcd76aa8d47cbec1fe60ee0c00c8c93da97d1eeaca5
chr2:27384834:-,PPM1G,G0770,development,6efe9b4600b64b602cd4989236e5b3ecb2bb32fdd36cb250883377340a6b07e8
chr2:27779500:+,MRPL33,G0598,development,001408b8151154322cbdea5dd68feac1130fdd0fa3ecc4d8ac6655aa0e9b5922
chr2:27779521:+,MRPL33,G0598,development,617d4a57a5e520013192f72aff07268527657429fa45fe2407ede71b036a30b8
chr2:28800771:+,PPP1CB,G0771,development,9a3ce2ddafede88aad169a13c54e6a812363c57a20d83bca6ac9f109732fc9c0
chr2:28946803:+,WDR43,G1172,development,a47773b22bff2e960b368108c3043582b8b41b8167af467b97d915685257130a
chr2:28946812:+,WDR43,G1172,development,853d2354fba6c2d38f308a26d4ddaaa7d00e1ae3e98953ed3f23dcd0498f6d7e
chr2:28946867:+,WDR43,G1172,development,364bfc061467453d499e9c0169ac5535c33647a030d59bf5872abed955c52ca9
chr2:28946933:+,WDR43,G1172,development,dd32d34f217fcb095f81da524b3a5e76a7e505d0db36d339045690198450d58c
chr2:28946938:+,WDR43,G1172,development,075b5ac314e4da878efe25628c8f98327e9901188073dc9f6c15d63ef21664c1
chr2:28946976:+,WDR43,G1172,development,0957c324dfaca277b7e2f28b03a27cb73ab40025b0467d66f4acf4c078a33156
chr2:28947131:+,WDR43,G1172,development,9bcfb7f13737246d001aa859989b68ea5c1c212234ceb6da619aad7cdc064a20
chr2:37227663:-,CEBPZ,G0170,development,96210165ba33f1287e3a503abf82c7d384b6cfdd8c8c58d365f1a2f2967be1f0
chr2:37227698:-,CEBPZ,G0170,development,8345926e76c2b65ad55b21131b8dadc41caace7ec35e868d08c68482b3788067
chr2:37227971:-,CEBPZ,G0170,development,d0cb11a854379b87fa98c4f98886b6949395d42c6d795947203cdcaaba9763b7
chr2:37228006:-,CEBPZ,G0170,development,6a28f1c131c6b343f73b62662b1e17e29832cf83b9ab0e7be82796cbd9ccdc85
chr2:37228023:-,CEBPZ,G0170,development,0ce9bdcb8812b3bee0c35235624577c45de24980b124a03197e3bb3926ad7b21
chr2:37228106:-,CEBPZ,G0170,development,842205ca59a82478f1504d244eb9a44cdd7378315865a572c2ba15ca85a5ad22
chr2:37228139:-,CEBPZ,G0170,development,42f26ffd5375bbe05d2818f39f43961902754fff86cff7b10f8266b19bfcd38b
chr2:37228206:-,CEBPZ,G0170,development,00bd16d4bf989facc2b9f102342aee15efae821fb1745ec8333b1686112b6171
chr2:37228222:-,CEBPZ,G0170,development,93f7c673a9678c48fc1423a72e6821b594826be413b4e7af0a92dd460f7dac92
chr2:37228245:-,CEBPZ,G0170,development,f87951f3a9b4c940368543c10e1cbaa0bb2724215fe08ef6715f1b3a3c0ab160
chr2:37228251:-,CEBPZ,G0170,development,65aa4cc607026600d4d7de3073df954301d5e3e09616022e5b15316f032bda14
chr2:37228306:-,CEBPZ,G0170,development,7277d31ff5302854f82d21225a76f29dc8c613d377fc68b9752c65b5d9917b40
chr2:37228381:-,CEBPZ,G0170,development,4ac938ee3ade1ebdffa270d51e7d69aecc7b58f7a7b29669048d7e0f82b2bdf3
chr2:37228391:-,CEBPZ,G0170,development,8584dc53a12d04bd8f8fb43a52b129aee792b79900e12effa3262500cf545658
chr2:37228466:-,CEBPZ,G0170,development,bc6406c461421d99c41048b430c80715f9db58fccc01f4470e92db73132801da
chr2:37228673:-,CEBPZ,G0170,development,aed8f388e8bb732915170049d3b87c9727b26b5bfd1b7750e88d41cd6089bf05
chr2:37228677:-,CEBPZ,G0170,development,70dc6c45c623e81f9eeb2dc752c07f0315082e353709bf2f85de0f7d63012162
chr2:38482701:+,RPLP0P6,G0885,development,4ab1435e3175646f2c1a43eb1ac0e50cf9247f8cc9ea0c54719fac18ccb80dd7
chr2:38748935:-,SRSF7,G1002,test,a4a340437fa515ab0639fb28f98cb1bf0d9225e8544e20d363264ea8744aae68
chr2:38781764:+,GEMIN6,G0390,development,2f1559a06eedcf784e641f766132f3fa4ff1a2d3829d6dd85847b485d6a624e5
chr2:38781788:+,GEMIN6,G0390,development,f1f97a4ab3a9b77cffeb88639c98658b1389422c39f901da3c9cd5fe3f5991aa
chr2:38781795:+,GEMIN6,G0390,development,92f46e401afaf143eb1819a074f45ea187e300f2d6491aeda03647e7f456a109
chr2:42361173:-,COX7A2L,G0221,development,c3083343be1ce2156bbea9802173cf089253989cd89cfd6cbc28c799c2783534
chr2:43887877:-,LRPPRC,G0532,test,4386696cad1a9a286a1986d35e1eb544f3051f6d10b531c3d6fa48aa81808c0d
chr2:43888142:-,LRPPRC,G0532,test,c61c7ef5c1da942f388e3590fe3234ef13078ff3c6bcf42ddcaccb0b67a94233
chr2:43888211:-,LRPPRC,G0532,test,64a5bad31308a9bce177b6c6e9f3c18c76cf2b9efaeada1658db26b4b534bb48
chr2:47160397:-,CALM2,G0122,development,1e7742e4009869a4bedba821c1e663e603834f7f0404530ae09bef4a4203e1e7
chr2:47160404:-,CALM2,G0122,development,c91de6c0e1dea57c43ad91083d0807224b67720617d78a3c54dcb9ce4df04fe3
chr2:53774304:+,CHAC2,G0176,development,4b38e2bda708d8d4ccf256743649ff49b7a49733334c93338886bb3520ea9160
chr2:53774347:+,CHAC2,G0176,development,5b81adba239fe2b1126b8f8b930626681ae4b5f87877f3996ce5fe80a887d028
chr2:53774357:+,CHAC2,G0176,development,c0c801af03b3a235301301dae2d52039d28e64afbfe8a19c75e818ac63fc3d92
chr2:53774785:+,CHAC2,G0176,development,37a898305b2a94a27b6492fa5b1df809760f2d281d955271a806a44d9fdb70d0
chr2:61478341:-,XPO1,G1177,development,c7698bdc9c2e729c76b73992248f455890c9918779cbcb243c3354c8df43dfde
chr2:63588968:+,MDH1,G0563,test,3575e21a54af40696ca6c60261c97ffcf3b1a227be420ae865fb09166fa7bcba
chr2:65088293:-,RAB1A,G0814,development,091b181e535f8503190062fc2a705d77c0dce7deb19b6d0c4c35e064ebd62a32
chr2:65268723:+,ACTR2,G0014,development,13ce2e5f8dd39607a571e2d93d6612219ead27e7e528f2fc8168dc3f82ed36ab
chr2:65268799:+,ACTR2,G0014,development,316e4dce1d04db369b200a6d8398fad147074767e865060a3607c6a36e71934c
chr2:65270666:+,ACTR2,G0014,development,13c4f45879902ff22f6632a241488099f33221d8e77ae50c442de83604321cd3
chr2:68179215:-,PPP3R1,G0778,development,5bf84e80add1f8334686883f467824f18897d1608b3c8261f7b9cb0f8f709998
chr2:70087759:+,PCBP1,G0719,test,e8801cc001484aac0945fe15b1fb18483cf3cc64d851828b7c95e56b26eb5c9f
chr2:70087770:+,PCBP1,G0719,test,07f3299b85ad263306e5712d48d9cf27bdbb6e75317bbbd132d7c2226dc9514f
chr2:70087780:+,PCBP1,G0719,test,f766fe869d4e3b4b6daa711a4d9548c4bd3fbcecfb6f2ffb935f561fad95315e
chr2:70088391:+,PCBP1,G0719,test,f50c0f07c1d2651dcd89e54de8657de327cf1790346f37dfe1ea00a2c81569cd
chr2:70088421:+,PCBP1,G0719,test,48b2f5d9f5f1d1df9b25b033f977cea03645f9a085f42c86e40f0c124e1b34f5
chr2:70088525:+,PCBP1,G0719,test,e01cdd3f5ef58f6d0ded2c6052a1cd3a45f4327391efb403edc5e53254a5b28a
chr2:70088592:+,PCBP1,G0719,test,4c82652f58184d552e4b78dc8ccdff25eba78c416e6ece0478849e06d632fd76
chr2:70088609:+,PCBP1,G0719,test,4971f9cdda1f13f3c07f646b7b4b2a0cbfe9a68e19259ebae77cc79528ace0ac
chr2:70296509:-,FAM136A,G0353,development,96d0d2a49567aea04cdc5808f9ac35843d2602db75a416af7ad61a806f9967a9
chr2:70296604:-,FAM136A,G0353,development,55173ffbb6e30997994207b3b7b1062f084e5719defcc42fc9fa21d6aa963941
chr2:70296700:-,FAM136A,G0353,development,d9cd95097aa2a76e558daf93d151484025abfbd06b8530c7a045d62b59f3ba89
chr2:73251298:+,CCT7,G0149,development,061b37a0abe46dd0a760e597c68ca451e7131e9f7236ab98d3e9297e868acbe0
chr2:73762600:-,DUSP11,G0295,development,0e25309e28cadcdbb4b87100d6eff272e6ed624a9a8bc19a94a98465d0e9441e
chr2:74156199:-,MOB1A,G0580,development,bc7592230ecf632a1b6e9b546850029127030f7786ca3e684fd678cd6d3cbd0f
chr2:74215132:+,MTHFD2,G0633,development,dd5a5b8b39846ea55c41ad0005d01fc1d44c23209f10240323fe61cbf5127ca5
chr2:75655564:+,MRPL19,G0594,development,c3c7b717b599febfd9b85ef916f948a239628f07e6c126c4efb83ac97d6ab752
chr2:85543815:+,MAT2A,G0555,test,d9efaed7c993b669c7732e5f71a3f6401e53492513a9b705560e2f94fcc52d93
chr2:85544602:+,MAT2A,G0555,test,f0e9c7b852730b646fd20b00b823d6e2e041e5c5323545072c606bafea4a2dbf
chr2:85544787:+,MAT2A,G0555,test,618be4f7dcb60705d5de996317c723c5075d000d35a30875dab1b2ddcbde3d2d
chr2:85544902:+,MAT2A,G0555,test,12143332d6aea54cd19fd77474dd5ea80300b6dfbe019513169822a0a554d6e6
chr2:85545017:+,MAT2A,G0555,test,c14f62ee62ac85fc400442f047bfb9fe6e4ac676a201d34863f6e245bc977f5a
chr2:85545125:+,MAT2A,G0555,test,be20e2511d85f513a6c3f7d9743634282688ae59c58db75bd4e0681bf7d1115d
chr2:86210610:+,MRPL35,G0600,development,1c4045b80b921a376a6e8de957021cee0b52f3f0f7f2f2125c9b99aab2d7d7b9
chr2:86210651:+,MRPL35,G0600,development,e7a92fd6355d967fcc3a98d181e9d5ed95b9a8230b92052d326cec0ba66235de
chr2:96185943:-,STARD7,G1009,development,d0c5c20d2674565cbc99230e460ee595d6ed33443f0d0a32c505dbc5ef34b7bc
chr2:96186039:-,STARD7,G1009,development,efa2cc03880d4de718e9c1c7057165edc969f07febce16f732d46022deff4c5c
chr2:96186093:-,STARD7,G1009,development,16dbd52a7571fea7c3dcab19daf5dd98dc518a71dad80d8793282b4a32862742
chr2:96186193:-,STARD7,G1009,development,1d7a9dc5097de3cab1710936c4e6dc08f856696dddf92da2d5d44492e9d83750
chr2:96186398:-,STARD7,G1009,development,aa7124da7faae833bc9c6519b180ba15278d1d46a67a8463e8034b10e3da5960
chr2:96186466:-,STARD7,G1009,development,320697847ddce496a51f0553f3259a8ea901e32795a48b6d87f2779cf20416a3
chr2:96186505:-,STARD7,G1009,development,5b8aff607e940d0966c3e9c377ab7cd1bf1fc6b47717c9846b61926cc88f2809
chr2:96186596:-,STARD7,G1009,development,3eff70f3a24ce6252cd37d09f0bebbb136abf5bddd947a4df0f319bd02550cff
chr2:96186654:-,STARD7,G1009,development,0e660051a6bb58da34cec64b1c9738385787e86503b7f1da0ffb3d56d98189b9
chr2:96186708:-,STARD7,G1009,development,1e4b24438b6b3c42f47873cb463171875c8012c7aad6e6c3afe1780dfca7b46f
chr2:96186730:-,STARD7,G1009,development,9be2d8aa3f8734afd9df6da57ca3d819da7620d07b4c8093fa1f8322fa798b49
chr2:96186744:-,STARD7,G1009,development,3a93aa547395fd3cdb2fd3b48dbd876bca37eb019e508e8c3f0d4f2e4840b328
chr2:96271266:+,CIAO1,G0186,development,70ac22fb9446b41b0578fbbc47722e822af2a72ae1f9e81e2dff2000b2e06679
chr2:96271361:+,CIAO1,G0186,development,70316c5316a4111b508d52354e3023be2763edbe26bddee89e8f48ffeabf18cb
chr2:96271368:+,CIAO1,G0186,development,be105cfb8d1778b9dade65e24a21498376ac996b7fd5ba78bbba2b7902da4f77
chr2:96271379:+,CIAO1,G0186,development,d607651fb1e7b7d2b8b411c0e0ddeb84a92e1a0ac5a234cfd63e06c792007085
chr2:96271403:+,CIAO1,G0186,development,ad91163243ba945c388a8726b1938f80dbdb9816a86ec2fa22450a90e85d17ad
chr2:96271424:+,CIAO1,G0186,development,3eb32bc45e4d017a641f2d915667242b0ef4b3d3a0a9dc0b49233d785591b002
chr2:96271475:+,CIAO1,G0186,development,07c249903308759c57f4f7c1f1a87d4ae4f8216ee3ef9887bf00518caef1503e
chr2:100576522:+,PDCL3,G0722,test,e3e06fe2cdc0073a4cea134ff8986183e1c12a441fe0b2ce1f8c9592dbd2faee
chr2:101002276:+,RPL31,G0873,development,f1a81b7c1ea49bc89f4408026034c338fa5858cf99a7ff2af5dd9d4490246221
chr2:101019203:+,RPL31,G0873,development,ec2a5276564a32419df891fb0c21a7bfcf5ef6f863cc8e85b902b5b130c2b14a
chr2:101019247:+,RPL31,G0873,development,db22b3a7a3d14b5b83b31c37328bcc6e2b64ae095ea9fb56e6c2f7fd4ef368c7
chr2:101269366:+,CNOT11,G0199,development,32525f1d37a623feb19aa09d5e9b027fc00c065787e54b1e22557433916dcd78
chr2:101269455:+,CNOT11,G0199,development,8b5eb459e95047892d59d3a1d90e3bdb73304bf7a7b795c26b2f15dc525e10cb
chr2:101269494:+,CNOT11,G0199,development,a582dc95a0e6a46dba2d21118d18fa12542349f7e680ff72f6ae239152533ba0
chr2:117817560:+,DDX18,G0255,development,0ee1c963e156a502eab7557e78f9ef07df8b774fd1a5c252533e26742c8b8560
chr2:117830752:+,DDX18,G0255,development,d8ab021724c751360ea76e0993ce54f090cbf5509c6cb24019e35bb089c91052
chr2:117830819:+,DDX18,G0255,development,5ff6282e3fe8d063c404712ee60ab3a23d383702bd23291e41e1929819f56051
chr2:117830844:+,DDX18,G0255,development,cf1171d0ca9d4d0cf5f1027ab0a17f71c1a1e9fabc1603d1e18c8e313de8c03f
chr2:117832054:+,DDX18,G0255,development,9ad77df8915c80d27abea9f62f36a1fce6c2a6e6c20a0f91f499e6971e095c5f
chr2:119372322:+,DBI,G0249,development,f5c6c1ee8eee655c53aaab8bdbd9b18a59bb72c5ae0db1fd1e85f7e43727353d
chr2:121727329:-,NIFK,G0665,test,c1bbb3211af3241693694ab5b3ae98658d56283beff1555a48c17b8d2728f8dc
chr2:121727568:-,NIFK,G0665,test,07daa2a16eec925f0606556a06dfea2c78c2d96cc77ceb9edb118a3b599ff24d
chr2:121727671:-,NIFK,G0665,test,2b9c67847bd1a96b0c930383ba4bf4bf27b32daef7fc66b68dcf352c08ae298d
chr2:131052125:-,FAM168B,G0354,test,9367f6c6be7ee6186c3813c3e7ef94cc289543412160a6712d1e3e44e2b74e15
chr2:135840752:-,MCM6,G0561,development,6d85675baebb52a577fdd9331366229364740cd47e0b6d219d0fcc37523d7065
chr2:135840803:-,MCM6,G0561,development,cd4abeded8e83c1885ff3a81cdcba68b9507130ffd91b711d63ffacaf24285b4
chr2:135840821:-,MCM6,G0561,development,cd57c11bc55d3a73ad0bcf7979b8b017677623314d14be358014bdcae37718b0
chr2:135868747:-,MCM6,G0561,development,af8e31d970ba3b8fe87dc027980204a4b2678cd768a4a14c0a28003197e30e4a
chr2:152656252:-,PRPF40A,G0786,development,e9afe9550cfb0c194a24422720b46e113a44d56eaf8514f8deab47974b673e14
chr2:170752784:+,EIF2S2P4,G0322,development,cbe244485a9e516bad7b58ab87b8991d50c78eee11e87cf6e28bec42c0915277
chr2:170752836:+,EIF2S2P4,G0322,development,2f1cff1fbf15ff5769ac0a8efa4b80375073b574717f9d94fc690e4ecb0910fd
chr2:170966195:+,GORASP2,G0408,development,6350378ae57080a58594bb7c1947f30717a57f9a589bfc6d7ba78595736e3279
chr2:170966567:+,GORASP2,G0408,development,1bd31ae25ad5ebefc0e67204e1d65c65d24931e7de8d399d67b712518b8a277a
chr2:170966650:+,GORASP2,G0408,development,88caaaafaf744a8d23f795460ae212b1c5b6e0e33d06cf75842063bfe65e0735
chr2:170966759:+,GORASP2,G0408,development,54b86342f82166fbd7925e64e8f0cb0f9c1958b2feaca465f5bf3251379452df
chr2:170966797:+,GORASP2,G0408,development,7ab18784b3afeda2851af1b527918b898fd58bc8c137ba6a0abd61dc00d8c9ed
chr2:172099773:-,DLX2,G0277,development,a9fe7aacb992517491fb81c9de4d5abfe5fcb6a0757889fedccaff74c0a8b158
chr2:176094609:+,HOXD13,G0470,test,c4ba4c7989a9b0b8254c88c33842d544fba668c1100e3477cf3abf4bd393ab85
chr2:176094639:+,HOXD13,G0470,test,f171fa3addedd784ad817bdf14b3a00794af69422bc15615f9af05833fa8eefc
chr2:176094652:+,HOXD13,G0470,test,cbeeb3ca669f33c8b4be69a8b08d9c0b992805ce428aa87799e735f284a47e34
chr2:176094659:+,HOXD13,G0470,test,7887de77f0416139424d029eb233493dc3fea1b1cfaf89ac448cca6508489270
chr2:176094690:+,HOXD13,G0470,test,4279efd8943a7a69824a0622162468f55adfce48c6d778aa9d80bcb1589c357f
chr2:176094719:+,HOXD13,G0470,test,1f0e6a715d09d0a8553dc5e5c48411fe8965f591b469f92d85fc05994e47192f
chr2:176094797:+,HOXD13,G0470,test,87fdcea04475040e0063b86b3efbf38c2e07128ad9eef4911b268d7705cd2569
chr2:176095018:+,HOXD13,G0470,test,b7cd0d32f503d898d3090da5b1484d26fded2f33b0ad51e4687111d3d07d3c29
chr2:176095054:+,HOXD13,G0470,test,cddbba088b2542963092760b23b87abdf0b550659f1733a9e06e6cff9c1237c9
chr2:176095670:+,HOXD13,G0470,test,6f7ef7b1527c7371f3c484269ef1c3fda10e1e3416bd2d9176962af5914d5631
chr2:177219496:+,HNRNPA3,G0459,development,d8619bbd2627cfbcf4707a7a48438b481e86a30b4a53730e0ee886e06baec7b9
chr2:177219581:+,HNRNPA3,G0459,development,70e90bdb3952ed8c142d3ef58827804d3cda1248e524b444a8bd3c15bd7dd9c6
chr2:177221597:+,HNRNPA3,G0459,development,5064f1c85c62a9ab3844492b77c35ede0ee3c89afc8e7219ef4f8696cd05fec7
chr2:177221648:+,HNRNPA3,G0459,development,43cae3abaa5855ba9d7dca1ecdf7e127269fef18b090c5007727a9f6f11591b1
chr2:177221800:+,HNRNPA3,G0459,development,03e7abb3873624153414e0ef0cdf8ff19ee3c32cf72c8056888d1e2b3c7250c2
chr2:177221819:+,HNRNPA3,G0459,development,1259ab24fa47e09333e6e53ea702eb727118634bcc7fbe9f02e5db29219b8428
chr2:177222462:+,HNRNPA3,G0459,development,230e5633759f913f33035baddced8f45f6e6ab614342aab77ad4f773feb586c4
chr2:177223171:+,HNRNPA3,G0459,development,8fdefdc242361c901f2efa4d691f3f986ce3e2c04a58d08811da96e4b404a646
chr2:182925636:-,NCKAP1,G0647,development,dd427e2b430516c23c4c268eeb8cc282912601531ab0c811344f11ab523acbb8
chr2:182925644:-,NCKAP1,G0647,development,530129e4113c278a9a2753fb35a01547f2fa73a204c86acacb30c5dde9cedefb
chr2:186508694:+,ZC3H15,G1193,test,111c155e739052c6bd3a35139a9b1d8104c858ea325d29d11434674cbb474043
chr2:186508786:+,ZC3H15,G1193,test,f9606a93b85c1ed43c073cf559680c5d5fbf3e05eda453ecd18cf6514481135d
chr2:186508899:+,ZC3H15,G1193,test,f61b300b20c38a83eb181ef56bf5086e44157ae3c7510cb5666c4a6577cd19d3
chr2:186509147:+,ZC3H15,G1193,test,d2c7a0bd22d79c4c26a5764c318f1bb750ba4f47605477cb5319be9e5c795b71
chr2:186509219:+,ZC3H15,G1193,test,96773e42238fe86daefe4cfdf073ac443f3ec6e3afdfed4c734420ec0a164aba
chr2:186509231:+,ZC3H15,G1193,test,6b63a3b923abc87ff2cf433a23eb762405f89bf4b12366a6d273daf812624e2b
chr2:189666663:+,ASNSD1,G0059,test,6781aa2e5b73aa014f1123d2e806e541ddb27f16b0a52c568b6837c172c98fa8
chr2:189666794:+,ASNSD1,G0059,test,48b5edca46f1a6ee50fa7cffcb46ffea5687efd54cfa2bbc66f45a4c81609350
chr2:189666895:+,ASNSD1,G0059,test,ba871c9ade5a607ddc6eddfd066ceb14ab9e62da204685a8836c4cc49fffa11c
chr2:189667216:+,ASNSD1,G0059,test,840b8637f7356128645e8f7c16c7490197973c700889d369853f321edd1a4459
chr2:189667377:+,ASNSD1,G0059,test,4023d1c55745a45736908532b749446c337b06399743cf02c600ef7e5f14328f
chr2:189670511:+,ASNSD1,G0059,test,32f3c5959c159559881664b92ec8ab01be398a299830f4ace48a9eaac3b3fd94
chr2:189670669:+,ASNSD1,G0059,test,e99b8dc5bbcda8507b01419c1d0b7d4342fad58d38bcb00c85aa37fa53cb3897
chr2:197392321:-,SF3B1,G0943,development,88b73c2b6fc6d644912827e8d50dea213cde6c46cda4ec13845f9d7ddf569c99
chr2:197487013:-,HSPD1,G0482,development,60d2fa28e7430dd8cfad94e53949bbfdc7760334e61b8408987890e9f2422028
chr2:197487104:-,HSPD1,G0482,development,23c2571524dc87e226ad970fbd12fb23bad1d372a90d2faca65c30c50255e754
chr2:197497332:-,HSPD1,G0482,development,55be07c830094f04b5a1e88d5dcacc15130d3530ff11e4ebd942b192bcfcc096
chr2:197499866:-,HSPD1,G0482,development,8e8cd9a4ad37567a3a1bf7b2304e4ce44c0e534de69df787dae157159b394f18
chr2:199963837:+,MAIP1,G0548,development,dfd1f4ce72c1391c9e502e9d7b41bfd71e6a1501a795ffded2c17a7b00c6f93b
chr2:200811922:+,BZW1,G0101,development,4f4234ea1de4567f5addaa6e692434f50ae69d3eb9e3a3ac92fcdd940f21c9d9
chr2:200823531:+,BZW1,G0101,development,eb2a7a4397110feb8442d28e88302d5e3c749d7cc20576f08c06a0ee2a79e117
chr2:202206724:-,SUMO1,G1015,development,f090e2c4660780bc3ea4240f97e4ef0363da38a886fd703edf2b455eaf446c3b
chr2:202206840:-,SUMO1,G1015,development,5028e0b6876296b17f04d26d9873d597893d7420f4427553d423f921253dec89
chr2:202206883:-,SUMO1,G1015,development,e4067112f8a27ad4bafe54e5f1b020e13d72519169a1eb0812c812825bf5fb44
chr2:202206932:-,SUMO1,G1015,development,51245ebaeb6df326cc8231d823dbc641590f936dd67f65726ffdc91940079ddc
chr2:202206992:-,SUMO1,G1015,development,ba35a57cdcee83ce1acca4cc43b3683024903759d7f20b6541283182c7bcf605
chr2:206159747:+,EEF1B2,G0308,test,df7dd2d5c7fa68598ba5cc5ffeeef64f7bc3c3395ad5bac8236cd47ebf5f47c7
chr2:206159812:+,EEF1B2,G0308,test,080e562912dc3c8f7536645a6b2f1ec8ccbadf6feb5043a3c558fede0dfe0847
chr2:218254088:+,ARPC2,G0054,development,4c32a235447e51ad02d7bb7164244c6ff915b7a51de51e55d82d5b73bfd236f2
chr2:218272791:+,PNKD,G0753,test,8bb5380a867e84b4976d084cf605eec4e226cb6ed9be183f7696002f3677378f
chr2:222571883:-,FARSB,G0360,development,915feeac3d2927ea6a581d9ef9da12b42f880f1be9afdf52a6590bef4a5d4868
chr2:223959582:+,MRPL44,G0605,development,7daf432bda6cac83154dd929dfbc0010c9d4c4224d4830bda1b04272f7c35df2
chr2:223959622:+,MRPL44,G0605,development,a1a5c282ab74d160a64c69a8ebe6da046cf1a9fb10bf3ccae3c5d0d95b77a978
chr2:223959726:+,MRPL44,G0605,development,82752faca5f1fb706eed5c38516026e528e6f05e5bc35ebd45992b5b4bb298eb
chr2:223959742:+,MRPL44,G0605,development,73d5bc4a15050fae8cb0f735368a83b403c9bab1de0d2e961124ae2e0a27b811
chr2:223959757:+,MRPL44,G0605,development,393d825246fa70da7fbd69a278b76aa2d4e10e2256b9b0ad94375019321043b9
chr2:223959794:+,MRPL44,G0605,development,93fd07ef253e13c20315227d7a53fe35dcbe275ea829c42a4ee39db143507508
chr2:223959827:+,MRPL44,G0605,development,d41ed20e0e100306ff319ed8eb29cdd6642a13e0b40b65147267b76ccdbfe794
chr2:223959869:+,MRPL44,G0605,development,5a102dc1b14ef7c3bfa456bf1f7238e439c9b11f01d08121cb036b35cfab4899
chr2:223959934:+,MRPL44,G0605,development,59880adaf580eb5673d6bc51b71652933e42f397d5ed91703085881bededb18d
chr2:231455000:-,NCL,G0648,development,04606ee5d69f7da7f47b327cc411d64f59e7aae93f5b130d092b8d715630cc12
chr2:231455017:-,NCL,G0648,development,87ad6d99e544f67f6f6ee0f8cb64555b7507ff1ac6d4557b731c26b80c30a04e
chr2:231455101:-,NCL,G0648,development,b2a610b19bb23b1d448d2823354c43adf8fd4b6d7994f448562489d3f361ef34
chr2:231455149:-,NCL,G0648,development,70a68f98b1ea77a9aefa0e0bc47ee55bef93bc742baff025b435069bb8f2d2b9
chr2:231455529:-,NCL,G0648,development,b36442d4d6b2b7e06a25ad81cb08fce988a5d8537cdf4649070db4732f14b997
chr2:231464484:-,NCL,G0648,development,deed9a0b3d5ecf67ff647d442327375504894933731b4705363d78fe4373cbff
chr2:231713226:+,PTMA,G0805,test,549f65cb282c5e1fbd858f41423109365e9e7d4c1cc666d0d448eff3b6bbcfc8
chr2:240130985:-,COPS9,G0213,development,69b244b556663d5aa99439ddecd93708ce4f86d7ac31ee90169c82918337e7f7
chr2:241352093:+,SEPTIN2,G0936,development,dc892f90a4829ab7702ae29fe673f04beae9386efa46fb32ca413bda6c620c9d
chr2:241633498:-,THAP4,G1044,development,547155ae04a6e1eb4e63bcc5bcc0b46177d1adc493e87c60b403f44a9c6c3dbe
chr2:241633526:-,THAP4,G1044,development,9d79117c70304163fd7604f3082b3b73e73c7dd49fbd8fa398aba7faf721e6e6
chr2:241634015:-,THAP4,G1044,development,85bcc9bdb9e388fbd9084d19b6ce2dd5103c5253a6e8cb6277127855ff73de99
chr2:241634065:-,THAP4,G1044,development,1fa1946deedd611d0497874ad0dde4d211cf1e0b7cc524c17cbdb6b3d0e01d56
chr2:241675926:-,DTYMK,G0294,development,26c760d750effc88771d4ea0ff028cba1de50d8a9da310f6dae59b8c82f2619d
chr20:328623:+,SOX12,G0984,development,0214ed56ba82c4de7dcaaec2b94f559c79426b6747af0f0ea7af286b9faef175
chr20:2656437:+,NOP56,G0681,test,631f0db71b6223e19afdd9cbd62c2e56861cce0cfd0666c16e52b46895b20ccb
chr20:2656951:+,SNORD57,G0977,development,67e295c3aab7f49cec918b36660acf032c9f011c7d3bf3d2e2ab345076863ca6
chr20:2658136:+,NOP56,G0681,test,d135cf6af5c737eb0c7d05a6d1c5c2e715ff5eb6f20fca749c1fab2d283553b4
chr20:3046059:+,MRPS26,G0621,development,168fa7574fa58b46fd7128f5f01c6b4dc2d9818a622044017cec0264ce0ea88f
chr20:3047862:+,MRPS26,G0621,development,9a963a533db2635c941a4b9043fbe8561f6210bd6c364b3ab25db4d1e522646f
chr20:3047883:+,MRPS26,G0621,development,2494281f0fa524108e3265756deb0953500a5c062f1a99774878226f28833114
chr20:3047899:+,MRPS26,G0621,development,85b4d6f750190ab9a73c4a5385e777db2e5bb35e59c6f5bb2fe5abb17f3d44cb
chr20:3146832:-,FASTKD5,G0361,development,01e9ccc584cc6642804c6d7ef2aa294379afd0a69c94bd7a4c21ab4a026a761f
chr20:3784101:-,CENPB,G0172,development,a9378940678fcae4962f9e878492f76f5cb8c4ef1ac5bd239426c8c9c6f23dfe
chr20:3784759:-,CENPB,G0172,development,de7462218ec2335f377e7e95c2b41fcde49a3a1096dc2fb8b022e756669cb52b
chr20:5115240:-,PCNA,G0721,development,a323c63da5810960083aa30032f6ad3601872000e247f56a21bf03914df5514a
chr20:5119677:-,PCNA,G0721,development,53a9051085b2e2c347deae6e6ed36afbdb4b96da5893d7ebcddb7ae3966d97ab
chr20:5119849:-,PCNA,G0721,development,8b2cf8fc8b31239f2472a5a75f5a61d51e92dbeae4deb30c1d99f6949f4fcb1c
chr20:10413812:-,MKKS,G0577,development,aee9127f921a2d5cf9a0e194ddb78f9f2abdd966347e93b2b163d327b2e66f7f
chr20:10413859:-,MKKS,G0577,development,8c74e46799b784e77d2ecf026ee52e566424ed7c8ad8058d4d80cebdfa1bab9d
chr20:10420585:-,MKKS,G0577,development,caba4c6c33ea245b2a959603fe46680af60865e68baff5f24be05dbd16ff65f3
chr20:16741031:+,SNRPB2,G0978,development,db5dde80b4d76037f47b82bcd3bcb072416c8caa47ec9f958115eb149778640c
chr20:16741128:+,SNRPB2,G0978,development,2cb37cac24557d31aa0a26457241b00358dd73bf36a510fd8d29af49be04155d
chr20:17600927:+,DSTN,G0292,development,d9ddf76e294fe3472daae3ab24768a55cd353a7d7b4f6c418928c98e54255214
chr20:17967811:-,SNX5,G0983,development,eabc532beb502a5d0ad5274b96a5bfb948536c857b2d394e4b9536d47c3bbf78
chr20:17967948:-,SNX5,G0983,development,bf95ac32d43acad14cf9f6da200a7331eba9630a21c3e8446e39e249ca2a5c44
chr20:17968353:-,SNX5,G0983,development,0ab8aabd7c798961d9a612f74756c071524200050a58000d93366c9fd5d392d3
chr20:18763435:+,DTD1,G0293,development,fe4edd95669998203223641ad1fee7732fb64cdeb79462afd1ecb34513eed99b
chr20:18763506:+,DTD1,G0293,development,4204eb2aa0b8c34f0741a13e0bfc1c7cdd0bd02344fa331be091e60a15fb1cdc
chr20:21755431:+,RPL41P1,G0879,development,347e4abbc9aeeed56358a5e721c12e252218de211d9c27c6f05e6d90c4374bc1
chr20:23354203:+,NXT1,G0702,development,3b360716205fd76f287c9ae1d5c3881fc35b163db7e7661807d65192a4bba12d
chr20:23354268:+,NXT1,G0702,development,2c8745ca3fa6da2b0a0de26e5fc4fd2feb298100a9c5fbe7410aa59c8350d79e
chr20:23354433:+,NXT1,G0702,development,304be529cbd952249993f4d8578e14b2337b5923b9fc5269f8309e94bbbc5302
chr20:23354451:+,NXT1,G0702,development,831ab2f7b4ffd3dcb9d90cf370a6ac688d4f1d3b6cdb18ca47e650d6b12386e2
chr20:23354547:+,NXT1,G0702,development,147e7a588eab629dafbd57bf9897e71d2388aaa88de3064e2a183833a866f711
chr20:23354584:+,NXT1,G0702,development,788566c7437d9f824d957740deb456ee096d756cc804fc5dc90e7435efdf76b9
chr20:23354605:+,NXT1,G0702,development,cff2421dbbd15da8b486ea497faa3155c72f3d081607605c69b7fe027cbc9e30
chr20:23633787:-,CST3,G0231,test,886460c4728dc544cf20882198cd8f4fe5e90a7029ea89d1f7d83d76b8eaa464
chr20:23633842:-,CST3,G0231,test,f4e07e81cbe1f7e80fcca93e99ce6c9cb990883cc2de30fcd7fc4580bc8ddc47
chr20:23637702:-,CST3,G0231,test,ccd7a6319f8654765150f198fd781f8426cdb8ca23b334777fd6ddbf3588ba72
chr20:31801189:+,TPX2,G1095,development,1e17ffda1562a76affb26548dec9c72c5a96a07c9fca3d6fb8bfdd1d06623f01
chr20:31801234:+,TPX2,G1095,development,d00f4202400b11ceade6e276ebde97900996b39d3443dcd518e59c9884e942a9
chr20:31945586:-,PDRG1,G0727,development,21fab51037e4de5ca3ba0c97b294ecdacccbf976b72ef92a4c1b76d9782936c2
chr20:31945603:-,PDRG1,G0727,development,ab14152123ee727fa0811c16a0ab111aa1cf7543d48e5dd19e56f071ceefd366
chr20:31945609:-,PDRG1,G0727,development,4b546fc682c118d455bb4b14a448a4a4407d42422e9fcf9bf059818a2915d39a
chr20:31945724:-,PDRG1,G0727,development,57b62cf0ae23a7748da4beff2438e84fd7c1a007dd6db51e51a302177491c648
chr20:31945750:-,PDRG1,G0727,development,daab7b500c25a09ad496434df17a170bbe33180d898bfc5f02d28ba0608e6426
chr20:31945805:-,PDRG1,G0727,development,b6c77c9a92252e10e24d4b6a013189219e18fb08f7c6c591b9907c0f6f88b0ad
chr20:32848783:+,MAPRE1,G0552,development,eced8b7a314d908f5f449efe03aee09853e1ddf4fbff39c41689df2765e7a5b3
chr20:32848817:+,MAPRE1,G0552,development,e9b75b4152a451782a68fbeda63d1b32e7279bdd9da9a5c97b7b05ad1237c4d2
chr20:32848874:+,MAPRE1,G0552,development,88cce64d4ee8e8933be87e1ad2ac29059f108d075a7b6893d468096703749fdf
chr20:32849070:+,MAPRE1,G0552,development,7e8ccaeaf0a7afeaaa2cff072feda0d696f9a3a848aca556d10821a9fc1dc486
chr20:32849309:+,MAPRE1,G0552,development,2bba7f510e8106494f3d0be08e3d86c183da47e329ebef8fbcc5a66574060aee
chr20:32849556:+,MAPRE1,G0552,development,e3515bb211cb88825bdda07220a6958e25af4c3108520263444fb356970233e6
chr20:32849743:+,MAPRE1,G0552,development,19f9109516facfa21c56c6ecf2d7ab9f4d9371a8a50c0355d063432b393bc847
chr20:33676717:-,E2F1,G0299,development,a04b7d5384decc82685f0f5a1b9378e7f5c2fb0c140ce0fcb41036d48e802fd8
chr20:33676754:-,E2F1,G0299,development,fb5da493a4a0394a4ad140d18f7891455d95b38527f5dffeba790b2977625b26
chr20:33676763:-,E2F1,G0299,development,5efe2f1c9ab92b7fb93cd7a3801252d0916338523b0133e04b22ffb881611dff
chr20:33676778:-,E2F1,G0299,development,2f84b4fc73d0ea276015c232eb61634d4ec6bc35646690f287288d389ffe0dc3
chr20:33853591:+,CHMP4B,G0183,test,27b27f2c79c1a2f99b0c93b8f2fcb12d34bd67754beb319de767a19bb840bd74
chr20:34089682:-,EIF2S2,G0321,test,57fcf610789ec0cd0331f9b186f432310af762a55aeb615d182259c8f292db10
chr20:34089734:-,EIF2S2,G0321,test,028cddd3f5d4fa7a0aeaf0f6e027ed2dfe7db83a4078c928d9f72257fccf9bd7
chr20:34089851:-,EIF2S2,G0321,test,d9584819887c516b8d52a2527a0dd370353ead08f51d08ed8501a4d21a0a9e16
chr20:34280481:-,AHCY,G0022,development,0bac2758a008e3d7509e42c0f9d82d75d5833a29b48430e2cae6c8511d1a15ac
chr20:34280590:-,AHCY,G0022,development,1df6ca81483e85d258035fb272590f01b9040f6028f9c7e8cf1d164f9bf2dc75
chr20:34280677:-,AHCY,G0022,development,57682723f4392d5f9c6d321603e616620bddfea8e9f4e08a104f61b26584cc68
chr20:34280921:-,AHCY,G0022,development,27aeef408f9022f70f9f3406aeba760ca9fce982fb64f0f4d7c63ace12efcbfc
chr20:34540700:+,DYNLRB1,G0297,development,9135974c9b77a2d1b1c1d7fbc6f6d6109a05c7d9fa7f462c99bd5bbeabab8b0d
chr20:35699423:+,ROMO1,G0854,development,8f335eadec575eb1a6b4a11d6f4eb73c59cfff7fddaea540486bae27279fec16
chr20:35953969:-,SCAND1,G0919,development,1b7c51aca786b0146139ebf5afce50a18195c7499ed598c39b7e937213d27b65
chr20:35954222:-,SCAND1,G0919,development,e6ce78e76159e8bf6ae68644391053beb1cf6fbcbb82e0e7e322808f9ddb1d62
chr20:36612359:+,TGIF2-RAB5IF,G1042,test,743f2ec55bc71a9eaf661c91f4caab4dc9b735d16cff2a4c6a80349bbc68f3c1
chr20:36612370:+,TGIF2-RAB5IF,G1042,test,b30d22ee065ea4ba6288e23680c1d1325141b7d372a436859609fe07fec9f445
chr20:41123284:+,TOP1,G1088,development,358787520d031f26bb438f303d3e6e9abfbc895fefe2047a764f4ab1ee8054bc
chr20:43461063:+,SRSF6,G1001,development,00b6365264a5cef960af717c461772902f948cca28939ab504ebca4cc181037f
chr20:43461070:+,SRSF6,G1001,development,065c556043572a95a020cb495973a0b2b5fadc84d27e210547d8dc866f999d6f
chr20:43461096:+,SRSF6,G1001,development,a1f1376ee45e627b6152918090fe71ecf2e3270d0d723ed0a983b0c21d15fcac
chr20:43461118:+,SRSF6,G1001,development,ae11ceff44ff22d4830240d7335dec7dc9f0d179cda5080b6606b1c6e66c5eed
chr20:43461168:+,SRSF6,G1001,development,041957eb8a614bd03623f3ddf66de0acb65aed012fb07c63376b6dc7f58bf306
chr20:43461275:+,SRSF6,G1001,development,5d4d086394fffd1220ef2bf1beb2f823f048272fa2eb0a00b5fa7520dfeba90d
chr20:43716215:+,MYBL2,G0634,development,92e27264a1ec9d4c0225efd5e2683e286251e1564c25b0d159fcbe619b09bbc5
chr20:49096536:+,CSE1L,G0228,development,0add31ddbeebeb32076539a8c7796abe0d0232cd2f833cbad6fda98ee0b8d094
chr20:49096739:+,CSE1L,G0228,development,912d3fef15aef0ebb7385cfefd6b46f3225081b245816a1dc71c394f375cca1d
chr20:49953267:+,RNF114,G0849,development,0186b5d57845a68842fca74311dfba265c5c6283d47d7555d009217d0578eb4e
chr20:49953296:+,RNF114,G0849,development,7dedff5888fc4446fb0f93dee2c5493c41f92ae3a05bb5148f66eceab1314cda
chr20:49953320:+,RNF114,G0849,development,53f82d9784c6cef7650db646811ef4f396fafc1c96629fa2df69a1a372beb87f
chr20:49953600:+,RNF114,G0849,development,64359fb930062fcbe4519b057ec0bf4a99fb9069919bd14934d661f7fd4bb3f2
chr20:49953720:+,RNF114,G0849,development,6e8e4270d735bcb88f5ad991079648b5b09bcf8c662441cff049b42b5faa5318
chr20:50584387:+,PTPN1,G0806,development,ec423ef41d8f0e6985999f657cf84ffcd4d12cb2e3acacae6c4cb15f61516044
chr20:56518686:+,RTF2,G0910,development,e4f6c7a4f15c2be47eeef4ed8aeda8c67046b722ada868ef2392da84c0b80306
chr20:58891421:+,GNAS,G0402,test,d96208bca4678141f9256d87dd1321f554ba70ada6990639da5fd255167aa8f1
chr20:59034750:-,PRELID3B,G0781,test,4af9dbd81583c0f25bfe9317f57ec8f5f120d7b1085e64036bde288d6e8419ee
chr20:59034957:-,PRELID3B,G0781,test,572228fe047d8cb56bdd5826dfe7be17ecee8f3e27f7c1b284b620c3f14ec8da
chr20:59035042:-,SLMO2-ATP5E,G0969,development,42f67e7c0639d2d1082d1ffc1862253bb67477fbe0829738f524c2135fcd0036
chr20:62799828:+,MRGBP,G0585,test,4fc64932c384a77465a06cd31c666638cb81ff824b6cca400e568ac62e7a32aa
chr20:62799838:+,MRGBP,G0585,test,746fbafaf7f1dc099b8e666b28749a5a8277835f54ca3e1da74cb8c3c9dba318
chr20:62799848:+,MRGBP,G0585,test,e2ef07e2dd99596ccceb9498cd142c00a5d8f94dce79d2644b71a158ceb0d15e
chr20:62799857:+,MRGBP,G0585,test,5318e4da4bdfb8947c3f2c65e28c7f846fabc02e09df60aa4f609a85e9163b23
chr20:62799948:+,MRGBP,G0585,test,4dfcac74b5c32e326935fb1005c804633891515d52024e535571f314fe9760c6
chr20:62799954:+,MRGBP,G0585,test,727f59a94db71b8ff7f41c439b003bdacfba8e4ed2899939f93653de6138c4d9
chr20:62800044:+,MRGBP,G0585,test,3cc23242e2ed34fceac1f6313e3ec16fc239748b120a7a8bf56b1a19adeac2d3
chr20:62800049:+,MRGBP,G0585,test,7360a9601024c95440da3f2e435c875d37e796fa185729cbbade89b20e63b8fe
chr20:62800091:+,MRGBP,G0585,test,ab7d4f2b6123fd254426f7552e0393cd626b6b5e1d72f154cb16ce3cd134218a
chr20:62800141:+,MRGBP,G0585,test,febfc0b6a48ee80357c73694bcc489183cf3ad34b5e3f568a4211cfad4556c6f
chr20:62800147:+,MRGBP,G0585,test,e4c79e7376b106efb7c02af2edd4a760753a031d7d5df88ab59917086fdcdea3
chr20:62800189:+,MRGBP,G0585,test,0bc7d1f317c3c8b6e462b92493d192533ca8d0881ae4b6bcf9ed3eb642dbe58e
chr20:62800225:+,MRGBP,G0585,test,1e119535435b3d62e72bd80988a6a7249d0a6e4081b24a059e99861d4c31cedf
chr20:62800252:+,MRGBP,G0585,test,7ea34ae7e2b1d807cda8aafcfce9532850465c6dc3c2659b326a2ecea09a09bb
chr20:62944798:+,GID8,G0392,development,b3fff0acaf759479f4a81e028ae3041fe4bbe636e39450e49d2ee2a474f6464d
chr20:62944810:+,GID8,G0392,development,c32bd7e45dde2be741ea819e3a2da1ac3904af5f0f23000b82992948d06c8267
chr20:62944816:+,GID8,G0392,development,add5298a1c8bb655cfc1fc5199b99ee29cc8badf04a76ba07d2e0a97d0a7178c
chr20:62944845:+,GID8,G0392,development,25965c51e00253ef6ce3df9e8ba4aa9b258ac4fd5df2e8a3c2ab57625a12aaf3
chr20:62944874:+,GID8,G0392,development,fff810cee73e0f87394430f8cd93409be47f892d3a4fd75fc130e1d45c0fd8f1
chr20:62944878:+,GID8,G0392,development,b18eb239f8a19f150b75045c8b2fbfae8d43f70761a11399cd8a0829464deb0e
chr20:62944959:+,GID8,G0392,development,1aa01de4671a10980cc795e2c7fe70470250667782ccc19d76b94ddfe7a4b61b
chr20:62945008:+,GID8,G0392,development,b759af46215e6b5742ccf90174dfe10d06416dfe14b1716366f0734f9a9d4eaa
chr20:62945026:+,GID8,G0392,development,da80f5c9fabc49083273238de8b05d542a21fff135f028ec523a03ffe49e4add
chr20:62945085:+,GID8,G0392,development,e9b571f8b539b81494fc5e4ce870a045ddd28595260fa5c22d4b2f99d70a9144
chr20:62945210:+,GID8,G0392,development,5cd0d4b2bcb9168d901f04fa63625bc093140eb7d6f37d1a83142272c2581338
chr20:62945308:+,GID8,G0392,development,5409c2fdd310492a1fe7836963b356d66559d90ff4fcd04dccc8ec31746f8f75
chr21:17593855:-,BTG3,G0099,test,0d8facd54561835a8c8f32fd50c8478e74e1c10879312b1a6e6470416eee8d3c
chr21:32269036:-,MIS18A,G0576,development,116fd59c5f7d65bc62413e49c0f484c89639ae8290215e19ef7bb72ee6a4aeb2
chr21:32278913:-,MIS18A,G0576,development,e500594d642db64801f32ff28d031c159d791724d2f06beb8c3b4e74972355dc
chr21:33524705:-,GART,G0383,test,bb9740457556530774ac6d0f049f7719ccf66bd7420b31f52a206c8299207a3f
chr21:36072681:+,CBR1,G0134,development,99a80cb232978216f1e559c1d1a511c34b637124207607a1c443c46add35abec
chr21:36072704:+,CBR1,G0134,development,203854d1d69df87d4576851f7f568a907cb9a747eca074f201cbcacb9be27382
chr21:36072745:+,CBR1,G0134,development,4fa03d3f2f2ec0ec1b6ee9bb52119095f2755cb772a2f72bf237c5d3687c130c
chr21:36072759:+,CBR1,G0134,development,3a01236e518dfa847751378fd80e7ecd49866b0434318ed206a87fa058d5159c
chr21:36072846:+,CBR1,G0134,development,b253239cb7bff5e10b3fa11b7444d2c91018efb810e84240100ea0392e4dc863
chr21:36072873:+,CBR1,G0134,development,69f892f062341053e831c779512ee0c86d18949f10c05f8747f1ae6c33197bd7
chr21:36416359:+,CHAF1B,G0177,development,dfb5e279c65b844cb3bc0cb8063689001111d6dc377bc5eb025bb36f2e25d800
chr21:36416371:+,CHAF1B,G0177,development,f011ef0795b68ff9d956618379857ac4dce9ddb4847d820cccabf8e515992031
chr21:36416481:+,CHAF1B,G0177,development,558d395774bf80044fe78af6431b5acb0f3da750aff8d3210455f7a5bf564afe
chr21:36416499:+,CHAF1B,G0177,development,d14f66f4753561b1131925aa56eb56721cd080af092387af1f45af17cef5da21
chr21:36416507:+,CHAF1B,G0177,development,285cd797cfb3c2164435f8b09c00f459eff7481274512adc609e373d7e1167fb
chr21:36416566:+,CHAF1B,G0177,development,11a70db07f5c51bdf37fc4e167ba6a9b88179bbe7a49673a45eebf52cf84e350
chr21:36416572:+,CHAF1B,G0177,development,50b3b96a627784cc723df47e1a09af63fc6e4e77b22a6a7ce8d6784cf4b84169
chr21:36416699:+,CHAF1B,G0177,development,c689c7d21a8e7af3dd3b8884ecea69b04cd0c585501672ffc6f095955feab4c3
chr21:39349088:-,HMGN1,G0451,development,9c64ff4a9188bce3eda48cbf839c7681a7d913e3234546feddd77b13625fcf63
chr21:42908964:+,NDUFV3,G0658,development,36308f15705ab1284ce90e77d2993e87366ffe1fae3aed448784c3a72c6d3671
chr21:43695970:+,RRP1B,G0902,test,1637c336f2d5f6dec0df1a4c663525c3df9ab31989086d92fee6a13a75a9f05f
chr21:43774189:-,CSTB,G0232,development,69790669612c1cb9b632dcc3b4571702e84fe7fb9db02146ce3d7c969694494e
chr21:43774196:-,CSTB,G0232,development,dbfaa304c4c04c8570ee372de525813c5dc0edee41a0953361a5921f9c665a35
chr21:44130900:+,PWP2,G0810,development,213d3d360aba787343b20c6b699de454ea437ed41dda90a13534382f29337729
chr21:44130936:+,PWP2,G0810,development,b0f36276ff8019080ae0f35dee3aff8d50395735ff2426f16ece7b2f1636a748
chr21:44131053:+,PWP2,G0810,development,03f0b2aeb7e097536de4fdffa21f84105c3af7c807e593b803566c01ae47343b
chr21:44131065:+,PWP2,G0810,development,945f0d85471325a64e54b6ef7a77506a63dd4ccf5df08a17be00cc3a061b8cde
chr21:44145361:+,GATD3A,G0385,development,b7b73efc555b3a937786c9a4f6b0600470fb240301f16c36a14903c2f7e4b720
chr21:44145382:+,GATD3A,G0385,development,cab535299e917ffedaaeadbeeed0c22c5c30bc9e6bb046d29789152322384ccd
chr21:44145393:+,GATD3A,G0385,development,1c8735ddb90a7f62e43a652746984b1d50dbf2517f45770b3f995bbcd5c19cc4
chr21:44806852:-,SUMO3,G1016,development,c2c70c91d10e779b8cdd93b1850944a41989f1001385d4551c214aa84b457228
chr21:44849862:-,PTTG1IP,G0808,test,0b438060f19452eb81de1ff972e9e0dec1046c0c87bd7b9597b164e4576a6289
chr21:44849872:-,PTTG1IP,G0808,test,2c21fce568107472635a2e8ad7085c0b40bf54d5a9a6e0ea6d370efae098d77a
chr21:44849886:-,PTTG1IP,G0808,test,9658d07f47c33c2a4a9f1fbb8da6059c86303bafece985dfa5e61454ce219221
chr21:44849911:-,PTTG1IP,G0808,test,835dff953348a587fce734ce287f2211a14e8f49cdef33b4ce7bdb9e976eb624
chr21:44850078:-,PTTG1IP,G0808,test,dcab8f8989a99069fc5adaf42a2ddb0932ffe7124337cf7dc8dca9ad3692b01c
chr21:44850167:-,PTTG1IP,G0808,test,62eef41718a4e0bc0a53ab870530d2b4a65e617cf7d11f52f40181967ebf2d40
chr21:44850176:-,PTTG1IP,G0808,test,a9d957bc88573bebe9cdece04f05d44bd2844a83dc90dadb0e00087c84e2c14e
chr22:17592678:-,ATP6V1E1,G0072,development,d5b68ec9f788200f5be02ab4204c9eb8c9eb0d5bf9e688b9393302a893ef9da0
chr22:19435742:+,MRPL40,G0602,test,b8654c6e178836cb0730f7a5aa2684ca2c7e3fc7d515b6c6a16bb22b131c8916
chr22:19435788:+,MRPL40,G0602,test,61b783a9ac8b5d9dd74a5957d837f092d2d74df31bd9cace0f46ee7977ac2e55
chr22:19435963:+,MRPL40,G0602,test,d375ace911383579bfa8cea59e26bbee5c910dba118f6e72cf7e1b0b23e62fb1
chr22:20117530:+,RANBP1,G0828,development,25d0be38149d156894b8b476c45c7ed9857cc9b2ffe5b5d07343a4aadeb05b50
chr22:20127173:+,RANBP1,G0828,development,c72218d47870d697bef1485f70dc058abcb8645dbf4840b36651996bae08d409
chr22:20952483:+,CRKL,G0225,development,5a3c13d204c426dda2ff734cf03029db9ad048637e66604bf7b83c7f1bfd6046
chr22:20952606:+,CRKL,G0225,development,a2790fff420de4b91055d90fc1e9783a3a8563091522a1fef86adba5f71a2956
chr22:20953214:+,CRKL,G0225,development,6babb8743f8bcb1391b6824ab5f139bcb34727d9a11d4dc315d4433af9a2547b
chr22:21621599:+,UBE2L3,G1133,development,83c5c189d023e9bc838985f48e9333dfc75bc4c2af48e749441ebf3c04fde1a6
chr22:21621665:+,UBE2L3,G1133,development,7f388b8e6fc91d83a569cae1e87abdacae1361498710380265a8706536eba4ee
chr22:21621744:+,UBE2L3,G1133,development,636dd81272e295536514a62603e283600a241b001d03d7c6780236e29e285fc8
chr22:21621799:+,UBE2L3,G1133,development,52cb42a02a311ee1c18e7cf863e2a2b7b4b23eb984528501a60014e75553a161
chr22:21628313:-,YDJC,G1184,development,4d298437f41acdea7f34ae5e345281e6309738733314690efdea4f0b78df036c
chr22:21628333:-,YDJC,G1184,development,e6eef754989c1b4ca5c40c5c2f54a5cd918ab415c1cafc2d0961a511293e8eaf
chr22:21643945:+,SDF2L1,G0924,development,746439284411988ca46c17be5ceb3b4aa808b6f2ea5117520f80d7775f2e89d3
chr22:21643962:+,SDF2L1,G0924,development,4bf777e2ef2188f64479485ba02c018ccc30c52801684e72cbc45d30c8742146
chr22:21644169:+,SDF2L1,G0924,development,ab66bb098abbb0cbe68cb8f37679669b356e1b250b88a1f00908aab6a170ed22
chr22:23767939:-,CHCHD10,G0179,development,3723ef8965881072314e2c6b656b35ae1a88a1a0a53151744b019a9c15f3e657
chr22:23767951:-,CHCHD10,G0179,development,4c2e111fd9af225e3d7153e30d58401391e9b9b76ae7e24862894734cef0e39a
chr22:23894381:+,MIF,G0575,development,d539116a63364417904358842dfae431fd12e1bb97ef0c2b007400440bda618e
chr22:23894383:+,MIF,G0575,development,29eb8c0686c75abd8d1ef49c6c2d39d834808b0ea579245995722947934ec703
chr22:23971519:-,DDT,G0253,development,19505a7b39da4518295b369f26230fa8421496f58804fab4d6f5f2965dca72dc
chr22:23971562:-,DDT,G0253,development,eaffe7796352ecd8989d65bd3653687c22c17dcbf01872cf7eb6c674b2d2d92d
chr22:23971571:-,DDT,G0253,development,56f06bfafe1d0bb6b52b303ad7342ce2157f98a42e767a825f4146fa91210806
chr22:24555999:+,SNRPD3,G0981,development,4b795a0e016aa4923fc004cb37aaacf885fe04f03849ff83f6546347446baa83
chr22:24571996:+,SNRPD3,G0981,development,da7afc84587b0d9754ab402a2608ca1a02ac206097fdd891213a5cdc187dc649
chr22:28795142:-,XBP1,G1176,development,fdbd86c5667ed88e928df1d29532bdaf33095d48a8ed215c1bf65b87b3ec0888
chr22:28795202:-,XBP1,G1176,development,7e7b8446675c15104c2869f5172125b037420b348e372c999b90d3c452f9be01
chr22:28795218:-,XBP1,G1176,development,83bc6f59a81f4ea3d45bac0c97f661122b6a6b8693eee1b706350191868a849e
chr22:28795257:-,XBP1,G1176,development,0a9986531a9273508368ef6552911b173a245ab05c068657a6922ec7e51b951c
chr22:29555831:-,NIPSNAP1,G0666,development,941efa8c604703749246f847720090fb746adf4da2f871e77f704dd5f971f843
chr22:29769827:+,UQCR10,G1145,development,b9cc5e40adaa5afd91bea074333627236d8c8db42570936a7d4fcc2d801ae5f0
chr22:29769872:+,UQCR10,G1145,development,3931688651bc6c946153f5752dd6a43e0ea4e9dba1ba869c6489dd3fa39ebc35
chr22:31434109:+,DRG1,G0289,development,94bbfd772c56649930ff68a847254c22ddc5878160bca63a527ee0bc055f4255
chr22:31434148:+,DRG1,G0289,development,b7df00178022e82b155e40d7a2105497d3830cfcf1f85e5ecc4be19c21459704
chr22:31957236:+,YWHAH,G1189,development,fe945a7776d770d7a96837a73960d29ea74ad1316324a351283cbaf9e44ed535
chr22:31957263:+,YWHAH,G1189,development,7ed767e707a48b6cb204311a7834c096dc78b6e9bec422dd3de44ac622dcd7c4
chr22:31957296:+,YWHAH,G1189,development,3adf0f33053f3531ca5a0d2ccb4b34a10846a4872fee9162be26eb8d1294b62a
chr22:32387900:-,RTCB,G0909,development,df2d7b7e424fe90afaf8bae5fc6e2375cffa21a6c1fffd065454e0b5941ab88e
chr22:32387912:-,RTCB,G0909,development,59d63ed2ddddaf81570f78c16b54b699437ba10c6fb11dac9c7765d7bd8950a6
chr22:32387936:-,RTCB,G0909,development,9825f292477da78b592b9fa58868c5424f45069a85630501ff32ffd813e8d428
chr22:32387983:-,RTCB,G0909,development,f16888b7d209d96468b43b71b4fe1cbb9ae8ff2a4a71dae5c91b0089af2f7580
chr22:35393629:+,HMOX1,G0455,test,0993f2d05073e698169d0c999bc8125d6351d0a6daec8eb6c10ecf7005776d54
chr22:36467275:-,TXN2,G1121,development,f2f3a07bb487d8959e22481bf57fd48aea1c8f5ea014f3c0136d0daff76e96fe
chr22:36467313:-,TXN2,G1121,development,96e6b277c78c7600c9e36c01273c76dec45c2287a3382964d00009ae285271a5
chr22:37568948:+,CDC42EP1,G0155,development,807d0283c9214834e8410d0e8c9cdc92a8ebdc04067cb335563ce2ede0558307
chr22:37568992:+,CDC42EP1,G0155,development,89f6283a8f644f3c83265dcf8ce5eaabe1689576c85313658222d2bbe0955f16
chr22:37806028:+,H1-0,G0424,development,ff04361e13624e4a1df680d8be78f354c424c380b1cd69290d8a04516cd16ff2
chr22:37806129:+,H1-0,G0424,development,87c8c9ddff2617d7e64891fd151e3ca6c1edec0cd875babbde4a997e3d3f8fe7
chr22:37806151:+,H1-0,G0424,development,d7556e899551d6e5af7e1a85c4aaf92eb2dca72cf359be4f52694c835ef5191f
chr22:37806242:+,H1-0,G0424,development,04de7f52499ab5c361daff6278e179252f1a22dd8d07db5603a5f871e584783e
chr22:37806254:+,H1-0,G0424,development,42b530d8b466d7bead6cc1c1141c2f6d7a8166148cf9556b3e37f516946e8c62
chr22:37806317:+,H1-0,G0424,development,09470229060e48b67a9ec20d3a91dfbfc7fd39688b373507c91506343e55a8c1
chr22:37806391:+,H1-0,G0424,development,1d66284d2cfb6ec5e24a20a97572471ada22dadd8e07ee54b137489ed8dc2c32
chr22:37877783:+,EIF3L,G0329,development,4f2515cf6dfb71369bfecb53d66cb160dbbc405b926c6a9c951f2c5be92618ec
chr22:37877829:+,EIF3L,G0329,development,b12b5f13f3d97f6cad851d12b321b3a5e54973c624afbfa942d0a0cfcdd164c7
chr22:37878035:+,EIF3L,G0329,development,c9dbcfa3cd4cde68f457a89446341bb7b6464e0db4e4585f304b8bc9e472339e
chr22:38290794:-,TPTEP2-CSNK1E,G1094,development,3269b8cc6c9f0790600caabd95bd15393b471e3fcc1deb8d7f52d4cc5535856d
chr22:38291110:-,TPTEP2-CSNK1E,G1094,development,1de5608dec6162f02c3d9cd146b459baaebd4a629fae2dd4d73444b003e09b9f
chr22:38291245:-,TPTEP2-CSNK1E,G1094,development,1bc5c0dad30146a464b1254139656b8cc07e1f853d3897881fa6ce7b9c418b36
chr22:38291836:-,TPTEP2-CSNK1E,G1094,development,253f618e7b0016a81fbad1985701b8a7d92e7af0dcc801ec44da8da1b2d39c62
chr22:38483570:-,DDX17,G0254,development,9d641e1c6589f0994802bbf0354ab26837eba24cbc00d4cb8e0071a50cc4cd6e
chr22:38483579:-,DDX17,G0254,development,e9b7f445f9a462ae8b4a73774686e391e2aa8df6003f27661a87e18797920315
chr22:38483673:-,DDX17,G0254,development,26aff37a92d42b8bfb048221dac348fca474bf0233345d709072d8dbf8b82aef
chr22:38483899:-,DDX17,G0254,development,e987201debc040004a9e11b5228f539c9df787470cb20fd6a4a6963d6ee60617
chr22:38483941:-,DDX17,G0254,development,861f418cd6b40836dedeb4b23373cb33d119e231e69a8ca3025a5acb3edb6123
chr22:38484557:-,DDX17,G0254,development,da388cc226cb36cafaeab8d88024fcd5e5cb76e6fc38a70c01a694b02fc35f0a
chr22:38486150:-,DDX17,G0254,development,19702fb3b8f46ebcddcc1426e8fbdb6ab13fb62009acc9f679a4193788219b53
chr22:38488135:-,DDX17,G0254,development,ed5828c1a616dc75bde70ca16e64f61431489a81492be1cbc526dc24ac7e82fc
chr22:38488139:-,DDX17,G0254,development,64bdf5439055cdb1b512447d563ca980122d4d3e1311cb86442483724d1cfece
chr22:38489725:-,DDX17,G0254,development,a02d3b85fb03890fb95d8917c6b5cf74956432897beb6d186efcb20ea382064f
chr22:38489939:-,DDX17,G0254,development,f9e631e72a4adf02f8a18abe7407aa465698b3e429668f9eb3155794a3761d6f
chr22:38490006:-,DDX17,G0254,development,985a2bfc6669f4c6dba03ec93a606853a704c5fa9a4ae1c19547873b6ec06014
chr22:38490073:-,DDX17,G0254,development,673bcb4789be14d42e76a726bc79020db0ffe69ebe5861929be2b8b83e577189
chr22:38683899:+,TOMM22,G1084,development,08d237540354aaf5aca4df097edf520a7387fd0985cb4250826580ae52579262
chr22:38683997:+,TOMM22,G1084,development,1b15d9e3b9d6488d57405a6340d806f9a04adc580d12a41a9d1f91d492fa9b16
chr22:38684197:+,TOMM22,G1084,development,137547a864e1b686df5ae4a6fd7eaf3bf61f3c52344f94a320e72cbbdd9f65cd
chr22:38684243:+,TOMM22,G1084,development,9e58ef88f61a15ca51a8c0de864e5bbd035cee78a738d467552f9d4d005cc9a5
chr22:38684360:+,TOMM22,G1084,development,84ad463caeacf143b07835424b0cfce7db5f8b55135845698c4626b7107215b1
chr22:39313695:-,RPL3,G0872,development,7ab0e7e42b6422c13521a24f34e23a7771b402965a8e442bbf098d9a154a0d8d
chr22:39315473:-,RPL3,G0872,development,c958c380d05154bb98765127a8ceb0c04a1f62facf7107148f710744c3779c04
chr22:39317516:-,RPL3,G0872,development,18c460c706ee1fb6bb95722937f45d9818d4277f42d607738f8930139ac358f6
chr22:39521489:+,ATF4,G0060,development,af22c6c16122e53bf0ed2e04ac912df5fa3aa640f076ae16e63f763892ff1c38
chr22:39521790:+,ATF4,G0060,development,dfe89889921c2cf50cef33ca6de9d7f58a8ed604081b1f266a2abd2e1cb94225
chr22:39521934:+,ATF4,G0060,development,0603cd62db6addb75303eb55b3541143311206dc455afff4731d851a25f8f2d5
chr22:39522377:+,ATF4,G0060,development,9b9259f7ae56bf92e1423e09baac5528bb4a548931be89ed0937f38c52d8e7e9
chr22:39529239:-,RPS19BP1,G0891,test,b1d08020332e0b84c081518418b38a130dae0cf1cd5018597733d28b014d0268
chr22:39532748:-,RPS19BP1,G0891,test,fac3f3e0dca4c434a3912ace9c4ee0c4d4b836825198dc4f2b845379c950a115
chr22:39875642:+,UQCRFS1P1,G1149,development,f0bef06d9629f6c26cdafe28b2e2e8e7be619fcf35fabfd5466f2fc8c0b33de4
chr22:39875651:+,UQCRFS1P1,G1149,development,141eb119901e5d4e8a0cb1c9b3dee389bd873ebbc490bd77a0316ebf9f2d94c4
chr22:39875781:+,UQCRFS1P1,G1149,development,af92452b785b5913986c400ba916f8e246b95b93904e6ddab515654f6baed677
chr22:39875880:+,UQCRFS1P1,G1149,development,d5175da9ea718cb5347ce83c1a1c8f38124bf797bc96f4e3d518e99ddf28439c
chr22:39875911:+,UQCRFS1P1,G1149,development,58eabaef23c1fa1e1e7f84298b2838de29fab96086a127ef7db466da318b91a2
chr22:41459979:-,PHF5A,G0742,development,b34224dd82f6a1f79a704ccb2fdf00915e2b945361ab443fdf06e17dfd336b20
chr22:41460046:-,PHF5A,G0742,development,21f2363aeed76d02f7c53e26ee85fdf2233183c09c47f79ab526732e0f0289e5
chr22:41460050:-,PHF5A,G0742,development,4c270be72b754072b7b32d0df2d4ec4c7cc9b1ec0d549869b8f11d76e9e3d173
chr22:41460176:-,PHF5A,G0742,development,f74a9663b4c7808b51a166b70251881dd5068fef3632476330f217063e9ce6fd
chr22:41460215:-,PHF5A,G0742,development,743bde58d64076d82449de17dba17f7fae320c89975cea45e7e75af36a464772
chr22:41460238:-,PHF5A,G0742,development,a9cb76f8fda650d5567f285478eecd6785ef19464d7c932e8f7222818e3bb1cb
chr22:41460276:-,PHF5A,G0742,development,4dd1c2b67909b5c3b6a841f7d0ce5a11ea5db90f5e70f6dc80b35844eb882304
chr22:41600987:-,DESI1,G0266,development,01ad30c76422eac31d0fac5c219e95f08b385692826a43415eddea8d798a9cdf
chr22:41621295:+,XRCC6,G1179,development,c31e17d7bdc43564007c42ee9f58660c096579990fcffd022b754dbd178f9c97
chr22:41663811:+,XRCC6,G1179,development,50a29bf501e29d74fe6e69430f2093b59096ce3cade5fe3d3f51faf0656a35c1
chr22:41663936:+,XRCC6,G1179,development,ca35face5f8ea4f5a5124742b25d221e16ee93073524724cba656dc4179ace41
chr22:42086132:-,NDUFA6,G0653,development,757146798fc43c06c16de9d13efda8ccf18358839b7d86c412f8bd1c53e15b58
chr22:42090762:-,NDUFA6,G0653,development,cdd4a0428bb001a2b8db5cae38ffdafd5ee03b98dbcadc8e35680a614f483fd9
chr22:42512640:-,RRP7A,G0904,development,c72d995adabf1b50aefb353c920e7a680c3221fce75ac530b0a45b5ff10d2f17
chr22:42512683:-,RRP7A,G0904,development,73d0688de589c536ad0440e222275d887270f6a8a77c9ea39656d2f16a1199d9
chr22:42512705:-,RRP7A,G0904,development,de31a77f24d87af476f528ed997474daef1e8db65dbe5d772862ec4c776b9203
chr22:42512747:-,RRP7A,G0904,development,98a2af720ef1f2452390c5314e4474dc08318ae18c53fa171e474b340fefed76
chr22:42512914:-,RRP7A,G0904,development,529d6c15675e4f958679d0edea44617f72f3b50452c94617e014f569ef712615
chr22:42649340:-,CYB5R3,G0245,development,fade8cfc2ebde57119e68205afb0deed9e47c0ca38e736a3ffe6beecf6812062
chr22:43163010:+,TSPO,G1108,development,a84033223fa091705e430c495770dd290ccb586a88ecc53e142c073fff58f371
chr22:45186432:+,NUP50,G0699,test,c6336a84720709d2085dc272489011c1b8b78e184cd30bb589499a65de029e38
chr22:45187790:+,NUP50,G0699,test,346cec2cf21804587fd6cdbac96edbb54105062f8a79a2f644bd0f39293a0fef
chr22:49963279:+,PIM3,G0744,development,c4fff25c6e18d8635162c414741df4acdcd6d85b3f79dc87e60dced0d604cbd9
chr22:49963295:+,PIM3,G0744,development,6faa865a7bb371bf917a916cfd8d64ca3387f929f868cbf2be3a2ba788908372
chr22:49963327:+,PIM3,G0744,development,7fd0507ed4ab1f57c2f88f3fe960e354c3e43f9fad8bef6617757452fc7481ed
chr22:49963875:+,PIM3,G0744,development,d83dc3e25f5dc2504a1a6d5c6c55153d7fd363b5619f84ecdfdc8bac09935690
chr3:5179938:+,ARL8B,G0052,development,354e3327d1b8bbeb1cbd6f3eab9c2adf050aa59b7e2b794fcee4a4ff8c0a5b60
chr3:9892999:+,JAGN1,G0504,development,2971bcdacf2fd470ecaab15e2d6725994046d8bca9e46de5ab786d5534ce065e
chr3:9893149:+,JAGN1,G0504,development,5554341bf90da70a3637bbfe23f31353dff63dbac49b78a46bebec39d7e2ca50
chr3:9893271:+,JAGN1,G0504,development,ea538434568fda9f58c5683a712ac4cc24e01f4814d771df3921c31b2eb918ba
chr3:9893337:+,JAGN1,G0504,development,d5fb86dc4d6f4e164ec429e52c7a81b548693c6375897260c2c48b9136215a0e
chr3:9893401:+,JAGN1,G0504,development,3225cffcc1a7c6d8f4dfe1d0d31b4289a4b75c139d0d11444e0c5224b451b65d
chr3:9893421:+,JAGN1,G0504,development,6b3553b5f5ef37b6fd428b2f99f37b13bd544058aaf33a51fa67d9f032a42453
chr3:9893541:+,JAGN1,G0504,development,9504fa31e6e5ec827207171dda2574f69a3da14789add9ef6c11690f3d93460b
chr3:9893568:+,JAGN1,G0504,development,198acdf56b470bd16f66605fbc6b769390874d47a621b1894364be3a84159de7
chr3:9893616:+,JAGN1,G0504,development,505fe10fb13bb37c1a4b40b0f9a76d941ae602e30cf8425096d2fae5ab747834
chr3:9893706:+,JAGN1,G0504,development,6c1fb296f249b33af29087bacbc2e32af32ff93b3fe869e32e3d11d673836261
chr3:10126587:+,BRK1,G0093,test,dab70e0863dd1ee51bfd2012003ca2ce8eea614ed0075c6e51b919907512010c
chr3:10127079:+,BRK1,G0093,test,d7e22966035d8c3a4d5286f9aafae0044b3b309141bcea3d17075235a7b58db1
chr3:10150370:+,VHL,G1165,test,dbd61d2d4f025e6d7ad4333cd897c5e4a05a1a472d6c0af4f116a1ee3356af02
chr3:14141596:+,TMEM43,G1074,development,56997b7a6942c4e56cd5932d31e3a6720786443fbbcf70210b178742b3afc764
chr3:14142516:+,TMEM43,G1074,development,c0e8aa7312c8f7d620695afe3b336854a739296014860b005743cddf3efcd38f
chr3:14142590:+,TMEM43,G1074,development,5f4a3acc622172b20e75fd23ca9b7850c03e1fa6cf712faa4ce6254afd2ce5d6
chr3:14142635:+,TMEM43,G1074,development,df15769fcb5702ecc77daf79ec993cfd8fe80a951e925322269b9f62e64fe230
chr3:14142751:+,TMEM43,G1074,development,bb13e80fc9dbe48376559bee15a6e9728f02e6ac6075c67ec8c90bf5060e2113
chr3:14143282:+,TMEM43,G1074,development,ab6c4f1559c7bb3f292b389673e0ba5e564732f9611e1528e0b6e9937b86668e
chr3:14143415:+,TMEM43,G1074,development,db44dd8a4a1c0f8b6dc3e4d7520e9f125d96f9693cb2e637ed724acf817855b0
chr3:14178840:+,LSM3,G0538,test,ea1a5eeae6f88035ce91a30fea910ce6bb7b39c58419fff760ec491c62cb8657
chr3:14198150:+,LSM3,G0538,test,7afca1f3182343f71c16249d4fe5a2484863eb311e4ae34e5f3643efe6f36d93
chr3:23891072:+,UBE2E1,G1131,test,ba10f13a2f8e6f780adce9196dcd37aee9241ff9bfbcbddeb068f1506409c974
chr3:23917127:+,RPL15,G0863,development,ad431e3ecd721ddc0cfd2a279ad6a736fe8681eed4bc21b804e01fbc37529772
chr3:23919546:+,RPL15,G0863,development,18cb30f2062b6f4da3c428ef4133a7da6eda8e98d47f20f4c719c52af716252a
chr3:31626005:+,STT3B,G1013,development,813b34517068f90f725fc83c31d5edd27ee12218b2c100b230e743ed094847b1
chr3:31636056:+,STT3B,G1013,development,04ef2f48f968231aad49ea87a04400a5b56aa9085dce01492f0f9addd051a2d0
chr3:31636069:+,STT3B,G1013,development,f80cd53ee2b6c93b0bedff7f2f44eb467b18c79aba85cbda5d1997eaf47ac6aa
chr3:31636238:+,STT3B,G1013,development,881f2fdc32aa6e851055f85f6c23148d5bbd2041ea70d76a0cbe42aaa4450107
chr3:31636985:+,STT3B,G1013,development,96068a452a09cd1f4e98f174956ac5707036367e3a7e5b02b672fee5b062b021
chr3:33142467:+,CRTAP,G0226,test,0487d92ade224ff1d66006d0804c8cec6e2bf1b6769dd1adae79a3c244ec2005
chr3:33142876:+,CRTAP,G0226,test,5af8f6934a627b1914bfac92edcdd66d7a21923395694bf0a7deac7ddd8031de
chr3:39396531:+,SLC25A38,G0962,development,5136394ef4cf65f69a4b267061ddc341591db1e26f0fb6a6574763be4df18297
chr3:39396538:+,SLC25A38,G0962,development,8b3c4d108609c0c393c770bfea7477c30a2f0046e02c160ea38dfacdacff312a
chr3:39396685:+,SLC25A38,G0962,development,9d79d67e8fa3b8cd45c7678ec85637562bbcbf6152a268ea1ad4e53afaf46eaf
chr3:39397071:+,SLC25A38,G0962,development,ce7cd341097330808c3f26747779076f2d99648488ad31dbea63044390297cae
chr3:39411962:+,RPSA,G0898,test,52fb264b9e0df8fdedf77a53f0c73a9ccc8351ee4e99189a7b67cde32fb4d8bd
chr3:40312107:+,EIF1B,G0316,development,b8f39a6d97c3407ead38cf42366daa55bf9c08cb1fd06501b6b5aa5a9dc3c287
chr3:41233644:+,CTNNB1,G0236,development,ae740e7b920eb22c25654861c2039250ae42b1d84538dec8c3ae080303aa2e7f
chr3:41239409:+,CTNNB1,G0236,development,4f57b9ee8047593796d3db61dcdbea377e8083d87be0dddf0b014bdd23cf1256
chr3:41239420:+,CTNNB1,G0236,development,b52e02516b78b1e7346bb30175b71527fe9b3503f83fc57abc0b21df0aebdfe9
chr3:41239777:+,CTNNB1,G0236,development,cb93b9d31415dcfbb15af8a401fb2042bc8186eeb026a2430ca940d0c010f484
chr3:41239790:+,CTNNB1,G0236,development,5ba9f50f2bfa38a0491232c70dcb9385c27b6e9c8134afcc4b435be8019433c3
chr3:41239837:+,CTNNB1,G0236,development,d4e3ee7544a99457b50b55d22a1ef5fe4978b0fd297502ba9165b4eb224c69e4
chr3:41239963:+,CTNNB1,G0236,development,d1247236c835a4a100dbe060c9d7bb9e4d9c0f9e9a1779e9f3019162fbafd46c
chr3:41240331:+,CTNNB1,G0236,development,e2f774166276ff7d417a8bc0a83fa651703ef8b3b835b3de12c45e246b64f2c6
chr3:42594606:+,SS18L2,G1004,test,1af94582da39cc617a52c9a2a9b1d31854ea0e334f2d6b0ccd14534f787f97e0
chr3:42594678:+,SS18L2,G1004,test,04ec8042aeefa268e6c14ccddcecfb8184b63082c6e46c6dcc918f5225bb1902
chr3:42594762:+,SS18L2,G1004,test,3383ede50b0fd935e383b972c4cb2b17046e15501a400a295e12d076c912a8d4
chr3:42594788:+,SS18L2,G1004,test,b76ab16370e1909220b5cf56a9513f5d71cd3aba5582104fe796d700ea1eb5a2
chr3:42594897:+,SS18L2,G1004,test,1b937a4361d3d5c03b4b47a38e139504350da1d491400db9071c799445666cba
chr3:45159919:-,RPS24P8,G0895,development,4f3c5cb069095c6b8fc7eb94f659076111e24c3662408a7105b1754aba2541d2
chr3:45159993:-,RPS24P8,G0895,development,7fd90fb3f05155804df4a2ceccb94a4338e45c0becec3903fb3463a84c941eab
chr3:47586454:-,SMARCC1,G0970,development,bed1126af90e9549a3e4b12c98a7deba46b1e8f0e098b098138eb9e7f5c0614d
chr3:48688406:-,IP6K2,G0498,development,95c6867d86eb66d8e8e2b77760ddd1ad6bef23027f94824ccfdb3e3b65b294b8
chr3:48747240:-,PRKAR2A,G0782,test,bed05642d7c3f203749046e927f106fb83c2a5737a995a51e514ba8eb83ced1d
chr3:49357512:-,GPX1,G0412,test,db446c0cb41840b6a291d60bca9a43550bc151dd7248901c9610418435ad9b80
chr3:49358289:-,GPX1,G0412,test,abbe9925ce41fd5b8664fb127c674eb6b6b405f0dacd60472c8b2f7a6309f82a
chr3:49358325:-,GPX1,G0412,test,1b20da674ece8796043b4cfd546ae6145814db2fe4da76a4148f3314aee459dc
chr3:49359326:-,RHOA,G0844,development,f3191bed958b45d432c27ecdfc0d59a4af1cf3bd4e86b265f496241849135a52
chr3:50326009:-,TUSC2,G1120,development,baab1bb147c461d2eb90e5e3b164e1e70f695d70ad0cde05b0cd1f0b82b7855a
chr3:50354902:-,TMEM115,G1069,development,412c3a9be33e4783a6bda8a14717709bf1025180b28f0a7eba8a9dabe56a98d5
chr3:50354981:-,TMEM115,G1069,development,91dbec8e202d3dbb1ae453a91766362c415fe544843e621f81458eba3a103ff9
chr3:50355014:-,TMEM115,G1069,development,38b6dc5dd1f2ef3dc3faa7f36f8dbfe2b2f5cfe362037f9459ab9adc0c672bde
chr3:50355055:-,TMEM115,G1069,development,558cc41d3fe32f96bdb14097dcff24395d2f098de5ab099267820a99e5d9eb56
chr3:50355091:-,TMEM115,G1069,development,47cfb242929ab7b73266a6481e09f4295b29c2f28f69c5e9d1480ebe63a96374
chr3:50355162:-,TMEM115,G1069,development,604761bf9f183e63eda2749be1f16d0007377cee07ae012f83151278f1f530fd
chr3:50355266:-,TMEM115,G1069,development,ac31dd2609e3b8590bff970005e7ae113208c652c2f2d6ceb72aed20ee322283
chr3:51389038:+,MANF,G0550,development,397a8a06f8876396e43b510cbcfc9652121d404014131fa95aea72e4e4fae038
chr3:51389078:+,MANF,G0550,development,ef211946b52e930354a0dc26501379766aea6ade3511afc61fbdf456cb2d67e8
chr3:51389125:+,MANF,G0550,development,9869dca7f46069b0b66cb4678982a3f5793d976027e7b2f17e21ce57b180bc3f
chr3:51993720:-,RPL29,G0871,test,5497e8fea6c70d4e9ad9dd8f9edc29de350d56d2a93e4165c185c85fd13ec024
chr3:51993728:-,RPL29,G0871,test,3ea9f0a3598a17416801c6e42b23a10e4c5d6fe19394ec40284ab107a9d8bb35
chr3:52706112:+,SPCS1,G0986,development,cf1a64e1a4e2096105dd23f253cafc20df60e660768cd08d085f19d06332deec
chr3:53885441:-,SELENOK,G0933,development,ecd6835b13ebd0e1dbb438823104848079ea2f8fe0833806cd49ed01421aeb89
chr3:57572112:-,ARF4,G0046,development,34d928245e54a73dadd2dd7a7079743890fbe8ae1faa56aa411fba28474c3e87
chr3:57572248:-,ARF4,G0046,development,74daaa79c2182a800527eeb6fbc1f75e9c27de39e8125774e16f34f6dc7b0e34
chr3:57572265:-,ARF4,G0046,development,4bfe84ad4d6b8028b1ab9b1133ff0702ed8cfb5674fdbb99e4a9478ac0698128
chr3:58428028:-,PDHB,G0723,development,479748b907b922683d5c93c5d749589915c310ed0492779d716f9590e3dcfdf8
chr3:58428071:-,PDHB,G0723,development,207d3bf48b1aec00d8bf5cbc88b20acd85bbada039aaec2dab5e048383edecae
chr3:69085052:+,ARL6IP5,G0051,test,8f3b8a2e05f62307304ed3eb9fa5f62e13a8dd4509006797fea38e3915c8bc0f
chr3:69104603:+,ARL6IP5,G0051,test,e9e82cc895151f78e9ba092ddc5f74ce20dd1eaf3f16938d60218897bc23fa46
chr3:69104611:+,ARL6IP5,G0051,test,8f206ee7d58388cf0eecfcf8d21ceb47d7e1445e6a1ed47962ad7bfb8b6e4626
chr3:69104637:+,ARL6IP5,G0051,test,8db27268a844273f0b99701784e79931d8bfdb119f6196a2ac37445b77b192c8
chr3:69104642:+,ARL6IP5,G0051,test,67cc7080287e7f906e6d5ffa2c2aee0a8e4e14ff4d438f62281b4a899cb4f92d
chr3:69104697:+,ARL6IP5,G0051,test,21f48269b6c1d5f981958c5a0083a0f58cf93f80bc02a903e3947ee35370194e
chr3:69104778:+,ARL6IP5,G0051,test,4dbc8b58f96279689cfa1f74bc12666286e3d0b05b326de8df4c6b64c5423886
chr3:69105351:+,ARL6IP5,G0051,test,d5ddbf75ce4d384765baad6399f22d71ae77a21cc41a3145a42d50be6452343b
chr3:87253945:+,CHMP2B,G0182,development,f23f0ba88314ca53ec411abf2aa452958c933a17b39bc945d2b02ef66ac444c4
chr3:98580696:-,CPOX,G0222,test,5c63db7620b86ea79436c06b749331f177135611002d6d89182878be895d8cac
chr3:100178446:+,CMSS1,G0195,development,267f2617bc47e8a01541b4d90c573c508bc5fd5e63dbb140293d923349c78afb
chr3:100363574:-,TOMM70,G1087,test,6ece08a9a58bdb60cecc6bc341c861486198c6cf699bb623ee4857fba04cae4a
chr3:100365486:-,TOMM70,G1087,test,2fa5342c3e15a122926813d313d59f321daf6f4f1775a210118d74f5d4a5f479
chr3:100365498:-,TOMM70,G1087,test,2ee6d7923c9769a4f915d1b080cdc9b48c3fb839b32e32d7593badc2a8e4bb88
chr3:100365547:-,TOMM70,G1087,test,3ba4f262159d21615ea78260a0749b5483868200533ae73fa6a78c3041cce857
chr3:100748585:+,TFG,G1041,development,a98fc29ac9e0d83d7c27b016736a5a41e199a4448ab2924821ab89db166e7ad9
chr3:101564876:+,TRMT10C,G1103,test,9762811cff180a7959956eba39df8a4c6cf72a9c617e61225e53691b288c95ab
chr3:101565324:+,TRMT10C,G1103,test,7feff3ab5134fe48856c42e590524335c1b658f1a886351b5a2c91c1c8509f95
chr3:101565344:+,TRMT10C,G1103,test,85f46e2c952c692e03755645795c3179329246c6264705fc84deb08f76f361c1
chr3:101565387:+,TRMT10C,G1103,test,8f144a76a2423a7d9548346d583bafc712907c321925beabe63fe9580e983b25
chr3:101565635:+,TRMT10C,G1103,test,acb335eaafd090415b6c10a78453ba363e5ba780c7041338a2bba0bfa0fce5b9
chr3:101565676:+,TRMT10C,G1103,test,e1893de148c6ac40434d41dca0211b999159aeec185031144e76f1bd18460d78
chr3:101565875:+,TRMT10C,G1103,test,338d809b4fdcb6ecfde85882b8e6f3dc7846ccd6b59dc90d403254388871be53
chr3:101565972:+,TRMT10C,G1103,test,c071d92aa9198d510f7f9be33c82c367e9d52676e8bb9a63f931d250cefb40cf
chr3:101565988:+,TRMT10C,G1103,test,5463572dadf301d436de2b5068e4b5cd1fdd3e62523252adb6869c446db095a6
chr3:101566028:+,TRMT10C,G1103,test,5da3b2f8946a3dc8ff9d77b863ae484f8a52efa1bb2f1262aa20d3f881f2406a
chr3:101566047:+,TRMT10C,G1103,test,f91bd19aa2a4bbb9c5d626d29716bc31922f549bd3f00f4d07a8a4096750293f
chr3:101566152:+,TRMT10C,G1103,test,961469f53429b79231f503fde6c3db1b0c55759a328ef46295acd3bebe7d1104
chr3:101566192:+,TRMT10C,G1103,test,bc8d9702410ca6918a6cc20bf06c6c2687824602cce0c9cc05453b366f3f0f73
chr3:101686577:-,RPL24,G0867,development,2a45a4b1af54af88a7d78d25e4a8c297e8ee66951e6aa43c22aecd22848e2d41
chr3:111991687:+,ABHD10,G0005,development,b3a4564c2fa43099453c0e3baa84ad957807af4e5b59acbdd3829626db0efa5e
chr3:111993109:+,ABHD10,G0005,development,bc13735a80d5cb9e4a48952a455e677a75d1d8e9f0b2fd1ba601727fb170e548
chr3:113811429:+,ATP6V1A,G0071,development,cdaf4d6c2eb91a14620f6dc7074c33eb820191cf35f8abe6df480c30365dacba
chr3:119523752:+,TIMMDC1,G1056,development,eceeb5aea1f42ca25fd01697f9d15374a43b6906e2cf2df6588d8e197be118f8
chr3:119523768:+,TIMMDC1,G1056,development,171d0dd26182d1ac395fcdc0e55e9641a6c196fa16f11fce0c5c8732c04ede21
chr3:127621795:+,MCM2,G0558,development,21e1d6d57c105033482d80f47b8dd33c56e128bedb5a7981f4c0c4967ff3fffa
chr3:127621805:+,MCM2,G0558,development,bcc233b039fac8ab730279f90bc23861f72fe113c5cfb73919fb1a1965b52eaf
chr3:127621845:+,MCM2,G0558,development,bd264f829c3132d08c778b92fda07057a24d942244219f90dafa2c65c196fc44
chr3:127621869:+,MCM2,G0558,development,9cef892ca054d93816d5af5e799ad4f755c2e846392541a340c5a84239792796
chr3:127621924:+,MCM2,G0558,development,acba310c4cc57fd4c2069b1435298e9951401e932d8bb2f1132711fcf36e1f6a
chr3:127639353:+,PODXL2,G0757,development,7b571e10bfa610715ef0ef66a05c8ca43fb60719b872d863e823e1807def31d7
chr3:127639373:+,PODXL2,G0757,development,6da1ed88fa8fa918989a306e6f3fd49270703ec37b52c4035aca2f4e102a25ff
chr3:127660788:+,PODXL2,G0757,development,3fe01f09019d27844003b26140619a682190e5092938941fc61a082f6c48ddbe
chr3:127660804:+,PODXL2,G0757,development,1f578fbc877c4c28a064d9f2b816096bcd5ca6f8adccc678601fbc2183f5cd94
chr3:127661054:+,PODXL2,G0757,development,c962431747b5dc8c32e859639bdf79569be18bf6d31da532d08c8bada489cd19
chr3:127671447:+,PODXL2,G0757,development,bc2a837ae1337509439e42688952109e636ba4f5ebdbb521fde7742768bd0574
chr3:127672437:+,PODXL2,G0757,development,86178ebd4edb487cc9a8771316e6f0b5aff0b206b3ead5d212badea9492fdc35
chr3:127672446:+,PODXL2,G0757,development,d0cc0ad42924e84677911eca52d6ce00bc0d82846a6bbf5dd4b0dbe88fe95857
chr3:127672452:+,PODXL2,G0757,development,36be7a944e58ce51a8e2abbb118f3c5f35524ad55ee80df19bfcc0462ff4eefe
chr3:127672467:+,PODXL2,G0757,development,fb8c2aa26be3bb9e119a8863211fba26b8369ea83c36e1dec7a85368e476d051
chr3:127672516:+,PODXL2,G0757,development,a6043ed2e0593bb1d0e57fd02877e20b564595d4465a6c5aee0a47ef280a8775
chr3:127672530:+,PODXL2,G0757,development,ca621b8fd0082ea4d2e2e6bb12b00b4e8160302db8286779cd7e69f121a6abe6
chr3:127672542:+,PODXL2,G0757,development,6c8c5d441cf81376aaf8ca71f7c77fb5fe868d1dbb1642a84226ec80d4ea2abc
chr3:127672649:+,PODXL2,G0757,development,aa692a876970bed412079da3eab4a61f28b66c638f82cf297762b59b6962639d
chr3:128069809:+,SEC61A1,G0929,test,07ba04736761482151d859d638b6b74826ade14335c34405440f2f02e5f7ccc2
chr3:128069859:+,SEC61A1,G0929,test,1847fbc0b5507c0b71c08467c8a5d76c82d4220de677a3bed829c687a50bd02d
chr3:128070169:+,SEC61A1,G0929,test,88e661151e5059c2b8c1151300cb32e48df9c4f07db6504cb7f2d2470a341562
chr3:128070227:+,SEC61A1,G0929,test,d74e1b74cdc9a58e545df0496a76e4597ab6f11339e08261054cfcce44f4a0f9
chr3:128070232:+,SEC61A1,G0929,test,cb348e3f5c325f88d8eb9dae416f735cdb08d59ad8898af673ffa185997211ce
chr3:128070423:+,SEC61A1,G0929,test,0d47e9032cd800dea1e059d6c9e14ff064d45da3ec2b653a30fcb124b70e7120
chr3:128070427:+,SEC61A1,G0929,test,28d869db23110193a20b980ba180032c717e029e952abfd314e6bb0fd013cc7b
chr3:128070475:+,SEC61A1,G0929,test,ba052f80343a57c8a7b14107b78452b21eefc10ba142bba233274518ae0ab2d8
chr3:128070509:+,SEC61A1,G0929,test,4b6023c97f6abbf96d8a2aa7a80a27acde74d4432bf17c8e52d72b23510d6c74
chr3:128070544:+,SEC61A1,G0929,test,9b54e031c12a5c35b6a12a326fae612d040bf0a4b6265f39d97b22b7f296b40a
chr3:128081222:-,RUVBL1,G0913,development,cbcdb32fb45327eb8b53cb4586a613cd068d711ea048cc428110bfb33ae4ade3
chr3:128081316:-,RUVBL1,G0913,development,dcb024a428e49ac25fe44d3f4bc3116f5acf28fef5783b2456d7083c7bd5e4b4
chr3:128632045:-,RPN1,G0886,development,f48109ce5855eb2b43e312681600247b01ad2e5b4f8169ff59a1d1aa5910daec
chr3:128813711:+,RAB7A,G0818,development,5f74366d770c5a7fcc1fd2e65fbbc75bca319d4ead4c1806c262c0d3d1700112
chr3:128813790:+,RAB7A,G0818,development,7c783f04d42c41201b04ad31802d537a8b960ad4e03910bb81aeab32cf13cf4f
chr3:129315195:-,H1-10,G0425,development,4e61aaf8f806f7bdb9e794beb2c2667bcd1ea7dbc22feae16119e0fffdce32b4
chr3:129315361:-,H1-10,G0425,development,52435b324922a8576a43b81066a27c71d60bdb04461439941b9b44e0349e005f
chr3:129315430:-,H1-10,G0425,development,eed0d867c62c4464ff0c9ecce47a49a6aa0c173315a769806d2a83eadaf9204d
chr3:129315631:-,H1-10,G0425,development,6c309576e0116662b22989b0f466078d4719395df081f60c57280e5b0e8417c6
chr3:129316150:-,H1-10,G0425,development,562073cf74e7cf1648731f669551209f44ea6b4cb589545eb0d786f7f34c3a3f
chr3:131462463:-,MRPL3,G0596,development,6a5df8fb31b03212fcd2c9eab057dccd7d29b3d3f4da9728f973fdcb58c99fd2
chr3:131462713:-,MRPL3,G0596,development,3198ef6ba3fb775c9ec79ffd1118ceec8a0c957ea21b115658096f5c6dd7b337
chr3:133587506:+,CDV3,G0169,development,2e0da5d3bd95c87b9a15bad4b35a0eb2a38b7f53a9b82b8b11c7635d368cb3a5
chr3:133587760:+,CDV3,G0169,development,2bfe43dfaa84fba386457b99f92adff78fc65d8d5e82662d8c8092a45eedf975
chr3:133587832:+,CDV3,G0169,development,c7cd69ebb0cb7c715677e0a443852ce5ba1bb9c677a77a7dc1ab5e5eece3a15c
chr3:133588204:+,CDV3,G0169,development,86e443588a9dc7863e0ec9829ed85d66670e1617cd2844432974a193de09a61e
chr3:133588223:+,CDV3,G0169,development,eee9fac209270911383c0245d0e79375ac4458275d6995364424f5ae991a4ef1
chr3:133588259:+,CDV3,G0169,development,03ea099e6ab7223a462bad4a647dde3130a38464a21780d6e80f1a6b8844163b
chr3:133588288:+,CDV3,G0169,development,a2a7dcc9a9a0d2ad8646942f5b2482e21a9acf9fb2b0b5a11115b1aecd4d2fc3
chr3:133588306:+,CDV3,G0169,development,feb14e8787cc379ffa0df1d6285880d7c3abf577be906db070fefba9545b8626
chr3:133588312:+,CDV3,G0169,development,c19770c16653cd40495a62932ce1670064a9a990058e0d3f7da59bcfa827e2d3
chr3:133588355:+,CDV3,G0169,development,48e0bb4f99774bdd4333e6cd8013f996f794e36d007fa95aeee1f56f0c067253
chr3:133588376:+,CDV3,G0169,development,36d69434dc7a87c9adc217d3f0d676be14d240e2e62d154b5396ecd477e4b773
chr3:133588406:+,CDV3,G0169,development,631e02d47af79ef83bb15c015790987be1e36ae4960b6013aee26f80b2b05f76
chr3:133588465:+,CDV3,G0169,development,5a284a790e593641422f5186017cf1f226784bf9a116bd5b69738bf5da560334
chr3:133588487:+,CDV3,G0169,development,67fb1651f503cd8ae727a71eed81ef3236442220586ff5bc2824f85ffdef6047
chr3:133589069:+,CDV3,G0169,development,90c21b671536ee580cd7992a01a1474f3310dfc967f7c69b0b9b8a15bacd6e7a
chr3:133589710:+,CDV3,G0169,development,bc207f47cc625e6bf90c0df3ea0939e1bb8ea9188855ceddf39bb5a09eef69a1
chr3:133589886:+,CDV3,G0169,development,e892a0dfc8ae8bdc6a40c31af3d53d287461a5b6a4f0ac71c8241a4608b13d9f
chr3:133589934:+,CDV3,G0169,development,5a69f0e9ae07135f6bd7b0f57716ab634f4428315a1c281fe5c9610c48d5a9a9
chr3:133590000:+,CDV3,G0169,development,21cdc8115c13bf5ad0f68a0dead4ca20425451fb77c9721dfcde076dec114ae2
chr3:133819597:+,SRPRB,G0994,development,8967db36285683bc8ba9d26aff5cae371ad0a185d25ab778d29cedbe0d86065b
chr3:133819735:+,SRPRB,G0994,development,dd0ce81518ccb2e68a1f52255a9c9ff146c4bdbb9987a93bad7c9194f0e733fc
chr3:133819898:+,SRPRB,G0994,development,8a8b283fa3cecffda338d4ae1a107d59f5c934b1f8adfd698a92817d1e7a1b3f
chr3:139357780:-,COPB2,G0208,development,b085e0bb82bd0bf0e65cf7062cd168d3fe5afb1f21c444be48ed37099d6fa683
chr3:139357863:-,COPB2,G0208,development,7fa1a8367715bcd334afbd1d9c1fede73d9b396e36292169db76344777a20757
chr3:140977817:+,SLC25A36,G0961,development,3da6c76006d67c4ddbd235af8e99698403bac9438c663fa3e16743f9a0923a36
chr3:141745412:+,RNF7,G0853,development,921150c0dfa5471fe98b2a70652b2c3cb2f3396f1b754162f3ffe2c1b5cb85c4
chr3:141925668:+,ATP1B3,G0062,development,6eb70b85c40f7715174e174f7d13d9e4fad10b68d2292a030dd86630bf68b594
chr3:141925765:+,ATP1B3,G0062,development,21d4b874c01df61aa449a72f7a38be6d34d96b5375abffab3f102260421c6262
chr3:141925818:+,ATP1B3,G0062,development,3e16432a41ac600bfcfc041dc229f703dd7d395b773c6422be8d54a2743212ef
chr3:141926114:+,ATP1B3,G0062,development,a9c993aa64501c034371813ffe9ccfa6f2476a48705c9cebf339551eef171919
chr3:149965185:-,PFN2,G0736,development,aaa284d48d13ae46da4ce476aa468b353beb82d38fddbb1ea71cfd5c5eb5c380
chr3:149965248:-,PFN2,G0736,development,80e112de058c39df022d4411a8232f80898c37680647b33d30ee00a4f508a05a
chr3:149965354:-,PFN2,G0736,development,ef3e520a5060e9a8cfff2542985632512728af1d1617cfe98d162addc223f5d5
chr3:150544345:-,SERP1,G0940,development,3beb9818157a0d0c5b70cca16610ddbdaafbcce4ef02958446d82933e7e335c2
chr3:150544409:-,SERP1,G0940,development,f3dabd865a1536cbefcf63565eb09e6d7b4a6000334fb2934625d91967def9bd
chr3:150544453:-,SERP1,G0940,development,20c2a689c8543d7ba7c6e920b6e363a925a754bc56156ced284f8a5fa154731f
chr3:150742136:-,SIAH2,G0951,test,578196f6210c4c16ea4922c073577f55b78f65bb087c1e4a7c96ddc6f65d509b
chr3:156542280:-,SSR3,G1005,development,269228c9452c1d06d8ca222a6b4ff8cc7b9607f86c0ed30dd70d5681a8bd7372
chr3:161251861:+,NMD3,G0669,test,43c36d733cf318ed2426aa46ac2dd3ac28ec71f84091e86cad6242c05050ba47
chr3:170866384:-,RPL22L1,G0865,test,68222bd59d1b1744149e8dd0202160898849fe53bb66aa02bc57315b6fa133fa
chr3:184183605:+,AP2M1,G0038,test,d658850130c65e7ff27a809554fc5a5d857777cfb488958a6526b00296a37414
chr3:184710475:-,MAGEF1,G0546,development,c4c5f750c9ac00892c631775a8a5657dc7f893f246a209d1bbe49b9f0e59d840
chr3:184710571:-,MAGEF1,G0546,development,776702fcdf618a043ec7dfa74f3dcc520de76b469e38461abee2d1fa72f87568
chr3:184710791:-,MAGEF1,G0546,development,8d876adfdc1a967e5f20ee51814c670ddbc4ceec6e8a0aae645112df8cbff20e
chr3:184710856:-,MAGEF1,G0546,development,7902be9bd996bd6e850c2895aba0ff711cbcef9f9aab0b4db1f74631330ee5e9
chr3:184710860:-,MAGEF1,G0546,development,88d85b7a65c0390c34f8d9080b607f88d2965052e19345ac80596c5d7d0fb620
chr3:184711420:-,MAGEF1,G0546,development,6579f74c8eb533192db799e7797268d9d3d86f8edd0a9ab03b095cae140bb4bc
chr3:184711475:-,MAGEF1,G0546,development,0578b68e931c5a89bfcb7c9f816267e72d835b0b9f00e6caaee81b4f422a8f76
chr3:185937987:-,TRA2B,G1096,development,0d6a40f968f77bc7eee59d29c3364bb40f8133bf77ab1d1c4c2e994189ce0a86
chr3:194138327:+,HES1,G0438,development,7c873ae50631baaee0e997ba0a7310962b4ea6a2eb281e6dc9efe0d91112fd99
chr3:194138406:+,HES1,G0438,development,197e699efb9db18fa6de47af686781528dc381ff768b3c70baee29125967a6ba
chr4:1693252:-,SLBP,G0955,development,c2002f7081755937ad3481481d7db1b3438afc0ed4fb0646ded678848e60ee24
chr4:6640975:+,MRFAP1,G0583,development,357d066c44b7139e029fc88a98a1cdce0a4a547367f22c4fba935b2864788c4e
chr4:6641044:+,MRFAP1,G0583,development,48af952508d007ef9f381617b458ec20e2f23ca26c2a546dfb1b5fb7e517b23a
chr4:6642074:+,MRFAP1,G0583,development,f6d8a5a27236dbfaee955fb68a7ab0bb68e77b9f519092b4409efe23c26a0eb4
chr4:6642235:+,MRFAP1,G0583,development,d536619704a366cfba9642bfc11de5b107161c21366983b3281b2f27a9bd7a2e
chr4:6642289:+,MRFAP1,G0583,development,f10c49d721997cf095e5dbd62087494f9cab8879a35a09f6283e573b413a3a95
chr4:6642395:+,MRFAP1,G0583,development,7a6e9542b07c25ba91e8835d13a3231e1ce4afc70a2d2c975740bd203e820e3a
chr4:6642494:+,MRFAP1,G0583,development,ffaa47960f41c7b7086e6ce1e6dbc9c8cfd121d27f53921d689766246fe723aa
chr4:6642555:+,MRFAP1,G0583,development,e8cc803f73cce78b93c285c6d53dcd3cb7a24a2866e1b3afa9ce556e16d2f200
chr4:6642569:+,MRFAP1,G0583,development,809dc11cb493642be9679fe6aa2a0a24b8a5469956e8387ab2577412e8d0874b
chr4:6642581:+,MRFAP1,G0583,development,e6f896b52ab63e584661fe0cd7fbee407c195914794daaf3ed0f3b6a34d45117
chr4:6707899:-,MRFAP1L1,G0584,test,9b51742c6ed9928741da9f0c2b139a1db7d299ecb50e22a6315ee5f12c6fa4d2
chr4:6707994:-,MRFAP1L1,G0584,test,2424ef13ef6ec2b84fcb46c777e43b28348721369dce67ef1658b5e45fcde405
chr4:6708130:-,MRFAP1L1,G0584,test,fa11cd48e4934f75161b04e7e70fef3be6ded265a45c81bbcff6e5284b7de293
chr4:6708489:-,MRFAP1L1,G0584,test,404ddc80f9508e963824faf4eda42c5edaf66f8069747a4a898c4e46a731a37a
chr4:6708588:-,MRFAP1L1,G0584,test,51c935bf88d20b7d42309206fb6356061f5b80884a43516e21e9ec523925417e
chr4:6708605:-,MRFAP1L1,G0584,test,640f6171b209026db34f8bb411f1c6f84515ef42ad70179411da00517881cbcb
chr4:6708629:-,MRFAP1L1,G0584,test,6c8bfa79b10f914ee18150884296bf72bd93e3bfa149c4bf97325202c6a79a81
chr4:6709517:-,MRFAP1L1,G0584,test,770e949f6fe5ec68eab517ac9ede07052dae63eed6669b643e0dc17ce62694f6
chr4:6709707:-,MRFAP1L1,G0584,test,c0c069edaa8b72094abbba63b9250a3ea4778e0be195e28c8cd40647866e4493
chr4:6716888:+,BLOC1S4,G0088,development,79705e0d57916c3d5d2aeacf6300cae6e782f096ac1860b90083022fc3ff01db
chr4:6716944:+,BLOC1S4,G0088,development,0aceaa03591d927d1701fbb6a42d2f6ed6b38c41470a2009e323bd59e961093e
chr4:6716960:+,BLOC1S4,G0088,development,36b8fc0cb59e4a22cfc8bf0dd200e6ca03a805070c9e7c9539e796c694bfa29a
chr4:6716968:+,BLOC1S4,G0088,development,d19933263ec15f5f409f2b1df55515ae08d81b0b0c6d80c6ab9551ce51faea88
chr4:6717062:+,BLOC1S4,G0088,development,6a9bd142f2e2d9bba335ded9520c2a421e27c597d9c6853f3be83cbdd523ae21
chr4:6717086:+,BLOC1S4,G0088,development,ad1a4082f9f67ab94f9a92b547f6d5e323efbeea10768de218bdf246d0e0309b
chr4:6717235:+,BLOC1S4,G0088,development,29ed7d6f0fedf6eb66771c3e5195aa01a6d4ab2884a5ba5979f376c7d8c58486
chr4:6717258:+,BLOC1S4,G0088,development,42d88bdd8c151f7ccaf5dc8fe1af3e13af004aada006ba01f3eed8bb5477c4be
chr4:7060139:-,GRPEL1,G0413,development,42e2a3f7b9da8951ce620be7c1c107a1dbef8f95543e95616998457e5a156f58
chr4:7060155:-,GRPEL1,G0413,development,b7c1233d5b87faabcce887b2ea77e2fa2b06d70ac5a344d3040a15bce7d481fb
chr4:7060574:-,GRPEL1,G0413,development,fb00e3a5eabeee5c11d7f72eb41dd7db96d7ddfb20cc431857393e5ba1cfcc77
chr4:7060696:-,GRPEL1,G0413,development,50f4d367c33e72d3a6797d7c8dc0cdee39f123aabe53ca4e3f59df02a3dd78f7
chr4:7060994:-,GRPEL1,G0413,development,29453072fed8e3431b636826404f7c49515ee724c1492603f94e03c724ff83f7
chr4:7061077:-,GRPEL1,G0413,development,73dd54f2015068fe50405e0335efc80bfbb993992e8d8070e0dc7b9e7d79c57b
chr4:7061121:-,GRPEL1,G0413,development,eaae41ced72410fd80c87af10805958212001c9c44ebb73f07262444953ddc84
chr4:7061187:-,GRPEL1,G0413,development,58afac6908f8e5e0727f145a8029811ea21dba60166e95031d670f7e01aead13
chr4:17607545:+,LAP3,G0519,development,9b2d2173b7b4564f2b1b16c52de62d6269103a4d34eaf1f489c7400aee8cc155
chr4:17623695:+,MED28,G0566,development,433ed6e5e321fffc6ea9919af8aa961ea16792eb9636bf0421589f9f1404793f
chr4:24527870:-,DHX15,G0271,development,13057b18ba6726941ed9e33f61525d8071cd94440e832dc0114ad76ea1f50d75
chr4:24527891:-,DHX15,G0271,development,6b050a493a0a60e8c2c93ffc86227be4e0ad47a22aa11fa0c164600821213b92
chr4:24527909:-,DHX15,G0271,development,ce6432786d18b7a09e90152dd5d632ce633a6cbc27279da5f649f6c798854500
chr4:24532958:-,DHX15,G0271,development,eeba83bc9d9be89e1cfced5b30bd19c988efaf90f3ae739206190d0377787fa2
chr4:24576438:-,DHX15,G0271,development,b6deb5f0c8010d805ecbf528f6eca207b769d6d96aafcece08c0902270d82039
chr4:26434592:+,RBPJ,G0836,development,b7d2edb70d48f399c7f170dbe07908a11bcf97c9f7c6e67930edaefdaba68991
chr4:41268089:+,UCHL1,G1142,development,176766cc5aa3645c15743dd317882fb9f910dc7c0402494836b509a99cd2a827
chr4:47451550:-,COMMD8,G0205,development,ffee3459671c897537390fbe32ad4360bd8198f7212f25be67192415ef8afb31
chr4:55369978:+,SRD5A3,G0991,development,1dbfff3bc493523c117c6c2ffed60c792d799009502cfcb31877310a1726de44
chr4:55425986:+,TMEM165,G1071,development,0450003745924c01f2d1bc828bea7fcf5a11d4002bb5bf2993f0318c2bf95c79
chr4:56393764:-,PPAT,G0765,development,8da4bb60b063f164ba8db94dbe19283f06220614d012787a8e542cd9fc0a227d
chr4:56448486:+,PAICS,G0713,development,e836537eea8564d9568cb4fb7f87f447931f32cc3cd9b9e6d8a6c82a7cbb6bb4
chr4:56461036:+,PAICS,G0713,development,48a52a5dcd3d7dbf8363f5a0b8e1738ee936ef0dc1c6e0db787a86d81c8aff3c
chr4:56501948:+,SRP72,G0992,test,e3f6298714822fa76ef8c383bf192f8371d7f6b2bb60b43b7b7180988a12a7ae
chr4:56502075:+,SRP72,G0992,test,f5c20c58dd35ffe93c4c6c0cc2302d5a56efdf91a3625be1aaf6a88fde62489a
chr4:56502339:+,SRP72,G0992,test,18520b6dbfd3ab6163e5dc00a92c8ffec1edb22263f238b814c92449cfd77cb4
chr4:56502668:+,SRP72,G0992,test,caae3f10ef3ec805d9cd6e9265ddd00c6e7d54c10a4a68ca689edd21d62ff484
chr4:56502693:+,SRP72,G0992,test,7a5561affeb091944325bb3f3b597621c9f665274a12580dce5e7eb6bf1b2b7a
chr4:56502712:+,SRP72,G0992,test,1f3fda69a9a0e8e8ed498b455989548abdb98be4a4d9c0bd3f498258948aeec4
chr4:56963543:-,NOA1,G0673,test,26fafbcc7294688292009d5f1e18159b2059cd165030a234c2581f229b8901f9
chr4:56963631:-,NOA1,G0673,test,b8604e7db5019f6af42901f85850bef294f4845a6b712c6c7c7d6baefced1747
chr4:56973213:-,NOA1,G0673,test,be1ada221bc6dd2d7c031f7bddcbc16eab030399e068cffddc5a3851c1374b03
chr4:56976567:-,NOA1,G0673,test,ac3c3081b5efebbd48e10f490ce5f2259b4d13127fa8105195e4cf87bb108866
chr4:56976675:-,NOA1,G0673,test,64c1f00bd003b8c5879a5180fda4d6e0a15135f3a1b710adbd06ffc675bf9247
chr4:65574222:+,RPL6P10,G0881,development,dc830a318f6fdc310c3d49d9d1a7b9fcf0eaeb38651581dbdb69ae6fba84ada3
chr4:70689510:+,UTP3,G1158,test,9b0c4ed86aa7064e7df7344a431e12fa854215e9f7732ad58e4b8175e7332201
chr4:70689559:+,UTP3,G1158,test,1c38c34d687187399602df74bab67840b2e2bc2cc504218953f4e0579daaa789
chr4:70689685:+,UTP3,G1158,test,87a92d72928d0d9ea3bc7a8ed06c5a1b69bc49bb10c34a2054ea9799c89d84b6
chr4:70689737:+,UTP3,G1158,test,b45137954ccca3839f7fb2e5b0e8a2273fad77ef5460c57f5154375209b99a09
chr4:70689937:+,UTP3,G1158,test,ecf15946fdf6a2ea3e5819e3d8d5106c0ebeff0eb40c2f5a9d27113d1e7332ec
chr4:70690254:+,UTP3,G1158,test,1d9eb99e701c1bd008bd916bc5cb697930424d580b5f7b8ae16a5db92ea9b328
chr4:75644737:-,G3BP2,G0378,development,7b3c48fd8e8e45c4d6829268e28bb45d29e99d71ecb30bc589f9005896537bc0
chr4:75644797:-,G3BP2,G0378,development,7fb87676b0b31ac966f818e64480c9cc92ad7f7fd1cc220b8caca6e1ec99a340
chr4:75645276:-,G3BP2,G0378,development,1dcbea539f56d53b1b49fdfde2b89c3994362cc086045325917c8f44f203f646
chr4:75813346:+,USO1,G1154,development,18719c9a83632f8b9674fd7da25a3e954ffdb8923c6ce903df1d3ee62a59c275
chr4:75813511:+,USO1,G1154,development,3c47a973cb65ae64780d7e2c71b262847b5ae35fcdfa17a754e7f38f4ffcba38
chr4:82424800:-,HNRNPDL,G0461,development,1158231a52bef2a4dbf62b39d079aa9d8108285cac9ff82d0af68ba55ff05f95
chr4:88521449:-,PIGY,G0743,test,46fa12a0805cc9960b08aa6c32e576e4b304168c5a28980661afcc967507ae97
chr4:88521609:-,PIGY,G0743,test,d9e092c8f9f807db25b759fda44dea1aff7b4d25b83464a5f89b82dec9e22d59
chr4:88521733:-,PIGY,G0743,test,d1a7c783d4251cb39baee01167304141e43d03401bdc2380c20872284767be22
chr4:88521765:-,PIGY,G0743,test,7f8ac4221f472771ee3f583c2ce1c3b6166ab473275d71a80d1b24abd50b009e
chr4:99072260:-,ADH5,G0015,test,a3472a8a07413b02a24fe7b891652451d9eb19b1343567a352120011e2180c8c
chr4:99948387:-,H2AZ1,G0428,development,821c3ded2c353f53690b1e2a786c5f189e59282893e9d6e7da21b4252334f36c
chr4:99948432:-,H2AZ1,G0428,development,af543ba913c3a8683662bde63d25b7398dd9015860fdf9aa570db7dc6b6cf3b3
chr4:102796312:-,UBE2D3,G1130,test,efc027269d70283e633c8938420605275f596f6de308d8a095dcb16dd5d040e8
chr4:102797174:-,UBE2D3,G1130,test,cb15d0978eebb03c0557d40bf7a2f322d56627f26a492f2e7bd80645e5860c45
chr4:102797209:-,UBE2D3,G1130,test,28640236c8c44231750c0340c58aa6338de6cc9bfc9340663da074d3aec20000
chr4:102797228:-,UBE2D3,G1130,test,a9bf354591dbe2a635142efa0cb7499d8353e7c3f0554c43f9025c703725ad32
chr4:108667422:+,OSTC,G0707,development,7d6bd6e60ae9ebaabc6cc980804ef67d2619b897fba29dae7780077f434b106b
chr4:108667450:+,OSTC,G0707,development,7de5993b621bd1c2cfb1c5934bad6cefc48b99036d1a3741caecec62436b3913
chr4:108667674:+,OSTC,G0707,development,99fff5ec0fe849e362744518203d3d1cd7a9adbc124f74c637ddbdcd29ff5328
chr4:108667681:+,OSTC,G0707,development,d0436e9c7b3a54d0a94b3058eed5a8b8a0ae499944827bbedd08e44ea02df666
chr4:109824499:+,GAR1,G0381,test,afdfb1db1231cf722e25d6286cac03bc8283d70d02be04acbb049057959a68a8
chr4:109824620:+,GAR1,G0381,test,2817f177adc11e672261263ff33df1ae96691bfd092c7204feda331feef8a6a1
chr4:119298620:-,C4orf3,G0112,development,be83a280f16159f61c072379d2ae4239fadc61bc0f4d5dbb539dd6097422827f
chr4:119298660:-,C4orf3,G0112,development,159e4fadece8b23c949fdab12ed085f02eca78e84726169115a4927e8fa08341
chr4:119298693:-,C4orf3,G0112,development,7154c4030a99e59267cdeb7de746a9da65cf70e7eb8e0eda0badc764f45ed0e1
chr4:119300396:-,C4orf3,G0112,development,a881e455fc8f1c33315190c72fa7f579f1aeeb20787a526ef14d9d0200c452a1
chr4:119300456:-,C4orf3,G0112,development,0daa36e659bc127d3470d809d6c8ef03ab826c580f40a12aeeeb2a36e63d18ee
chr4:119300584:-,C4orf3,G0112,development,5689d6f1b93866ba86a0d0941551a712ee613c04b5b23f601d849cc53b6bd7fd
chr4:120060122:-,MAD2L1,G0545,development,e7daea3f185d855acd06b0136901bdd513b02d6f66e22df17ad339f944a41681
chr4:121817628:-,CCNA2,G0142,development,5275de3855c55af69dd6c6bfd676210e216dbc44a003433810ddd4fc03f0f426
chr4:121820689:-,CCNA2,G0142,development,6d8c2e2565c670605695de2e6ff89fb2292861495a62b13f451de334cff4a12d
chr4:139361803:+,NAA15,G0638,development,195bbd0f435cac20d3748d5529c7b6e36491576d26c5bd26f9f1ac649cb6c62c
chr4:139388640:+,NAA15,G0638,development,4f27ec319f939a12480c8701f873fe60ec452632809ddd794142a80fead26aff
chr4:139388989:+,NAA15,G0638,development,2ab2c3787ced4baf6f57667811866aeae53677111e78894a276282da3304c138
chr4:139389001:+,NAA15,G0638,development,d8e8c1a87c4134d412811b1c7d36864aa12294d9c60dd88b0c61f28af3c78fb3
chr4:139389168:+,NAA15,G0638,development,d8382513c1a09bc8673d5e3baab36adc326010946dea699efdfbcb81e60bf268
chr4:140553642:+,ELMOD2,G0337,development,36099b6e0c888cd7b2fe2240f65e6b65387f11007da373e974bda744788e5828
chr4:141234149:+,ZNF330,G1201,test,199ab682e51ad4cc3d4e999a1b45f697bc62f4bf2cbbe0e4be52456adfa90a81
chr4:145127679:+,ABCE1,G0003,test,e3dcb4a18a416c6d8687137271c8c88c5022a5e33f144f1c225e96c8f7aa413d
chr4:163519853:+,TMA16,G1060,development,a4c8ad4922eb61119c8b45c0472a8a53d75757b627e69a50390c4f740080399e
chr4:173334353:-,HMGB2,G0448,test,031412b3e65347e3310e1f579e2a88e08677184352eebaa9783c41466cda2664
chr4:173334358:-,HMGB2,G0448,test,22a00056de2a9d8537bf61fd7b63104efe1cc0c83f445b76b54beb053b09709d
chr4:173377344:+,SAP30,G0915,test,e7e24a038ddb58de6e89ac944835472eb6b0d1fdc5bff5a2b8e7b0a40a97e058
chr4:185147049:+,SLC25A4,G0963,test,8a5f22b6df26c40fca0de431cd832d59f378a65c7ca563eefe7af24ec67ea2bf
chr5:917218:+,TRIP13,G1101,development,caed1be9587c78f3874dd1759af19f29332b6c6434a47b80a6ab797d9d27c447
chr5:917487:+,TRIP13,G1101,development,5a05121e8d82a0f12c7ca159d36da78a09f1960e903f152492a53f0994081414
chr5:917730:+,TRIP13,G1101,development,3ccd5f5b44929624666e4d58b76096b12b55aa70f109fa3f7e22fa2aaf4a83b6
chr5:917761:+,TRIP13,G1101,development,54e1edf5dd382e062f18da9b6df1885c6df0eea0e62f11b6843ecb591fdfeffc
chr5:10250282:+,CCT5,G0147,test,ac81ba296bbdbc22b4536125cc4ed64156357b053afb3ec30e1b9b31c4e411e4
chr5:32403998:-,ZFR,G1195,development,d1179838d9a1b9d1cb95150fcee1b305b22728989f3774c3198e6e010e58a76d
chr5:33467768:+,TARS1,G1030,development,f7d622dcd1b40e20b1e3a63c2a08e60528f930bb7b9156354139126c0b18c251
chr5:33467801:+,TARS1,G1030,development,ff9b09d29a57ac46d6c6a5ba4862b10b7abfc0c0c8e124f37bbf5e077592351f
chr5:34925297:+,BRIX1,G0092,development,41532f821c354f945b447b75173a500e5dbba5737fd02dd3ac3064b8ddb4b70f
chr5:36183875:+,SKP2,G0954,development,8e8c43dc7d1f02fd05bb5c7474dbed00c60fc3e058dd35c3b4e40c62b870b14c
chr5:43291005:-,HMGCS1,G0450,test,8b72007008119e8557c09fca79786c60dd0fd987b8aca229955119d761662f32
chr5:44815008:+,MRPS30,G0623,test,64ddecb0a5a607c4f5ddcf5223baf8f32750667a2573f0306a1185bd7a885d08
chr5:44815020:+,MRPS30,G0623,test,28b7c18686827fbf6e95e16103d026e502d17a4ff1dddc2adbe9fb6adeb10982
chr5:44815092:+,MRPS30,G0623,test,bc78732a68ea312af5cc0ad076506d9a8ddc163da44a40c6a00299548013bbb9
chr5:55944817:+,CTD-2031P19.4,G0235,test,b15d31c7f13cfb90da2a0572d19d51597c10ff8397da0be64534b03cbe2a9553
chr5:61159282:-,SMIM15,G0973,test,0cc94428a6fbc5f8a216c92c67ad4b687bf02fbdec5640d10bd299c4cb2fe9b6
chr5:61159781:-,SMIM15,G0973,test,5982020c8e5c0b7237aae16e101dce56345f9aa6a11249ea5659431a5b70b964
chr5:69174988:+,CCNB1,G0143,development,22b9ebd984488e4ef5bc982921f447eeeeab8637df8eb32003d0fdc52e2bd2a4
chr5:69175052:+,CCNB1,G0143,development,030892b93330d5b98b61aede553d01740e427431d98c1d99415ce5b1f91f276f
chr5:69175452:+,CCNB1,G0143,development,ee468ae1e54da8edc11bb5f192354a8d47bee90a03d50d01816564369b2e83d4
chr5:69229279:+,MRPS36,G0627,test,78642b46ae7575d4d0fcc899d7030bfba8af5e3b154ab08901bb311fcf73600e
chr5:69369528:-,TAF9,G1027,development,2a4c06d38e525c4b4375761e5027720b8346129715152f941455ef3826d0c8f3
chr5:73505302:+,BTF3,G0096,test,1fa58a77e704fb1436352089239d989f84c8c1edf822d483e750fe67eb6240ea
chr5:73505379:+,BTF3,G0096,test,5abf8b3fac5f7b2e9e5d86e07894d9f524680f5d1f23e057fc5ec282d270e040
chr5:74776699:+,NSA2,G0686,test,71d338885e6736989cbba9537ebdeff7f06cd806efbdea8e25542e9bc733aa6e
chr5:80626340:-,DHFR,G0270,test,72aaa778aec99fb809f7ea22462cc45b66f2adb6c2f53704be641aab7cf01bf1
chr5:80627236:-,DHFR,G0270,test,419d31d7380431bf534bb25a70b06aafbacd86727a9c7391ec5557ae3c335d9d
chr5:115614840:-,TMED7,G1066,development,f70820ec329bb4d46e31d62fb27a4cb4e2418119dfa4315c5ee387f85c046fe4
chr5:115615778:-,TMED7,G1066,development,7be1f361313af62d15b618b4fdfe66ff023c724722c5178f29dd0fae032bf806
chr5:115616012:-,TMED7,G1066,development,9580e2546dcbf59056b574c38d1c251eb0a5a62affdf4121d84638809f81c22e
chr5:115616020:-,TMED7,G1066,development,262f8be317c7bd6008e12ac872cabb30b4df036ed81219437985ca7bc84e3f89
chr5:115616050:-,TMED7,G1066,development,fee78972e9bd94b884f088e244a642b19de051fe65700221c53b54f1159ceb6b
chr5:115616062:-,TMED7,G1066,development,e482c4acbc3bb9d6f9ce48b3127144039dc02edfeb44e8918ed273ca3ff26842
chr5:122829863:+,SNX2,G0982,development,ba06f62d9540e7c68a4a5dda8b1264f941e488bf166672c6ab7acf0542be31ab
chr5:123023673:-,PPIC,G0767,development,3be8879fb338590b2c6cf82e93e0c333d82f8aaaacdd9ce5c140c76cdef2b7a2
chr5:123023698:-,PPIC,G0767,development,d4b93698f7770dbe6c3b367215bc767e530d820417856dcacba12510b927af9d
chr5:126836482:+,LMNB1,G0526,development,f57ba158fc16e121b8f9abfb03e5c71bdcbffec14fb061d9966d4cc9894efac1
chr5:129112925:+,ISOC1,G0503,development,956a4b30612977f10693ac5a25b67fa737a48d6651f202fd7e77d77a3ca3fed0
chr5:129113003:+,ISOC1,G0503,development,fca443cc93bf5e9fdde3c627ce6ff7c924da1b0971fda5b008b25b02e71e91be
chr5:129113014:+,ISOC1,G0503,development,c6ff083bfeb08a74216a0b83f097ab0d77e58aab9e1107a686367d189516d39c
chr5:129113040:+,ISOC1,G0503,development,a6cf438350a555f4b7bf3ca12a10cd7ef7f61a811e3c50f23b7118758249c2b9
chr5:129113055:+,ISOC1,G0503,development,81d012dcba6f5802021e1631410e45ba52c0649dbb83e7efb902c905169ea2fb
chr5:129113480:+,ISOC1,G0503,development,90f760bae6bf16a8506f2ccdd174b536c17d4a677be0cea75cf6977265655cc6
chr5:131159513:-,HINT1,G0441,test,e0208bf5171b0fd27596f21ae4517e33aa836732554db7655d1af4b312340e65
chr5:131165298:-,HINT1,G0441,test,33e0f271f2f8ca6a0e7929bec7bab754599a3ec812ead6637120289ced64d137
chr5:133052109:+,HSPA4,G0478,development,b4adca207fa81d2822b35def2495fe6a524bf976e4d1ba9338de4007205efdf0
chr5:133104325:+,HSPA4,G0478,development,d6ba4bc40c77380ac95fde6e6ee02ea91d4fba37576b1d5b1078711bea2ca509
chr5:133104426:+,HSPA4,G0478,development,efe38839897b883e701888233d74db5ad97fcffd36b555cc68db942a9c2cf6a0
chr5:133956268:-,C5orf15,G0113,development,43b95cdf15e4e94ec8654d22fa5cf0228edf0212c81b891748d1ca4c667d086b
chr5:133959623:-,C5orf15,G0113,development,ddb96ea3e3c998dc123f0aa1f7ee184c8a52b787153427e546ec81f1f231e181
chr5:133959694:-,C5orf15,G0113,development,af82441b8df6294e59b6be0e70598be5e93fcf4cc62e74ba8527e6ac9b760928
chr5:133959699:-,C5orf15,G0113,development,ee2ab05d6d026f07eb8c6fba8c025a6932542dddf7589c66be08d40c6c5198af
chr5:133959705:-,C5orf15,G0113,development,22a3c5f93ef989440956474f88bd3a333082eadd4e2b25d57e16b442bc8f47f4
chr5:133959729:-,C5orf15,G0113,development,ae8506c3d85ceddcd3c31a1c21831fa8a60eb1512869b2319497f9e8d2d84cfb
chr5:133959738:-,C5orf15,G0113,development,354dcecbb0c09864f3b84c643806224051877bafec29eb4d349264b4dd416cf0
chr5:133959762:-,C5orf15,G0113,development,19a8d32fb45a4f29bb29b0123ea1d98dde366bb0d073b85716eb565daacde2fc
chr5:133960009:-,C5orf15,G0113,development,dddb2c69fbe5b6243d16278326ef17a2b528f4323d1d74d36d0a6b384aaed5f2
chr5:133972348:-,VDAC1,G1163,development,42f34d17162faae725736ec43de63c298ef6e29ea7c90c5d6ae718f4bf7d73ab
chr5:134197094:-,PPP2CA,G0775,development,776cc3709957853b776b208bbd25951310719aea45b5ea0554bb4b0ed90ad85d
chr5:134197176:-,PPP2CA,G0775,development,fe9ad98cc120b4bd1569b4b6c09dff150415d53d37263dad06d19682c47ef8b6
chr5:134197363:-,PPP2CA,G0775,development,ab9dff9bd76917d1059b1408472f1d20566f5c25d24a8cc2d24f5029ff3aa162
chr5:134197487:-,PPP2CA,G0775,development,4981bfa5ca305a186afc42b67e47da8c5dbf1abf2991a038f27aab889cf682fc
chr5:134197647:-,PPP2CA,G0775,development,22f8095213fe7fa7987103b9cfae198869127f29239e96954415b0d46b686425
chr5:134197739:-,PPP2CA,G0775,development,928de347db6a7967df002f0fc561376d2c01c2e580e7c9d4b3ad24303ad5682d
chr5:134402243:-,CDKN2AIPNL,G0166,development,8d11ceca2f87ded17bfd6f8f8affd1ff0d41491545996c52564a2eea248fa436
chr5:134402779:-,CDKN2AIPNL,G0166,development,7bc9fcf64f2b2d540ae827c4a57b46f3e717bfbe3e0bcb6f8d11ebc273d128ae
chr5:134402823:-,CDKN2AIPNL,G0166,development,e3744ca629adde919031206c6406be8d9e652974a1330560c0259c563eecd4ce
chr5:134741096:+,CAMLG,G0125,development,73d48cbc70434142d15d463b8a56c56a020abf899f703a1363ecc628cae5138c
chr5:134741106:+,CAMLG,G0125,development,abfa2bffadd88a16551f9d200f6d09c4a07382c3a8d20af6ef680ef18fb9aa03
chr5:134741111:+,CAMLG,G0125,development,c48f6640523d5944a05e0689474fcc046bcac7d3be7b7fd106e3d8dafb6c71da
chr5:134741447:+,CAMLG,G0125,development,d96fc5c9f5e67554043405971a2accc131d00f24b10ef666ad2b16a344568730
chr5:137751848:-,HNRNPA0,G0456,test,27fac155076fa83fa058d2bcd1ed58d41e84d74069752f48f147928f52007177
chr5:137751926:-,HNRNPA0,G0456,test,7806926cf3071f374db1b2f188be2ff5d5985d5c0dc512a9ebad91a37e85544f
chr5:137752101:-,HNRNPA0,G0456,test,eb6377df6bba4abe8c413a2a52769d6f77497f7e567b22fe9fe5467401182d8f
chr5:137752256:-,HNRNPA0,G0456,test,93465e7d5f112a93e68a5676f6a2b067316a5e893dfbf13dc0658498812bf0a8
chr5:137752741:-,HNRNPA0,G0456,test,fed5e7ada6dd13424aec7ff5e8478cfdff62fe6996a3eeed027c362b8d21a811
chr5:137752808:-,HNRNPA0,G0456,test,cfae2d60af280b6f7eb4155c58a9ab62db80cbc6ec29cfc44627189498ab3841
chr5:137752879:-,HNRNPA0,G0456,test,5836603f5977e4cd3d188e81d91a80a93e8a06bb198effa215a58f3df635c089
chr5:137752904:-,HNRNPA0,G0456,test,5b41601087f2bfa71654afb2ed398f2c2792d1b663622650048ade5cbcebd675
chr5:137752947:-,HNRNPA0,G0456,test,eb12932ce34e6c13926c295f9e9455c3b8d37be02ab6a06a645f1928ef6a4a99
chr5:137753203:-,HNRNPA0,G0456,test,794803afe1f94a84a757b26ed16937b38f9322a94e7e9be8193ebb0f0d0d6101
chr5:137753647:-,HNRNPA0,G0456,test,8b541561793964cef24c2a83d5e6bf14af03b30cd1c11055f38d619f2c9ef27b
chr5:137753744:-,HNRNPA0,G0456,test,7d46f1a90dc598425bb0771bc44c02c6b14cba90c1cef0f094a9883be2305c37
chr5:137753807:-,HNRNPA0,G0456,test,691d97d837a54ef7784dcacebe9d02257fc2180dcfc6226799e0d87a4a7c5675
chr5:137753849:-,HNRNPA0,G0456,test,9d95557d70341ab069770db6f297f57ce9d30da6052cddf7f9fd4ab66822a5f1
chr5:137753907:-,HNRNPA0,G0456,test,e4e4ade3a1bc58dad6910b2ce66a479b000d82b4982fc2e3aed434474de23da4
chr5:137753963:-,HNRNPA0,G0456,test,794b8f2e2f03d481f4fb5ff03ef814f325ef88bb4063fa09dd3b26d3c86ea31c
chr5:137753973:-,HNRNPA0,G0456,test,17ff09fbbf81222e3749a75b4c16407520783494eccf82aad6f55df059f64b46
chr5:137754015:-,HNRNPA0,G0456,test,7e52eb54b946b88f4e4d33f56982e07650ce10d62ac2d0a1bde4f53a08097865
chr5:138188318:-,CDC23,G0152,development,9332dc02dba1b28edd011cc1308d4b546bcb176674597a11a85ad49afec09a82
chr5:138188847:-,CDC23,G0152,development,e7cb5f9af42fb1a489bfdff67bc79c283fabce0fadd721c7ad2083c6fa20f84c
chr5:138188892:-,CDC23,G0152,development,d016a1db91bf710804431b8ceb86cfb9b1cf0c2084d3ef687cbaefa1148e86e5
chr5:138506960:-,ETF1,G0348,test,d24a6850829abaf640192ac7ff508f05593eb1b8960a5f1a5e5c80394efb19e4
chr5:138507622:-,ETF1,G0348,test,296864cb08f58b1e7480ee91f046db0f4dd38d6fd70ae08909c698dcffffcea0
chr5:138507647:-,ETF1,G0348,test,1774b1f625b316c113aa33841f9b0da0345be029301151797fc5f1715f7e591f
chr5:138507651:-,ETF1,G0348,test,32dabc3d5c84dd8b323942d9c3908169200375250632637fc973c6e8239ea118
chr5:138507691:-,ETF1,G0348,test,60018af8dab723017c42d1712e5a9c157fd691637277af846a53c3b7a4a55fad
chr5:138507787:-,ETF1,G0348,test,69e0c399c93e8a03fb6600ebebb59709d9387b5f7e1904dbe10ca5c4deaf7b58
chr5:138507824:-,ETF1,G0348,test,fc654f86b4e095d4a78140e16cd39f7eea5142c7e842c6126eafb7a9207f9935
chr5:138508067:-,ETF1,G0348,test,872c894d3d52b1d4269f408c9816963611b74954fa1010057d8e12b49d60735b
chr5:138508202:-,ETF1,G0348,test,b1ef443aa3a616fc3546d026ead552d5a77ec4f2e895a4e3cb162fd6f7d6106a
chr5:138555980:-,HSPA9,G0481,development,d7e18ad10ec5c86f2bb675cd174893117c7ed6881c9b2c67e4734ad039a86c6f
chr5:139626845:+,UBE2D2,G1129,development,852183268be2106f13b9aef79a354bff1616b5cbc456fc68f53ac4940290c40f
chr5:140245265:-,PFDN1,G0733,development,ec110a154566264df1c2b705702a5109914998ce47438c627c9e579fcb599999
chr5:140245297:-,PFDN1,G0733,development,5d0199339ef5a4853df7566129e07e6a002f93082f5edc9a60f96e89d4a3a8d5
chr5:140645535:-,NDUFA2,G0652,test,8ba870f724e2c6e7a88b6ea3eb86d7524bb035770b8119d02bd8b054fda30ee9
chr5:140705695:+,ZMAT2,G1196,development,72a6821576ebcffd356301203bbca1ddca6dc1a4c22eef7e40564f2c82610fb7
chr5:140705794:+,ZMAT2,G1196,development,fac097cc113ae790ea7a728df38f70a8fe5857cf6e6c9532df43148783bb90fd
chr5:141318627:-,TAF7,G1026,development,8dbb5790314d698af849fa746e1492670dba31282e3edc42332342fb54796ee6
chr5:141318710:-,TAF7,G1026,development,2b50fecd705abce11eb7e07302cf3c51095640991bff6f86da24a5fa555ae4e8
chr5:141318929:-,TAF7,G1026,development,5c18d553a95fc35464a6c280421280249176fdbc9ed3be31735baa2e3ae87bbb
chr5:141318964:-,TAF7,G1026,development,1ad697c9f5e0b026d629c30a79a219e3ab640f1e929fee535fc71022a72608d4
chr5:141318989:-,TAF7,G1026,development,e8c3899298e579622b0a54298018671f50991c3fe1ccd8f3d85681ca11ba5232
chr5:141319082:-,TAF7,G1026,development,12a36d20a1ec38ccf564851b2bd1a5e36702872d56941ffdba84bcadc6e26590
chr5:141319098:-,TAF7,G1026,development,d7588256216aa8ddc49e712f71fe2cee6b4d3bff094f3f796945538be29ad4c0
chr5:141319155:-,TAF7,G1026,development,824d38eee0ae79aacb363ea0b8d7ced6e0c98350c5c6dbbba570cde60ea790f8
chr5:141319162:-,TAF7,G1026,development,41e9fd1b055ee50d312efe3403e11a74ec1700d2f840189837dcc7a042b9787a
chr5:141319247:-,TAF7,G1026,development,1f5564ef3186de000ec66b1d40fc2a3616a8cb04351fc4103779cb849780a624
chr5:141319269:-,TAF7,G1026,development,a38e665179536526515aca14262781b1a92afbcd6b284376cfbfc98c7dfb9e9a
chr5:141319400:-,TAF7,G1026,development,73b6e55f0093e48787d09dded0ca98b1551f483954d2a40389cabcfc470ac258
chr5:141319410:-,TAF7,G1026,development,1f94fd0e92c885bf47818da283bffa19157a5e72cb659afa1e8473dfcb6db25f
chr5:141319783:-,TAF7,G1026,development,1b768fcb0afe40f545c950d6cc1fc84c122c9867ff73541428c336f2d811d9de
chr5:141319795:-,TAF7,G1026,development,38f74541d15dba8e7d483b73b8cb22430a0170bda5335afc578ffbe4b6c18635
chr5:141319869:-,TAF7,G1026,development,69dbae386f6e4f6feb5186b8dd2bcdd09acdfb1898d9e3ecf26767ec0b43bc2f
chr5:141319919:-,TAF7,G1026,development,9e2e95460045ef45302d5b8f6e0659d67d3548c1f4980d75218a938d383f5d63
chr5:141319923:-,TAF7,G1026,development,c9157d11e0aaa18a2f6e583301b21cce5d04b25d25f60088eb0cc6c8769e9520
chr5:141320012:-,TAF7,G1026,development,ce2cd195b02099dda78587714617d9679a1cfcc74ea0f622f3f5653231ef5474
chr5:141320097:-,TAF7,G1026,development,728ba608dac606bf63c00e678d984a7ca94e6eefa1613f24d12e690415d831ab
chr5:141320115:-,TAF7,G1026,development,c29fc007e1baae0aaaeb50330777e9bffcfcaf9f1cea336be1221bd509d16817
chr5:141320128:-,TAF7,G1026,development,4a1e319c0bde4555da10133359ae497ad8cdc2b9f79f7151431b4a3564e30132
chr5:141320163:-,TAF7,G1026,development,076b0ea9ff1f7a8f9471dcbe9fbbe9e484f7f021c908a75dd8c438f7129b7231
chr5:141320188:-,TAF7,G1026,development,87971f393301fdee66ebb128cfb570f4c770ad9fc70fb1760fcc49e815fccced
chr5:141320203:-,TAF7,G1026,development,e1f8c152355dbd941d0f45a7a453d1ede2a3a977fe92dc2f200129d377bcd2a5
chr5:141320222:-,TAF7,G1026,development,ac95fa463eb9be8307386658307669a89021477b85f2a6e14a5dc8c824c6fecf
chr5:141320256:-,TAF7,G1026,development,7d6aedbaa05d4b7455e1f545fe1ee2186ce36a73407c7bea3077e6a29fd8baab
chr5:141320289:-,TAF7,G1026,development,7ccfdf9f52d651ef19e52b30b86bc2b5c732fc1b878e1c0f0fbd665c1c6b2a76
chr5:141320315:-,TAF7,G1026,development,a28e29fd54eb9612f72b711ab8abd481403ee19e44bf578a9aadc03102dbb25c
chr5:141320520:-,TAF7,G1026,development,e531c9860bf52f0664b8e2787b53f8a29d523f4b31042aea8b7a4fcc63673cbd
chr5:141320538:-,TAF7,G1026,development,3b7fa8f1cf653fe1de1afc15c7265062102972ccf0310e997dbb0324af65330c
chr5:149496705:-,CSNK1A1,G0229,development,14c0083f294e1a9ef38d8b7a54fe5e4a1fb4666f3455d2ca69c0b9410b47f340
chr5:149496722:-,CSNK1A1,G0229,development,047b29ddbf2a3f9a89770024475644b8f1f8d12d61fafe0afa844d7f90cde34f
chr5:150444238:-,RPS14,G0888,development,a5bf12a9f5f46557a7d0ecb0a31e7386f9d528f1938a123746ddcf8f1e548dd2
chr5:151804195:+,G3BP1,G0377,test,a7fe759e5554daa516dfc6c2e99ee2927afdf3d085136a1e47286f1b23ba2375
chr5:151804324:+,G3BP1,G0377,test,d83e5b836b263414f13bfb753556394576bfcd5367992e74e1087e3166979492
chr5:151804348:+,G3BP1,G0377,test,4985c70f4dc30abf9cb89879586245fcefad43aec644bde3cd002c76df604792
chr5:151804380:+,G3BP1,G0377,test,b7ac2ca926a70e44e55f3092caa58bf31624c7f5a568e5c771131472c07904f5
chr5:151805193:+,G3BP1,G0377,test,707990a208fd30c6f45ad9ad542cdcbece4f9c94390d3d4482499e390f6f0d50
chr5:154814705:+,LARP1,G0520,development,3c97caf883ee2e2c313a5e30f9d4d3b60908e12a1a41b26d64980ef0a1af23bb
chr5:154815134:+,LARP1,G0520,development,3bb6bfe20f4ad724c266c7f5e112bcfa25f9d002868ecf7f084932dd4c93b1f1
chr5:154815146:+,LARP1,G0520,development,b758dd66d0ac42d1db4b40b4bec1c6e562dfc4b9642a32404ff3a899f5d7a448
chr5:154815378:+,LARP1,G0520,development,13c76edd2048296e197b8f9786931cdb8ffe602a76b3cb5cb390625b9b7701ce
chr5:154815400:+,LARP1,G0520,development,756143f17d5b6b343d0920ef71683dbba5ff5b9a2e7a929f1fb19f52c3f1c712
chr5:154815452:+,LARP1,G0520,development,4df5af2324290c94feb3061e93b36ad26a11335f087793df3c7bee7012db7a2a
chr5:154815475:+,LARP1,G0520,development,1f48bb418f861638a90448675dfc142c5d7e058cc59082acbf15dc6d33ae2946
chr5:154815508:+,LARP1,G0520,development,5c67c12b95d8bf290a90b8445c7eaf802599ed776ced6ddfbeede71bf2f6384f
chr5:154817298:+,LARP1,G0520,development,425d4f5540b07b500013391b5b6479a5017f61dd08141804d38a9df7dbe3a128
chr5:154887665:-,GEMIN5,G0389,development,42aeaa827ac5305fb3da47debf1c6f709215235506b016c3278036d360e03208
chr5:154887706:-,GEMIN5,G0389,development,ab6baebc1cc5a93df8e2f30bcc99b80d13c526816a31b1f51d42ae5103c4a658
chr5:154887899:-,GEMIN5,G0389,development,3f5aa310677fa3735bb3694cfc1130464f7d1d1683d3b15ea91fe8bce52c0203
chr5:154887963:-,GEMIN5,G0389,development,3de6bc6f3d47851f866ae829a2dde4489f897e8634d6c5af5c36c60c76a11158
chr5:154888023:-,GEMIN5,G0389,development,c23a521e0d2d404da88335fbcc5f1c96449840ba6027a6ec43f267cace0e9dec
chr5:154888030:-,GEMIN5,G0389,development,ff570561d46a079cb419b57cffe42db405d7fb0bf9bdf9f823374369a76f7304
chr5:154888045:-,GEMIN5,G0389,development,b799afe5041675685e9370673e1196e69164af13ab7077206403ad21580d180e
chr5:154888133:-,GEMIN5,G0389,development,9e6e14cbbdd6c238a9e56a28007871c8086419e52b11ddf85b8979dcecb38666
chr5:154888166:-,GEMIN5,G0389,development,0dd2e38f2112326d5268a45cb06160af6ebfcb001949ed207428d3d868656d78
chr5:154888188:-,GEMIN5,G0389,development,53ad552c04f2e7eaa41d5e5fdd0a2aeb82bdbf90de92c4b8ab6d074977e1aac8
chr5:163439398:+,CCNG1,G0144,test,168e693bb560933e1ba6e56a7c5776fbfe948c21857cb11f7c06990ba170ef44
chr5:163439414:+,CCNG1,G0144,test,4e8b45d89970a2c3319695f2f07f36658ec567d5f84bec2e266da13c1c8431b9
chr5:163439470:+,CCNG1,G0144,test,2ca40755e1cd1e7bcf5ee0596c7f57535ee481a8da86c9628464571a2b19922d
chr5:163443752:+,CCNG1,G0144,test,fd63db8e7b231c9063ba30555ee64bf255be4566e7389b9cc372f746d0b8f282
chr5:163443803:+,CCNG1,G0144,test,f82b5f2f9323b093d1a28d8c238d296e6de7d377326a646758639900966fab8f
chr5:163443813:+,CCNG1,G0144,test,b053c575a24032001fd6ea53a16237ece5e53fb9072f9cdc54093a2d782ed99d
chr5:163443930:+,CCNG1,G0144,test,686ab0696cc8ca79bd7ba1dc538f36057e89af37b67adf25b7f5369c532f48b7
chr5:163444222:+,CCNG1,G0144,test,990d4565424a93e511ee35311e4186d34e1a8d8dbb02cf8dde2353a36d95386c
chr5:163444526:+,CCNG1,G0144,test,8fecd421c771f1826b6cf9acf61f916f178c3ee3bd8c0f77ea853a75a74a37ec
chr5:169599062:+,SPDL1,G0987,development,2151cf31624965bab50b8bfb11e5d70fd50611c669e1609a507a2bb7e0448831
chr5:169604210:+,SPDL1,G0987,development,219a6740416df0123415c13b5d0effb6ad63edddde06a449679d0993f22430e1
chr5:169604322:+,SPDL1,G0987,development,271fa541a72a5a89dd03f4ac9057809a8d621a7afa4602c8960a0472efddd1d6
chr5:169604369:+,SPDL1,G0987,development,59474a70b4ebdda451af31419b9f8093468b6a99d4837f36eb4498ac52ea97a6
chr5:172211492:-,UBTD2,G1141,test,bf4b828b1369f5ec24ab1215edac4da9305fc33456a7970f7199536575d9b91e
chr5:172211522:-,UBTD2,G1141,test,c19eeb1bb66fa6314c87820bff67623da18fbb0ec7bbdc106729312482e5bbbf
chr5:172211528:-,UBTD2,G1141,test,adc6f9c14e3eaffeeae6c1e7a60fb5c62a549ba64db16249ecd7675a4f04c060
chr5:172969606:+,RPL26L1,G0868,development,5570e3ce3f04c37fc9f322087f9051ac92598d0a2de92fd24c55ff206aba72dc
chr5:173034460:+,ATP6V0E1,G0070,development,8064e146ca81153aa83d83343c180c6d0327a52ae63cb5f8f251674643baa92f
chr5:173034491:+,ATP6V0E1,G0070,development,e64dbedc6881d06d61bc5dd3d7ca1de8ccfaca80964964b03e9dd9e5d3bfda0d
chr5:173034555:+,ATP6V0E1,G0070,development,30d4b9732ec654cda1b60609e18eeb5da1e77df3e13dd3ec8face39ba4999755
chr5:173034616:+,ATP6V0E1,G0070,development,3ece0193f0edcffeec6a2877c73c5871b24110d6471b97750fa7e1c3ff53ff50
chr5:173034733:+,ATP6V0E1,G0070,development,dc7dc528fd928442ad50968118b7999c54dd8e8cef0d284c61e1735dba86b990
chr5:173034753:+,ATP6V0E1,G0070,development,974d3c16dc487046c44367ee33cc068a8459f60cb8329eec42e3f0ebbf405945
chr5:173232437:-,NKX2-5,G0668,development,d855b1a3f169e3c4c38008a559f8f0ef9c2777f071ec7c94423e98846ec9f313
chr5:173232561:-,NKX2-5,G0668,development,dc1309c5955a7cc73961a7f4105722a818c5512b89651cb34178423e68af7290
chr5:173232648:-,NKX2-5,G0668,development,50475eac699f319503d340b6db1009a3d2f6159a7974ab49ba3ca72403027b70
chr5:173232846:-,NKX2-5,G0668,development,b0662c5e9e2799966ffcec642238d0cf0e4a712f0060b412a7bc3999e9015ab0
chr5:173607907:-,BOD1,G0090,development,869bd3f496265b0d75c1903d3f70ce5573ed90524fbfab67f6f764d9c6be779a
chr5:175526728:+,SFXN1,G0949,test,1e49d19bdbf174c331b413bb225ae3776de1f98b3e8bdcbe28d81ef4358164f9
chr5:175527168:+,SFXN1,G0949,test,2bac811c71115265f00def5f2f18e4a6a53b8a86e4cdad012e96216eb75a4e86
chr5:175527206:+,SFXN1,G0949,test,7991ea98eeee7f9c187b2fe7f7c4eb8f8a3f2db3f6309b7d543595833da1d062
chr5:175960004:-,THOC3,G1045,development,9249bf1d33d12c8e137173b80527df6f55345cdc8d73b0bec080f0c8f0845e1f
chr5:176384064:-,NOP16,G0680,development,402d542a6945df1cce938c23a2d3c9b26f384c8f3f81e3ef44f9d037562bff82
chr5:176384231:-,NOP16,G0680,development,03761022905e427c619bc59176e8fd7d19cdf4b187a8dc520daadd7e23fdc766
chr5:176385228:-,NOP16,G0680,development,dfcb4715892c907b226ef38fec01a7f321fc266b5e196c7566f6919867ba16a2
chr5:176389573:+,HIGD2A,G0440,test,058f0c9ba0758ae6ba1d67ec942b55238f9c47f801147b6ff4f23fe70f10e910
chr5:176389637:+,HIGD2A,G0440,test,9b97337a263f4e393a24b06ab1a780f49568fdedef91efa1c5ade42111dead0c
chr5:176507093:+,FAF2,G0351,development,a62c3ac8f641a6ef2bba3afd7b75118a24a6af4d5d2362b3ba583a1c07a3c50a
chr5:176508910:+,FAF2,G0351,development,376a535dbe3930a856dfc96cd2da342707160731598d05de2632d30adf8b5206
chr5:176509325:+,FAF2,G0351,development,225e2b0b800e7648863a4eba0a4211d28696fdbb7a1285568a50c914eb9d6249
chr5:176509545:+,FAF2,G0351,development,5d1398becc2c9eb209620c56e1e411519d237080cbe25a3611afa09c22856ffa
chr5:176509711:+,FAF2,G0351,development,64ac338323ee48c9123b4612fcfd8e7829044e7d91a6a3d845506431b802140e
chr5:176509726:+,FAF2,G0351,development,3825b87ec333f92e55133e45cfd8a7ea17513c0ca69108748dbdcf35ba4ff13e
chr5:176509733:+,FAF2,G0351,development,efaaf4d6efbf97e86d3aaef02a7c39def6ba99f7bbdbe956795fbc8cc39f7706
chr5:176509800:+,FAF2,G0351,development,66cf9bad9ea0118e798da12c03aad5abddfd7ad702617d20b0afbf771d065a52
chr5:176509896:+,FAF2,G0351,development,dc88074c25c9c1cc929216519fa472d28cac6eac782b9c56293be946a4dc9646
chr5:177331751:-,LMAN2,G0525,development,9017bca3905e9d1da88cec094626bdf7c175cdbb82d94fc142cb88a50382f633
chr5:177331795:-,LMAN2,G0525,development,8f72c42f1146db06764c1b6b19db3f8ec6fdcac0e9fbb79a595d2c255caadffe
chr5:177332038:-,LMAN2,G0525,development,e0062d60c856c470050e74a73367097e320f4943cab01e52b65cd52c61dd9c6a
chr5:177595463:+,TMED9,G1067,test,bf015498b837951e3944a15427264221f4c7b3741ee141b4f84b4a2b80e3777e
chr5:177595473:+,TMED9,G1067,test,63bfea108fba769fe2347c70ccd3586b2ad98f2b3f2d52bf78ff9eb50cc6e390
chr5:177595477:+,TMED9,G1067,test,26f79d461e592d3a2b84c0a455b1a5cdfdd1315cdd94debdbac402831a3ee0d5
chr5:177595495:+,TMED9,G1067,test,b5b0862be3aab49dd75401f041abb8ad875f976b816ff1b99d06065e6aa3671e
chr5:177595741:+,TMED9,G1067,test,c351a49dcbb16e82d89b066acaebd84321f6eb8a526b7da0e9d55dfccf74010a
chr5:177595985:+,TMED9,G1067,test,cb1072bb4b978eab6bc8ba46cfaf9c75a31993bc2380b2dce00effa31ed8d1ee
chr5:177883795:+,LOC728554,G0530,development,d569d7639025f2364745c7aff34c8425e6028cf096682561218cf732e7270146
chr5:177884042:+,LOC728554,G0530,development,0cd3cd29910711288e785bbf36f481d114fdfe4c9cc477aaaaef2063c808c823
chr5:178204894:+,HNRNPAB,G0460,development,c9bdf7aaa1faa70c921a8ceefa66b550fdadf5be07b381230c731ec433b12d12
chr5:178205895:+,HNRNPAB,G0460,development,61635a1083ca84bbfe1693461a1b22a3117dc7fc5a0ba8aa7d5f724fb401c049
chr5:179614820:-,HNRNPH1,G0463,development,b3f1e0ba29fd786cd62f62920bbd1cbf458d903960b54690d8e5d6e716ff8432
chr5:179728839:+,CANX,G0127,development,25dfd6c42d1a512a7f4cfe348e98dddeab6133250acb3dc84e9cd7e08ad2a7c6
chr5:179730762:+,CANX,G0127,development,a54fae13874c4312c3afddc3763d4f834a6dcc01722615f5f4cf01ce5b3f00c3
chr5:181239108:-,RACK1,G0822,test,aba28ca79e107f3f2024a309f0f4e6336822a27a8de5298b6b91b7a0b0f31d4c
chr6:1612211:+,FOXC1,G0371,development,4e87477060417500b5999354872c0b59cefc2791de59e5e1a10eae8f00be3d34
chr6:1612240:+,FOXC1,G0371,development,9be0aae3088ada5f572588e3f7489ce9b7cde0e08ee1e2e3cd4f2fb2037fdd87
chr6:1612289:+,FOXC1,G0371,development,3dcce62a873b943b2b4b5f91343173494ecf45b5e8115f714f4936d3062342cc
chr6:1612347:+,FOXC1,G0371,development,e78dcd08415c03fbced04a0230bda090383effead995897ca4791d3d5b476da5
chr6:1612351:+,FOXC1,G0371,development,062bcf90f62d9096a7a4c263062a2d90ab330fdac4370591477c37037e622ac7
chr6:1612359:+,FOXC1,G0371,development,c9f31857c6514c438f074d55ab1c8687283c2488ca4e38a92d4e857aa8aa235f
chr6:1612375:+,FOXC1,G0371,development,0cb94e0cff18c34b5d9cb6dbc30b1f225b34daa6317537f2005a8e86499af202
chr6:1612401:+,FOXC1,G0371,development,d65d0f8709e7e75e167dcb518d9477ba23a55be6e0c9ff374a0f4a8161c0ea4a
chr6:1612448:+,FOXC1,G0371,development,d4fd8b8a1c896ff52f66b29e7cd8a600b830cd8121adf305128ebbe1e4767343
chr6:1612583:+,FOXC1,G0371,development,2c87365fe8912f172106a51786e30b6030d2ea98873648aff40acacdacc959e8
chr6:1613695:+,FOXC1,G0371,development,7b55a72d6adf05085227154d8896a9122b88ad9fdf4f0af418b65464e8de2da4
chr6:1613724:+,FOXC1,G0371,development,7542b572650221aa94dca97097684252055d41dc396bde4053250695f50ceb94
chr6:3153829:-,TUBB2A,G1113,development,526df9168d21d9c4d1c4be098835ebf995c0a295471602f1492d0686e4b2060d
chr6:5998415:-,NRN1,G0685,development,6f11e9434b0ddfaa04bd9dbe7bfbdf127b247529fa2b18b62dbfff290bfb48db
chr6:5998419:-,NRN1,G0685,development,c4877009ca56c5afb7747441d78ce84173d2d3df18dcb3ab0ec0478df4e3ef6b
chr6:5998518:-,NRN1,G0685,development,f35b8c3ca2b7fee2565b75f78443e0f7203caf97daa25244e58b55085cd1031a
chr6:5998747:-,NRN1,G0685,development,064e5a3a559f4640e58879bb2492f546be8958e5ef2a65e41030bd207affbabf
chr6:5998849:-,NRN1,G0685,development,002e06b21ef9a9923956dbb7a095ae010a3349112e203a88c7a27713c3ab205d
chr6:7882379:-,BLOC1S5-TXNDC5,G0089,development,42f46f240c0379a60f7b1d7b4eacafbac5d959432a32c5b824cb214ab0e72ac3
chr6:7882683:-,BLOC1S5-TXNDC5,G0089,development,7fdbd4a824e9a54e32db657400b0dcedd28cb8a82143656e9e9e693c9a1cc681
chr6:7882712:-,BLOC1S5-TXNDC5,G0089,development,59739065dd0a00b9b1c72f2a46bc891797a9a602af0a8029da1e45c3016795c6
chr6:8079911:-,EEF1E1,G0309,development,74dc90619ee70689bc1b7b07aff573bfc16623f79486be765de732230187f5bf
chr6:10709475:+,PAK1IP1,G0714,development,36e5ad236b8ed94d147c3f23799cae47ef9ae8ee0a372a173b1f7819d4df0cf7
chr6:13620971:+,NOL7,G0676,test,bf15ce87f78fb09d74df86acdb350633e66c86c64656d51c58e19071efacd313
chr6:17609437:+,FAM8A1,G0358,development,745dffdf4b2b1b606e00fe2177d06472254b7ab18a532bc9a6d53daedf083b52
chr6:17615890:-,NUP153,G0696,development,47c2a7ba9ceec30778787c6136f7172a2786d2e9dd5e467e55296454a58d3b67
chr6:17615897:-,NUP153,G0696,development,3e21b3de8ccd0fe504c598066921d701f6bda2446bc9864e38d5df85deed6514
chr6:17615990:-,NUP153,G0696,development,e68e779f32565ca9cdaeb3454f506ca3adbbea6532c9fa204773f27302a6ad59
chr6:17616030:-,NUP153,G0696,development,b8c0576a40d421646412286c4dde748758c39653c48b625eca8163016d49da15
chr6:17616035:-,NUP153,G0696,development,8bcad81c25a6905042ef7773370b7b4e8abd74bae97711964e2d52794bbc37e5
chr6:17637363:-,NUP153,G0696,development,6d3a8fde1fb9c373375a6e95c1c752cf61b04f54361b293992d59850a823bca1
chr6:18224780:-,DEK,G0263,development,cb2e855d81295540aa460ae470031f2b47d9756b8d73591bf79353f6acc0f6ff
chr6:18224833:-,DEK,G0263,development,81b140ff78b03bb4515fa539966b2bd9fbd26be0cdcb8158f0f43d6ff398bcce
chr6:18264523:-,DEK,G0263,development,3dcfb7f2649f71dd272a2185960ad0db1ae1a0656e1d8b98f0b0f936a83e9aa3
chr6:19837487:+,ID4,G0488,development,848ed602af156eefff16e32b08568d79791343fb99da7ac2d84caffc7bf341c8
chr6:19837960:+,ID4,G0488,development,3e789959b095e4866fe7070b6d2663b184f95379333169bf71f818a27c53ca51
chr6:19837963:+,ID4,G0488,development,7c9abf9260bf79d14108ea8452974e2984822f44765d548cd71d9b74c83fff8b
chr6:19839397:+,ID4,G0488,development,9bf8766c29e216ace24d133a59c8866453e3091ebff39afa2a30f1bd9e4e5070
chr6:19839507:+,ID4,G0488,development,d48e14b03eee29e55aeee531455b20a0f9f71f7a146449f88e5a5387d9f916b9
chr6:19840404:+,ID4,G0488,development,14dd65b2c7430c7becbd57abc0aa77eb4bcc0da02e26ba2e1ace87c18cd989f4
chr6:19840422:+,ID4,G0488,development,177c9edc33e4fb9d157ecaa794a1653b24fd60099cfc01b48fbcb3340f0dbc84
chr6:21597254:+,SOX4,G0985,development,4da846c122ea3dcba70ecae22fcc1c7621c22c4793074f24e22e6e80f99a9670
chr6:21597275:+,SOX4,G0985,development,c689c5d752a60a91e27431a861e9207e58f6a986853ea43597fbd6ec3a890f68
chr6:24705641:-,C6orf62,G0115,development,cbbeb30b45c39f4a213ca82442e0da5124f71252b1376a04017499ddf62c6a4c
chr6:24705863:-,C6orf62,G0115,development,2497819a7d0bede4de00aea5422da645e235c3ef4c3bbc4422e099bbe26aa107
chr6:24705936:-,C6orf62,G0115,development,ddabf8231f89f902238d5cfa76ba9e2ab4fe5c68c05f3e53d8c62a63b4d2d252
chr6:24705966:-,C6orf62,G0115,development,784531942264d267e8fd1f2a7d6450b3e2815e99c288927d6411dad8e0162e08
chr6:24706025:-,C6orf62,G0115,development,e30fd61d354b42a27cd000faa2af450d00dc96a05cfcb5f1d5ec4642abd97521
chr6:24706038:-,C6orf62,G0115,development,9d98d3b925d20c93daf3320f6dadd7de536e494f7dbc62c2e1b0b3e241db7353
chr6:24785761:+,GMNN,G0400,development,d2617ece1afce2e39b08e2f0ddee4e08665f339aa1e0a79f9e5ffae7c3c8ae4c
chr6:24785816:+,GMNN,G0400,development,1d05d2a4e523667b5b17296e4319fc52a38a3fd7b63cdde292ee37f6a80a2514
chr6:24785925:+,GMNN,G0400,development,4daa89667f68feded832b4a9018728b065186c1704e82a7577927f050c1116e0
chr6:26545173:+,HMGN4,G0454,test,1613a1888c15d5e1575d97ac7e0d10a076351678d96d4a3424ca69b2c3700e09
chr6:26545193:+,HMGN4,G0454,test,a5767c5dfba2c6b258d69798cf92c31b5339041d0ee604b81f017c5b4743833f
chr6:26545406:+,HMGN4,G0454,test,45cd86209ee11fbad66fb6f8c51bf81f5a71e008a36b6d549ba501635e93fdaf
chr6:26545485:+,HMGN4,G0454,test,79cb97ee7c279cf967ce88f59222ce75b681e7c329213a4aed85fea780996343
chr6:26545514:+,HMGN4,G0454,test,92e7962835c7a111740f077400c60a07be167664ca2a6962244474d8adac6dea
chr6:26545604:+,HMGN4,G0454,test,81aca38277fdb42be0a58fc5b2a31011d9d523146dbb0a60a8608c0bee2cbb0c
chr6:26545664:+,HMGN4,G0454,test,be734963b68af8902c939062c18c304532d8d23e404541e1cc0e9c108641617e
chr6:26545845:+,HMGN4,G0454,test,8290fbb4dc02a8fce2bcdbc972f4c54f54633d177a18bdef557b3b076eced553
chr6:26545917:+,HMGN4,G0454,test,937f5b89ce9f20361042a4de23e4132b01580ec2bc742237dd04f39a350a88cf
chr6:26546136:+,HMGN4,G0454,test,d0b6848dd914b5701f7fa1928716162c3aff3ee225307e1f29e70a5384f1376f
chr6:26598454:+,ABT1,G0007,development,c62015cd3cf53c8a255f29ca7f3a809049db6aa3c9e0a4fbcf37172bce1507bf
chr6:26598483:+,ABT1,G0007,development,3d49ba0d0bfa2be2a25eb297aa701a7c051f7a21679e309a7bfca1c6744eaaa7
chr6:26598516:+,ABT1,G0007,development,13cfcd9bbde3399a0cc9ed76711cf3dfad14680b96aba6c96ad7928c0ba3e6a6
chr6:26598548:+,ABT1,G0007,development,f225fd71445cd4958596c63703ed1346c12012217ffdb423807c378dc02dc97b
chr6:26598621:+,ABT1,G0007,development,40ca8d46f10eae8b92e67a51f60f0f39c0dfe39a40d65878a01d0923c459f425
chr6:26598638:+,ABT1,G0007,development,ef8197a570791eee85efef6ca70bdc37ea077307017b4276724c1db6c7c0bfae
chr6:26598730:+,ABT1,G0007,development,40b480e59a3c9fb7b437dc15184d7fc38f94c16c75162c9ff49894a41fcc60fc
chr6:26598813:+,ABT1,G0007,development,fd2510db279902eb9f5701ae50f02f53d22efa369fa7377f19bc238b1bfc79b2
chr6:26598898:+,ABT1,G0007,development,a1b3e1db44cabf9600ceb75fd63130be5d1aada76ed918655b615dd75d8ecd4f
chr6:27138553:-,H2BC12,G0430,development,1515b789484f91f848f26deb2913fe93fd413a198e9442aea0c26585b0cf73a3
chr6:27138675:-,H2BC12,G0430,development,74d4133ab8d33c019e9b8610c352a11db50b569639e929693ebc3064564d7219
chr6:30492847:+,HLA-E,G0443,development,a1ccb47fc4c5205542d274e763df11972faa874500c2927ec61676fb2d088f57
chr6:30720357:+,TUBB,G1112,development,c061de498753c1e79c3ff983dfbefe308a33384955c65e7e1ba1145ab529d9ff
chr6:30723445:+,TUBB,G1112,development,1a7ec78aca589c67c0dde411c9176900991453e46a9d1c1b6d826653c945e8f6
chr6:30723657:+,TUBB,G1112,development,9183b7022580ff4a858d95de95e4bb0129d3b4511ed01ff6787289a46160f13b
chr6:30723670:+,TUBB,G1112,development,1b75b0f29b23c0aa948f02970ce748c811b0ee966983af2897815fefd651e2da
chr6:30723739:+,TUBB,G1112,development,490324a218feb135b5fab752e222f092435a72f38f8d4607d6bc58846e3f8c1d
chr6:30723926:+,TUBB,G1112,development,21599b3cdc14e59d406a72f92449150fe2be3b1d031097b947b1899c5d3589e6
chr6:30723955:+,TUBB,G1112,development,7063d1e749dbd2c5a16114d901fc52602c0c1a6a5077f647677163e2a00e4b62
chr6:30724072:+,TUBB,G1112,development,343e19892d30491cd14d8b2c155cb02e770eea4c5781fb0efa75d6070603ff09
chr6:30724273:+,TUBB,G1112,development,bb411f8ba626b8a82a25f16ead9ac5af116b1eebb4e3fc2d47ce4c9e917b8096
chr6:31268934:-,HLA-C,G0442,test,245e7f9fd0f0f272efe37fccf405c1b5959ce144542fea9505b6fd15d72fecd7
chr6:31281293:+,RPL3P2,G0877,test,fd05f941f3ffee06b190ea0b361a99b6f4f51ed3d7c02cfa63f4fa5aa2dc5f06
chr6:31730764:-,CLIC1,G0189,development,7302a445d65628b046bf45df567878fb849dafff3d09333926e751feab5bfaeb
chr6:31730829:-,CLIC1,G0189,development,bc9e1dbbe5cd77e094ee5699484f79fde073c3451401931d971f8f668d8c1ce6
chr6:31827872:+,HSPA1B,G0477,development,45b133aa39455e54eb18bb7fc957b28f58ffe00c57ac1ae83ea60c5c0f7cb551
chr6:31829665:+,HSPA1B,G0477,development,a1c7b4932c629d54b0bab48bef7af61dca6a53c6f62ded2c3876f848f55b8f56
chr6:31829872:+,HSPA1B,G0477,development,70c84ccd0582c893bc170022059b3ccae908809a47a587468e3a59343467b0bb
chr6:31829914:+,HSPA1B,G0477,development,27d368e5209643f49b57ffc2406dfff4ba0762b936a83e656efa324c2e299260
chr6:31829923:+,HSPA1B,G0477,development,1d2a0a899e8e1a21b2720e4c72855631501e3073a3feae3643e4dd9dd2e249f5
chr6:31829931:+,HSPA1B,G0477,development,8984f280f408770160d64ce2840f3f99bb00a63a9f92132f928c737ee7ef87f4
chr6:32186243:-,PBX2,G0717,development,6a7d32e2d23096a57d30ddfb81b57bef969e79f5829aba42ed64f6a0506424c1
chr6:33201467:+,SLC39A7,G0967,development,a0ea164544d6dd7926b1e658aee4e1528e63f1af156b474713e90479febc18a8
chr6:33201491:+,SLC39A7,G0967,development,af5930e1e19397a0b2a7b485ec786ecc5cee1b6c30c8276a12ee81223ec56458
chr6:34245854:+,HMGA1,G0445,development,67776ea9e6f4d898efe77f83ee80084afdf963fa617057d7da9f4923e61f5e4f
chr6:34757514:+,SNRPC,G0979,test,ee43adc4d6ebc7527a17e1fea64c004c2e17cad96bfa2162fc72c1915d121797
chr6:36596788:+,SRSF3,G0998,test,93d34a64c8d8bdc6c9b94ab340e21b0105d0eb5d9ba3b0bf7c0a4c540a89fc95
chr6:36855058:-,PPIL1,G0769,development,62a50f7abc4eb571f83a7cdd25277d88c8166c9c3e3f8b3cda5d77d1374ab683
chr6:36874792:-,PPIL1,G0769,development,36a2a7937b0c8f96bd58becec80ff7fe2c35cb00708b67271d49a8259bfaf613
chr6:36874796:-,PPIL1,G0769,development,7c1345dc1fa7abd89873c97d0d86924b3820373fa858f38f33e7f84eeb9b83b3
chr6:37483103:-,CCDC167,G0138,development,6ccab2aa214dffa0e27900aecb2344f9ae25a6007cb9fb3c6c2f07b22b51874e
chr6:38677213:-,GLO1,G0396,development,ef5ab4da72c9fd14c2b19986ae4d3751558f7154276c670350f81e31691d4fbd
chr6:41097942:+,NFYA,G0663,development,f4223263c9ec20da59db29c3223e1876f999286571ae6f7c8c0ce1e8ee4c5063
chr6:41098009:+,NFYA,G0663,development,edde22f3448956840a9c3335a648fa7f319492da75958bf1e4e6fe9d0a62aada
chr6:41098953:+,NFYA,G0663,development,a57eab7b5cf9eaf7f9dd3d13da87b0bca5f66c3d8fa6aa5638d37cb45e14c79f
chr6:41099167:+,NFYA,G0663,development,df0df301f4a0d76dddbcdf878bf7fd0df8245e6d0c540cbd1197b5e4b130dfa6
chr6:42887167:+,RPL7L1,G0884,development,3fa75055085fe267c17938e129ab604d465e698b9a5360182195ab1fd90bc8a3
chr6:42887270:+,RPL7L1,G0884,development,797a2b02f654672e77cca0725667b4860e9db2d2cce9077113a10c4df454f718
chr6:42887292:+,RPL7L1,G0884,development,e8e12e1ecb470ab6a59e2069c9f144742f9975fa8d30b5583f79cbece64476de
chr6:42887597:+,RPL7L1,G0884,development,3d1ff775c0f89984b213cf0bb45eb5bf547cf5202a9e8e61b433be76622a346d
chr6:42887976:+,RPL7L1,G0884,development,1ec0c2263d3357c04bba552491ebde8a3fdcf989a869a07a1790836bc4f4a767
chr6:42889802:+,RPL7L1,G0884,development,b6842dd9d7c5f2750a29d1a967813e680d0d749c0fa6b5f532967aa8635f5811
chr6:43012344:-,MEA1,G0565,development,451d2f697fac301a1319976641da6482f5cf0e1f597f3b1786e50825a07efbdc
chr6:43012416:-,MEA1,G0565,development,ce00567f00cc8d97389275108df53dca6dc105879aeebbbb560ae56d352d4d29
chr6:43013318:-,MEA1,G0565,development,fb4bff6cfa33affa8b191eda7addd3995883905fee8d2f3dc0b7944d9205040b
chr6:43029197:+,RRP36,G0903,development,0dae4b937e1a5564669e6a01f0f7df49aa75c3c79d65a36c9e9d2e3d7f3c92c5
chr6:43029235:+,RRP36,G0903,development,570dee4ad5e3d92fbcce035246ea41eccc5af8b3751a69f76adb27f01c1a5d70
chr6:43029283:+,RRP36,G0903,development,55f56d3e908fd1192b3c03d0af6fa4ab86df46570fa6c4984e52c250c9b2e8a4
chr6:43029359:+,RRP36,G0903,development,1ebcde02f076b1f906f97daa4239f34b5036892de0a84571c8b72974d65559df
chr6:43029375:+,RRP36,G0903,development,53f644ac9f7915326549f28d2605dae9bf1af1f815caca15c08e335668318cfc
chr6:43029491:+,RRP36,G0903,development,89f1169ffd12d2ca57678d5a16d0f0b3990be59d793ce25f3185527eb9eff059
chr6:43225827:-,DNPH1,G0286,development,9a9487b0b28de7ae97eede889d7c655d52715411f6e3b30b5a4f413c94edcca8
chr6:44113816:-,MRPL14,G0589,development,1000585de4cfddf37494686a20281c8389b2c8b597186bdc8570e0d78cce81c5
chr6:44113853:-,MRPL14,G0589,development,f0d9071bbf361643b55edcfc22c373a0344670cf0210c639b3fe43029d474a8f
chr6:44113920:-,MRPL14,G0589,development,42e98a45bedee497821ccedf4a1e989015300fe9e3ce41a28b5e50f5b4af3f93
chr6:44113932:-,MRPL14,G0589,development,18dd9bffa854733df20fa20daa1f443be32f923b6f296f608a2bdc05a9ed7157
chr6:44113943:-,MRPL14,G0589,development,74ddd54b5834815e7c32cc6a91a92e262596bcc5c42960302dc6ddc54e3cbb04
chr6:44113952:-,MRPL14,G0589,development,86b27e7f318ee7a136683021ef80da2f7ce8738302b49789004da3cf78e2b6de
chr6:44113979:-,MRPL14,G0589,development,594475efb2dc8139aea1d3dfa3fa23cd2dab9e0da3dc158f740650f305ef1157
chr6:44114044:-,MRPL14,G0589,development,5fcfd6a8b640e466efa6eb48fa0e763e19bf979c8c4b309c1206d2711a1080f6
chr6:44250574:+,HSP90AB1,G0475,development,9fd331f225571da2cd1bf5b1bf8f01ac5880203af7080688b88aa8ef4798e655
chr6:44253271:+,HSP90AB1,G0475,development,63590e35372d9db04eca34f64305b28056af13a5d63177be8d57d3d22b093eb8
chr6:44426635:+,CDC5L,G0156,development,77a4eafdfe7f3867a9639d097c15bf668550e6b470a2e483446528f1350034bd
chr6:44445773:+,CDC5L,G0156,development,1e134923c5d607978578aad0de35f6cc15660739aa1562dddd7f851a1f59c836
chr6:44445782:+,CDC5L,G0156,development,72e7700133037dd3cb0ed489c3579236957b5c3c63e0dc3159f9450a06ec4286
chr6:44446691:+,CDC5L,G0156,development,79dfbee1c41c0e30f5d21eb9686d2982848a4ebc25745bdea1df06e59da61dfd
chr6:44446893:+,CDC5L,G0156,development,14dfcbc17bf64d904f887c03e0cf6ed064e505e298015e4bd7adcb8cf94c5829
chr6:52264268:-,MCM3,G0559,test,eded00afd9e26309f0977bd7483b1f9dae785a7b9bedc80a0d5a3cc7d01e7af0
chr6:52264278:-,MCM3,G0559,test,7d919c9b1d6f4847ac7b463e773556a73fa67bf37abb82679c56311d0ba7982e
chr6:52264360:-,MCM3,G0559,test,b442491fe75315c9da96927dec7ca2f0ecc2aae1ba81f4b4b022a925f079ac0d
chr6:52264366:-,MCM3,G0559,test,b82eccb82d068afa7805a0b9fda92ec6ea92561b24de09f531cad9f0b7654028
chr6:52264379:-,MCM3,G0559,test,9fc96c5b6c48ad86c94e76b55240cf6e18f950d4dc0137d22782b78ad36c2e12
chr6:52264429:-,MCM3,G0559,test,d608b83b841226ecbf708b565975bba2d35af0d0501d6d625a68dd44ecd70856
chr6:52264438:-,MCM3,G0559,test,e9dc54859edd28cc6f35e99c9a08a0ceb463842615b47b6c91f4c2497c06a5b3
chr6:52264570:-,MCM3,G0559,test,38d255ff56603c86005978c82f725f14417a38fe78651aecfd7ab24cb62a961f
chr6:73517709:-,EEF1A1,G0306,development,0210c708138d370cd4f0ea4e315b2a7a914e90917f4eb3536bd1021bdcdc89f4
chr6:73517750:-,EEF1A1,G0306,development,e6827d18232fa6733f0c45f40004e6355ce62f56285fcb19fbdf3d5c4857053e
chr6:79201645:-,HMGN3,G0453,development,da5fd0fad2cfe28cfbcf7fcc53bfa60cc6826af5a82cacf91d303909151df256
chr6:85612879:-,SYNCRIP,G1024,development,02da534bea7750e43f3a83ca007bfe5d3556273cce5ba03fb47535537c55a4a7
chr6:85614583:-,SYNCRIP,G1024,development,97014f1ed163bb921fcdf7c7978c01a276c8432156ca3bd07892b9d04e4ee1da
chr6:85614620:-,SYNCRIP,G1024,development,f572cba295d5dc850633807a4656dcc4d7853eaf46e16c7cec4f3f0bb5cced1f
chr6:85614708:-,SYNCRIP,G1024,development,8f106d17eab1545022efcf3a7bfbf7072520b8b2124b53fc84710aff30c6d3a5
chr6:85614727:-,SYNCRIP,G1024,development,16af7d26df8474d4d594f38b0a0c276604128f5ded26b4dc296bd215a67e5dab
chr6:85614820:-,SYNCRIP,G1024,development,9feddff69e64fbad0e5178c76b1f069671a9290981a7388e32a6e2a4ec623fa8
chr6:85622535:-,SYNCRIP,G1024,development,c5252820c5f9602a0a84538380174835cb759a1323710c4e5917f66cd3366e3a
chr6:89329666:-,UBE2J1,G1132,development,acab681f2fc2184133d8f473f277e1687a70f95cff8c4699729b22b62ba0804b
chr6:89329692:-,UBE2J1,G1132,development,cbd1ade33bb750bae52b420d80787c3e212b3915df39672e4e8649316f0b63e1
chr6:89329753:-,UBE2J1,G1132,development,a802db5692113d5cb5da0452af82b7858ce0b3ca0935d2fae5843b573ff92b7e
chr6:89329769:-,UBE2J1,G1132,development,db4aa2c5413b86b77163584805b29e3c4cf2913f060728f718e45b7b03fd3f21
chr6:96891232:-,NDUFAF4,G0655,test,c0ded87506c896718a85c1dc2d0589a417e1c8f5b297b865541c437695350e9f
chr6:96891271:-,NDUFAF4,G0655,test,5459afd8ce263283112fe48953da0ff580abe0253c90434f8ff4b5556c20eee1
chr6:98780365:-,RP11-67P15.1,G0855,development,9ab56fe3ab26ca3381922bc5e8101457716aa797ecb821b699f110965462ab8e
chr6:110894028:+,AMD1,G0030,development,981bbf9ba8010ed93a4b0cb548010f90805da3e3e41487bb5015bccf16909a2d
chr6:110895391:+,AMD1,G0030,development,43c3b7ee96a5b2d8ad87a349fd9692343ce80ffd61b6e7c2f6221ae01dadcf4c
chr6:110967773:+,GTF3C6,G0422,test,99f5e9015a05eea378dcb35543f84d9f93d79490bb91728f5f8f210e6061766d
chr6:113859999:+,MARCKS,G0553,development,a7bc7fc63db45194c9a03360160ed3e3e6cc516d82dbf2b1b95cf62e22b7fc3c
chr6:113860101:+,MARCKS,G0553,development,e450dd6efb1bf63686605c22a3b9b6753f42bb45c51451eb2a0dba1cc936c8ec
chr6:113860610:+,MARCKS,G0553,development,196f386fd49a79a145d696ee017ed98b344009c98d6f2203c822758e06fe18e1
chr6:113860649:+,MARCKS,G0553,development,4846742b3da7d471c87172eb7169f80e1ef5915e01c05350f8b403ce19d0b031
chr6:113860663:+,MARCKS,G0553,development,c79e4e20be4afbf9e3c811ecc79eeb32ea6bf3cacbe69d8ab77f04e971491573
chr6:113860681:+,MARCKS,G0553,development,7980777438651c4b580f80e9b7086ed909acccbba1d69af1d737da9145f0b592
chr6:113860940:+,MARCKS,G0553,development,80c19cb63e8139a24efacc0a3048a24e0bcc740cebd94cde612ecc972e915ecc
chr6:113861244:+,MARCKS,G0553,development,19d25af6e962277efed431a53ef1e3f03e586e5fd866ba121ba6f0048f857d5b
chr6:113861384:+,MARCKS,G0553,development,02f89f026c6181f15c69fb9574d77d50f8247d3ea4ba2817bdf7974418a57fe3
chr6:113861477:+,MARCKS,G0553,development,9e35683325a5dce94f9530e1f35b0027fb60debe8c3e8c00f6c80826631539b9
chr6:113940950:-,HDAC2,G0435,development,27f40930e7b5eb64a342c007926b61fe820d8f7f20f6f661b38cdadc21fb4ebb
chr6:116277374:-,TSPYL1,G1109,development,95a1a7b9e1d394220e4d9482eb56ae4578c6a3ba754db79dc3fd0170c35b64ad
chr6:116278074:-,TSPYL1,G1109,development,1c76c8d4791f98e7a8eaa470f49120452015c1f37c975494bbca713dcdbee569
chr6:116278084:-,TSPYL1,G1109,development,240a3addae4fcac4bff0c8c20188859e1996b8889b724ddd2a6c1a2f532765c5
chr6:116278095:-,TSPYL1,G1109,development,8a03eb19d8712a84cfde2edfd09170854377e9b670d0ab152fb6f57c2fd39143
chr6:116278165:-,TSPYL1,G1109,development,893f0a57ed54b3811674d5ebc7b0e74cb494041fa57ef7c91c2e1ea8e866f459
chr6:116278184:-,TSPYL1,G1109,development,6f5b1b9a4f95fd5c3ad0fc88835e53aff2b55f8647eb532f2406dc811c850086
chr6:116278210:-,TSPYL1,G1109,development,4151ba7ee5841ea3ff63123dee24093b4e9a4446d0f52454c45e04080ec44732
chr6:116278219:-,TSPYL1,G1109,development,d49e4ecf6a9b29f7a74c0bce03692ded4b7d353c471487b23b52128389e736cb
chr6:116278319:-,TSPYL1,G1109,development,44bed41c550e1dd504a9047c7eefebe202648736b3e1b8c355fbbfe6b4f1c0e0
chr6:116278352:-,TSPYL1,G1109,development,8a8b4efa08d38e3c9e1bc29d0b3f2b81af969bd177993c4d89f4b02bc8b146cc
chr6:116278382:-,TSPYL1,G1109,development,305ab5919ba63e168213c8f596b0a82cbf21e7045786ab3fed8933359fb1262c
chr6:116278408:-,TSPYL1,G1109,development,3d139c7e4416401ac88da4a2d7aa46dcfb3d9bdfea72e23c0d9ea760de8c1266
chr6:116278464:-,TSPYL1,G1109,development,ce7a672f60d26cc2906a7307ef197a19efee45231d7b84dfddf43fb854e7a5c3
chr6:116278517:-,TSPYL1,G1109,development,1ebc14ef0099e4a802d8e6bbecf98ffa12ad06c394913e13dc1b9adae2a0ce31
chr6:116278716:-,TSPYL1,G1109,development,73e419a48ac28d033c47db9c16fccd735fd61cc00e5ac2ea15e1141b76cf361b
chr6:116278882:-,TSPYL1,G1109,development,383ebbd63d36a60b033237a07dcf0bf1649137cec4ba8107c4c7485d309fc53a
chr6:116278898:-,TSPYL1,G1109,development,4eaa9fa14c9e81119279ed67c81ca44b9c892e78c3ec7bf99cebf0809a21b707
chr6:116278990:-,TSPYL1,G1109,development,b74343845964f0b1cb91b60d7cdb31141d7ddc54ce49782ceefc0b079effd7f9
chr6:116279025:-,TSPYL1,G1109,development,84fea8499239d95a2591e9c318e0061e5f119970408fdf739e0355d61cfb77bc
chr6:116279112:-,TSPYL1,G1109,development,501c504370fad8e4e627cb3c38f991e66df5e04502222a6292f11870c021d067
chr6:116279117:-,TSPYL1,G1109,development,98d4fa00be44c7de7c45ac7a16c15371c12e6b7b69adce4c0d2d2804bb562d7a
chr6:116279745:-,TSPYL1,G1109,development,0a0207d385351e35326b90cd0eea390bf981b5ae1b01204f5c10b8fdd810ad53
chr6:116593105:+,RWDD1,G0914,development,6e12a86d25931085edcc89c62fa13a8a8d872f7d66a2c13ff345f14440a470d5
chr6:117693100:+,NUS1,G0700,development,405402b937f12128ce6220fe1a57ef099a0b51e4a410c017b82c9d334ee4f2b3
chr6:117706960:+,NUS1,G0700,development,4a38f41c153dbef7c4c93b14694b964fdc296cded9f11b6c4e181c5adaa75aa0
chr6:117707070:+,NUS1,G0700,development,d4ef7f45552a0521438c40b8b55acd49fb6d9fed8efd60aa76b3c4bfa200fd27
chr6:117707306:+,NUS1,G0700,development,4cac700042b2a758a7a8f80491f8a1abe81e843da3a5df0c0ab7965202a29ee6
chr6:117707380:+,NUS1,G0700,development,bebaa2c8c2096a565d6276369d6fedc220785d9762807604955b2f92044aadc6
chr6:117709234:+,NUS1,G0700,development,a6e825dece0d3a6faef106146f32cc956b109f6032259824cee2ef25002e7c27
chr6:117709684:+,NUS1,G0700,development,e670ef6218f58bb59a1af678d18b00471f3f6eb88c860bbf36d051515a036b42
chr6:118907571:+,ASF1A,G0058,development,8395b91d406134bf18f9e1ba3e70e708dc17da3ce9ed7cf22e3081e9d3f9fb4e
chr6:118907604:+,ASF1A,G0058,development,5cba8234990426af5656f524f03f2a12e70a019bf8e8edbdfc5cc84e6b76c50f
chr6:121446962:+,GJA1,G0394,development,e2815b6c758e7a78577908bd0214b101c5c0431a07950ce96c48fd39e891fd79
chr6:121447307:+,GJA1,G0394,development,16807aa298331df38bbc8ff9bc0dad7424add56825f0f3bda371774965824569
chr6:121447381:+,GJA1,G0394,development,de23367ea8fd57bdbcb1ad3b0086242008b6121a4a3552b01b7dab676ecafa5a
chr6:121447437:+,GJA1,G0394,development,65a6a3abafa2602205a7d1472f301588ea5d08a602a22b4d4f66334f7eb6c493
chr6:121447528:+,GJA1,G0394,development,254f5ad24b25b62faf474c9c5bd75d4060573547a0680ce4b3068b2b210108ca
chr6:121447885:+,GJA1,G0394,development,e8bee4c30e6376270caa495dd5fdf43d4158873dac38e29e706e26e7129abd6e
chr6:121447897:+,GJA1,G0394,development,48f19e9d3de2510c09c80169215aea817975bc309f3ed301ddedc8bb63b91879
chr6:121447926:+,GJA1,G0394,development,2b760ca1d8a1e019f0cc72d65eb98d46e7f9b5e3d174953b83189136d1b10de8
chr6:121448542:+,GJA1,G0394,development,b5d62ecf7b605c4a038ef035593e52cd6d02962f913818c98c9f07008174e029
chr6:121449535:+,GJA1,G0394,development,50c1c91024d513926fd0e10895d3c8611df6314ab44783b42aebbe485deb58b1
chr6:122444425:-,SERINC1,G0939,development,df64083a0de6ae209f02f9dc529ea7d9f756358f665cbe3282c9bf38cd3e3c92
chr6:122445048:-,SERINC1,G0939,development,efa6d2c7c81fdfc9e3d62e1b343796d8c509329badb0e3d2ee9b90e604e28ece
chr6:122445088:-,SERINC1,G0939,development,70e7f02bb64d4f45d1474d5af61a97f1f1d6f930e9bb3397f12d43469d9f6f74
chr6:133987142:+,TBPL1,G1032,test,d7ba82c16c78333aa9f5701f2e4290aa1f9ea2782d4075d3d658f387f5a49f50
chr6:137197720:-,IFNGR1,G0492,development,cca59a5e998bbf106c979da0a73776920e160e3b2bfb59c8d57877c426ae1b8f
chr6:137197769:-,IFNGR1,G0492,development,8020e838df3f379b6b81c19145051c9bd848028a3945994b7f48994dcbf54ba2
chr6:137197988:-,IFNGR1,G0492,development,8f5b007e5fe0ba91c4cda2e6eae0ee313e1fae5ae100f89df953826f8e75cf25
chr6:137198317:-,IFNGR1,G0492,development,0da0a150b4ba0ef6e5c347ac04ad8fabb0619fe9434462f97206b82daf707b0d
chr6:138091245:-,PERP,G0731,development,2600a731510a8a7e2945563d4eab86f7abbd3f3f36a415123137e76849e50d44
chr6:138091664:-,PERP,G0731,development,97b30059d226e94435dd39c31e1a8c49efa48c82e1743b2f71db2f087d7591a0
chr6:138091984:-,PERP,G0731,development,f2cd49c7f83137d7b60f947ee5e28c9e87f7d7dfa8d60eac7c7a7fa8a74b559c
chr6:138091999:-,PERP,G0731,development,b761779409d999b3ca3842d61889e598f6706a599620ef1212bee69d8446ac61
chr6:138092175:-,PERP,G0731,development,8797dee12d84d10e90b878fe73ee1a64c2c02fb142c8ca8de3373fcd30196a34
chr6:138413057:+,HEBP2,G0437,development,aef725165fe7fafc7ca5820dc022f274e6a424954505ab1e8a02a69c33cfcec5
chr6:139042802:+,ABRACL,G0006,development,27cc850ae524aa3cb327968487fd6486f0871312d2f6be324440255eddf3be9a
chr6:142218738:+,VTA1,G1169,development,03da7ae4459fc640e2c640646c4789253fc36df7d7e3a320558b8b14b18ccf05
chr6:143061412:+,AIG1,G0025,development,434ccedf76078378edbc8e3123aebaa13cbcfce1bb39753acc95c702003debaf
chr6:143061481:+,AIG1,G0025,development,0052a40e28ad73e3bc6a08009cca739064086649963bdaaba0038a9b7402915d
chr6:143061491:+,AIG1,G0025,development,7439f796f105466eedd8a13f5a589bb20009f2eca89aec4530254f9720b168fe
chr6:143061501:+,AIG1,G0025,development,3554e20877d2f04ba6be8dac3ed4c07f6cc4cdfbd08267ccf4f97ad594ff4590
chr6:143495779:-,FUCA2,G0374,development,4c8fa841500d2749c771165dec303d7881a37bdc2e936a3e03db2460b36165e6
chr6:143857853:+,LTV1,G0542,development,0bb2c8a009d11a05cf6e7dc193abb9bcffb684afae187ffcffa8b24e610dde21
chr6:143863148:+,LTV1,G0542,development,e970e3ff7d0ba8028f0d0ff19a290ee6fa8f85bb8381261efc5335987583bed8
chr6:143863528:+,LTV1,G0542,development,de902445e2888e16c17c658ba90500d99f440e8bc7a462daf6d6ea8fd0032346
chr6:143863608:+,LTV1,G0542,development,1b77bea1968b7615f32e1d8ce25862f0e910bfa0fb62931ae5f5164369aa4540
chr6:144095021:-,SF3B5,G0946,development,d5e9547650752df61d1ceb51bab27aa1a0422bd2f15961e6ca727d54ba7a85f0
chr6:144095031:-,SF3B5,G0946,development,fc8eb75f665c13e3dbeda9d75b281237e1f7dbeb46a8949d15e744c309471de2
chr6:144095053:-,SF3B5,G0946,development,0b5ae3fcfc7c56ae62f8a9c27baf50e31701bf845471c7531924f373b5198f5a
chr6:144095062:-,SF3B5,G0946,development,77b11cedfa6596bc6a80456585a0f517a6f0ae433eb110c0b2102f5d98fd402b
chr6:144095149:-,SF3B5,G0946,development,8422ef217e8910db5c3f56137a0b1fcb9cd694b006f861aa01aa57b99f14b6d0
chr6:144095235:-,SF3B5,G0946,development,c7ea3bed1efd93fedb7ebc7dc048b639c9e6db77d004a271a9d4c6b497800d2d
chr6:144095241:-,SF3B5,G0946,development,d4c7c7d5aa27560fba2c0ebecd609ba273d701cb1efb260c7a3af8bed09589b5
chr6:144095267:-,SF3B5,G0946,development,02627bfa5d04dfda6e7ad1b932b71b8a444f5a9d9f156d3b8b0d4a09bfc66e56
chr6:144095379:-,SF3B5,G0946,development,60212d4b5cb636b3dd1db08e6291dae60247c33ab38720ae7acf93bf5c55894f
chr6:149810725:+,PCMT1,G0720,development,8e55e793e445d0edc3c283c51a712ee4751ea7c641280cbaf5a822e3cd8f25e2
chr6:151101692:+,MTHFD1L,G0632,development,14e60d3d220e464488c4f01d838a30e28f493de7710a0836073f1dd1b7d949ef
chr6:151101704:+,MTHFD1L,G0632,development,5a9309bdabda835a3b82d7a0dfd9406c03d387cba68945ef6c01102d0b32385e
chr6:151101714:+,MTHFD1L,G0632,development,7a156496a7307711f327395f83b63cbed89eb7925f6db0c3f40fed8a42ba0380
chr6:153282496:-,RPL27AP6,G0870,test,f0f78ad6e3df7325032fe5eaca485084726090ce6aea61f89628ee916c65c517
chr6:158192126:+,GTF2H5,G0420,development,83228d16f2bfbcd2b66d0ce1c0efa85a46a29df1e3937ef6f6224b4f368c0098
chr6:158192173:+,GTF2H5,G0420,development,d621e6106b8f446563afd1ec4bda3d6807e14f8682741036482fd74fc3e7da48
chr6:158192207:+,GTF2H5,G0420,development,40e65768e5cc89d008b134796c8b931b83c33608639929b625a6bcfc9e1cbf99
chr6:158192277:+,GTF2H5,G0420,development,359ba69f80378d2910e69de364634e6e1f1f92b491a067e35de24a345f6cd00a
chr6:158192319:+,GTF2H5,G0420,development,235b3aba0f8f6df7e77244409fe9a0fcfc14fb49eba5a5eb3bfb42e3a2c02cee
chr6:158636752:-,DYNLT1,G0298,development,2fd9975eceaf0fa4949d866246257d430df71ec3326c5e31e0b048024e0d07a5
chr6:158636839:-,DYNLT1,G0298,development,284e49a58635aa21739f20cb919fcc76889cb7e0101e95fdedf4cfc475a0048e
chr6:158766014:-,EZR,G0350,development,93dd593501f618f69d79efa4156285e21e2ca7ad82b6d156b55aff2be37ad285
chr6:158766556:-,EZR,G0350,development,febac962dd3612a67d62b9a90b148db53a082da7ef0831428b9b8753b481026e
chr6:159748397:+,WTAP,G1175,development,7fe4af8fb644dd1fbb9ec19002fc47ced1da2d9140a9dbf0a79f89bcf9d02210
chr6:159748436:+,WTAP,G1175,development,e9364a861a563bd396bd8d1b9c8bf48f588253da91a9059758724fee549b7948
chr6:159748446:+,WTAP,G1175,development,b92d31ac47c5315a8803170e1491b3024eb85636a336dfc08fe7dd8e0c128ab6
chr6:159748464:+,WTAP,G1175,development,6023f537a96c78f8dd655f33d22f530749bcac6c2952597fb4716b7646dc7450
chr6:159748470:+,WTAP,G1175,development,510c85396e960955737642587aff9e2fe5a9febd3ca0c39208cc22a5159e80c1
chr6:159748545:+,WTAP,G1175,development,9c4b71bf51441fd9283c57061932681705d5253e945c0c66e8b9d84cacf3b2c7
chr6:159748652:+,WTAP,G1175,development,8453631d7853755f7bba9b3741d764c8acf24d242922588b44d2ca4fb7454de6
chr6:159748660:+,WTAP,G1175,development,510ef995df13396d62bc6751f2ae3c0d1109d215b0c4bbc29a77655ec9255c10
chr6:159748849:+,WTAP,G1175,development,748410c00376fe08b1664f1532ae50a35282f5121ac52523137fe2e3bacaa38e
chr6:159748857:+,WTAP,G1175,development,0c71c70d5c0ca50b0d426a4a4f66fef23da35dae24b613e5cc6005c84c033b0d
chr6:159748884:+,WTAP,G1175,development,61bfa087b59c7147571093c1d401639268cd93039379a683da6d1c26c58be98f
chr6:159748891:+,WTAP,G1175,development,46d14f121190e1605f1a577f1e7f06c5d48c19a6d3c90e3730e382c2e607fdc5
chr6:159748910:+,WTAP,G1175,development,cba3d8b77bd38c58155868addd94cb3e0b6b9cc927f172ed7632f98fb2ded2c9
chr6:159749145:+,WTAP,G1175,development,24492ab0e2816ba264191ac1c198fd6e6be32cbc3673a2256a73e97ea7fbc14e
chr6:159755279:+,WTAP,G1175,development,b614ab8a57103ccaf723036e03fd0d6df8dd0109a8a4ef39a18edbf066d54437
chr6:159755325:+,WTAP,G1175,development,7b7e0cd5d772335db4b98de222512d542d38b435729a407df13bf35f864fedf6
chr6:159755577:+,WTAP,G1175,development,ffebdb44eeacca469184ad0ac852ad5dc607b4d897b0fb5ba7f721f8a7b62c87
chr6:159755854:+,WTAP,G1175,development,0d91fc2589450dd169fbedf834443a750b335c45aebf70a5d8619c39cc887819
chr6:159798146:+,MRPL18,G0593,test,cad6e96aaacfb3ee2115939d72009daf487bce0cd5a84077a48bc5dd3699fb0b
chr6:159798300:+,MRPL18,G0593,test,125cf05c7125cecc1a1ca8d0b15e0b7ac746ce103253e336b4140a48300e0ac0
chr6:169703250:+,C6orf120,G0114,development,bbcf3d00bca7b26a5f96a62784220ebc6404caa52a1edfe9b0a076ecabb89afe
chr6:169703270:+,C6orf120,G0114,development,0c5d8592d287092d5d45f73a55f2e21e2394fd1ecfd8f33371e585c63c649793
chr6:169704135:+,C6orf120,G0114,development,b7d2c845ee7947e00080b1d37a8a2201979303dc92484fc741f623fbab36fe17
chr6:169704335:+,C6orf120,G0114,development,12ca33cb4bd79308e4f522a33feb842eed26c1e1c2ba472eb203fa6ddacd6ded
chr6:169704424:+,C6orf120,G0114,development,19794f43d56739d28cf67058b81ee76acd4a22a8222e9515572c6d127f9a984d
chr6:170535224:-,PSMB1,G0792,development,f82123985a0a2ce95728135d420ad989434f9d3d9282e934246bd328b9653640
chr6:170553202:-,PSMB1,G0792,development,e97a43f48b8627a8377d860667943459fdde2377fcab4a1d58cc32b2fd335c84
chr7:786179:+,DNAAF5,G0279,development,8a98a15b3dc230f6f629f4c4bf7a6dd65fd783c56da9e79a3e5bf1511f6e7614
chr7:1567547:-,PSMG3,G0803,development,4acc9d10349e967755db85baae2566243190e647d7768a6c5d42d914a2462c4c
chr7:1567564:-,PSMG3,G0803,development,e313b3818cef2fc48e4c3914d35ade9b3b8a491b0cfa572f49eb1323669ca91e
chr7:1567598:-,PSMG3,G0803,development,661e31ea6519dcceaa165563bf2e3706fbc19582ef08fc14de638cd1f8bbe540
chr7:1567634:-,PSMG3,G0803,development,c3246bdbe44d7dab6c0fae246d90d27eee0bd0bbdaf343fc7d895d5abb602e03
chr7:1567664:-,PSMG3,G0803,development,904d5ff930e78c4539876e7255d6d6eb4115319e9014ce290c56ed100d100544
chr7:5527533:-,ACTB,G0012,development,44c4ba10ca974d8e6b22135cefab75c554fd4e564214e481b5a060d1dd505717
chr7:5527602:-,ACTB,G0012,development,bb7813d799ef115c7cd7c34c6c6c08f1f5a0308c399d9fe0acc1e88bda3a2ca9
chr7:5527737:-,ACTB,G0012,development,c7687d5155ca38a86d7d39b24a51026508cc06cf296b37e027f11b83c791fcfc
chr7:5527743:-,ACTB,G0012,development,c9cc074b05a64ff1ce088c00897a56dd72c53a2c64c9306e2be6749eb3aebe8d
chr7:5528622:-,ACTB,G0012,development,740186d14f17b955e335ad34a2529af61d5a1b9f44075c6ed05504e027b5284c
chr7:6024307:-,EIF2AK1,G0317,development,1c39f969ded5629cc7d34e0ec199de473a942bba7e14a49a33c1eb122b102d8e
chr7:6024666:-,EIF2AK1,G0317,development,271983726af81a7c84c0986948f5b24a1078aea8961886f5280f08102662b142
chr7:6402484:+,RAC1,G0820,development,ba30f9556d60317420931a9154794b46dd7bc8ff1ebe2b9ac15b44151e0f294a
chr7:6402812:+,RAC1,G0820,development,f121c396572efa31fb2f13392dc139770848550f6187623d5300517e79794c8d
chr7:6402985:+,RAC1,G0820,development,5d2d5d684d2979382f0685b69e7862494d3e62a404fa5fbe06432c2e14fa2fa0
chr7:6403083:+,RAC1,G0820,development,54695a91499ee473d70456b53284aec3c8ec71dc7ebf7257131546306c8fa137
chr7:6403154:+,RAC1,G0820,development,f9a19d72b791b2a400ffa535c4aa0ff5a0fa243a3f60dbbc74aa13d0246f64ee
chr7:6403160:+,RAC1,G0820,development,1a2a7489e93c4c52a8272dc757008ee3d8f37eeaa2c0de38a80b638be1371a5a
chr7:6403775:+,RAC1,G0820,development,c1c1c9686ce442803ed80de1ae928c2068303848535c8dc537e3475deb417c75
chr7:6461200:-,KDELR2,G0510,development,5eab0602e1a4108f7953e24e3ff6fa30438b7b449f4905df60bb5df09441f458
chr7:6461208:-,KDELR2,G0510,development,5c14c80fe48a6d980e1092a62da1e06c6c62ee2427614cb8129a72caf186ba7d
chr7:6461235:-,KDELR2,G0510,development,aa451990a61a7cd434a843bb7b7ac877a9bd8bdf2c8f10d7da5ad22387666e96
chr7:6462554:-,KDELR2,G0510,development,5afdc0461dd4caeeeec427fb148420960a36b8b048e4fa0251d9144331ec49e9
chr7:6462655:-,KDELR2,G0510,development,ecb0b4fff70313d94691d5fb21945c426b9b0cff6dd788cbcce3c670a80559f1
chr7:6463039:-,KDELR2,G0510,development,a50968ad22415ca19a2c680356338b3ab6adb0218c5d03790edc4cbf0718d453
chr7:6463044:-,KDELR2,G0510,development,cc20ae40630a7f44e80cb7ebed183581c411ed0873d2bdb2040ad4217646ccd6
chr7:7640435:-,RPA3,G0859,development,2da8b059f782f72c168b37075830bede3772cd911a49defde02896d0af2993e6
chr7:22813088:-,TOMM7,G1086,development,99402bff3eb6a4604d97f2a3f62012137928b1a4979f4bc1f08322237ff74edb
chr7:23300905:+,MALSU1,G0549,development,6f8b4cc5b6ab5748d5b4f3cf03cda37a8984e266f4ecbfd046822cebdf3ebf2b
chr7:23309421:+,MALSU1,G0549,development,d35969ab2c82dcf67894dcece84bfc420711d00aaf01d0f1ba6b2f8e78519f2f
chr7:25123552:-,CYCS,G0246,development,335fc0496ec265b5b02ce29a60b50c1f23bfc7a0a87264e3e672bca8b9f779a2
chr7:25123595:-,CYCS,G0246,development,d57d67af8eab1afe93860393b975263789058f5aeda819dc51a80bcfe4d9053c
chr7:26200746:-,HNRNPA2B1,G0458,development,b47d393e16fda7c74e5f4eb1c429cb5f9d628f416aa2e4d9f827a0d9a8995112
chr7:26212169:+,CBX3,G0136,development,f3b3af78bfc044be0193cfa17a3a8922b8e2506ef33fc99c6ec49044f0526992
chr7:27141243:-,HOXA5,G0468,development,4f78b4709335611acd1698dead84b9282f7bb870b61f13b3e1ddf053e5d37048
chr7:27141256:-,HOXA5,G0468,development,b832ccb65447d1b24e2ffabd91e392bce4fe9f88c92ce9442b92885597980bca
chr7:27141297:-,HOXA5,G0468,development,ae5afc59727ea13ead4ed4f76670e1954316d2b42e436ff0660526df3058b1a6
chr7:27141311:-,HOXA5,G0468,development,2562364a4743f51347aa69af7253d5bfb26222885a1ed093f3e7f5cdc504f5c3
chr7:27141770:-,HOXA5,G0468,development,3af7b6f28e432b64b46e37bdae4069f1af7500fb6adff80af7687b239fa624d8
chr7:27141815:-,HOXA5,G0468,development,1aac551582b591291f15a1dcf2d9920f96b44b97b7b45f051a5dbd7d41d218f2
chr7:27143450:-,HOXA5,G0468,development,984f64a11593ab500540cfd9db2db1c6c38e4bb7687e4e3d4379f8898202e598
chr7:27143501:-,HOXA5,G0468,development,be657a700c680571ca7523ae71a633a4b23e69a60dd11eb1bf65d837a5634082
chr7:27143555:-,HOXA5,G0468,development,dd6e07ce6712fa02a9b2a520a9910fc63f969ece3c63f8c06e2f6dc2ad1fa8cc
chr7:27170922:-,HOXA10,G0467,development,886a810c2c03cc1a387d19319cf99336c159977f183ebeb54793c86743b4c156
chr7:30632324:+,GARS1,G0382,development,8e9d36bec98bc5d369af86b2d1f0e8325a8200a898976a4e47aabceb7a61c9f6
chr7:30633831:+,GARS1,G0382,development,802c2bf832314be143879a551ee0eb5713387871c4e936916f0abab93bf07337
chr7:30633846:+,GARS1,G0382,development,7bb292fbe4d1c05eb234497b618f6ef3cc8b9be091f83a821fee13c55cf5f650
chr7:30633863:+,GARS1,G0382,development,0159487ba06d210721c15555e68e5aa226326a292a6cd04bf9f86ebdbaa9b0c7
chr7:42917563:-,PSMA2,G0789,development,0e3e65af4979c6a45d7b6ac9511dbda867053f96f429bad7b30a15e4f9957f37
chr7:42932377:+,MRPL32,G0597,development,fbb38fdb1cbcd9d65a8d3ad34a47c25f4eebbde15f1bb5b49c405e6566ae3cd8
chr7:42935042:+,MRPL32,G0597,development,5e08cba7565778e4921969a0edfeac4f2b6347836090e4c8f6726bd9ab4bcc8e
chr7:42937409:+,MRPL32,G0597,development,710b69e86f0c1aecd2ecf427c6fda12b906e9b1ba012665bcff65019a62bfe16
chr7:42937475:+,MRPL32,G0597,development,22338d1cbee735c755c1f9e84a6be62648a90ee4fd9a1df41e9c3a71d365a5c2
chr7:42937499:+,MRPL32,G0597,development,588406e834ed5429eb3e9a16c095930d89078456d889e0e1c38bf6966f8a5bd5
chr7:42937542:+,MRPL32,G0597,development,24a1d6427d2a4c7c48e24c89a00ec31e08f8c5da7ab91cd14e870fc34cdf6fa9
chr7:42937576:+,MRPL32,G0597,development,908dd0deba7771d3b8b435f115e8b7be1447c2c8d095057fe1ec09dfdc5ee5a4
chr7:43866734:-,URGCP-MRPS24,G1152,test,c403ef77877813655e0563debe88ad039f2b121bccaff2fad952d1c6cc1a6126
chr7:44579309:-,TMED4,G1065,development,5ccf68187965e1a6754961af7c2bbba86a648b051ae8f8b460d3e2097e684059
chr7:44834449:-,H2AZ2,G0429,development,23198f7a0965cb340c340390ddbbec410cd936bfefa6c76820be6deaa843ae1d
chr7:44834461:-,H2AZ2,G0429,development,ca8d37f3c42f210040f283d864dddb5912ecbf9dd25eaf4652e5faff6d3ff9f1
chr7:55953268:+,MRPS17,G0617,development,ab1dfe7c4d9c3029d34d3a2c33cf9dbfd1a7fc38ab966db83957f4b6c2c5894f
chr7:55955025:+,MRPS17,G0617,development,61142baaaa4444a07505c8d23866ec4e93f1b2c8970ce9602eb59004add7bb31
chr7:55955154:+,MRPS17,G0617,development,4f3f1d156ac416b7903752da89b365a93830c3046edcfc626a35e81c493db9ce
chr7:55955262:+,MRPS17,G0617,development,9f9250e9f9c1f669aeea8d944d4390b26c4ae50957b5d1584824af96c06ab58a
chr7:56063212:+,CCT6A,G0148,development,354ce090814bb4beec79d4cef9edb5eec0a073400437504b6ce764a5946e501f
chr7:56063572:+,CCT6A,G0148,development,794864905ac48dfda12559cc22832d31f50e95d5da0db9d9876acc63686a9935
chr7:56106476:-,CHCHD2,G0180,development,31c3ba44cf051d233fde6aef565220959b71ef6e270d8ab07fd78b45cdee57d8
chr7:64141644:-,RPL6P20,G0883,test,a6336c7fbbba35810671bba93baa87d600c4365ce1a3f75c5a8866c9e69b22d9
chr7:66987849:-,SBDS,G0917,test,18c944659337c22a3e763b3f46ad3962eddca2838583a0a90e5a535d71c7bb84
chr7:72836833:+,SBDSP1,G0918,development,5d98ce23ad32f60c1b74cab719f1c55579790bdeed3b6e0939e6b99d0a44b2e9
chr7:72837223:+,SBDSP1,G0918,development,c9aad3117d370de1f9350de9002e62d92ce22098aaf6bee94283ca4063cd5918
chr7:76048905:+,MDH2,G0564,development,112f0993516bbf49aefa2541d7e28a2430775fc84b10b809a92bc653f22daf97
chr7:76066482:+,MDH2,G0564,development,19550b46db331a268857dc3b8c0edd74e5d16d041ea530e450045b50500026a3
chr7:76327468:-,YWHAG,G1188,development,ead6dff75339577a46f2cd8284cac2ee4179cbf7585d0fba6e7441bdfa51d55f
chr7:76327833:-,YWHAG,G1188,development,bd604bba8d85358d90139989041fdc8273f6059aba9bfd04f0cf0940776d7279
chr7:76327874:-,YWHAG,G1188,development,e44b3ef75f3710cccb2e884c3f13bcf5d81378e8c744adc8128d2f35431789fa
chr7:76327935:-,YWHAG,G1188,development,f7239980112fee38c85557912031a20114fd119a3c3202d00e7b591d198213e8
chr7:76328350:-,YWHAG,G1188,development,86d3843de36bd364c2478f788974b00c5fab2e3393aeab5bf718cc4b8722b42d
chr7:76329086:-,YWHAG,G1188,development,bd9bce385397f128cbfd35e544985c098f87c414badc6414b51a5dcd58e79d0c
chr7:76329094:-,YWHAG,G1188,development,60f793ef93b7085711f58acc6fc0871204dfa0ee2ea27cc14b7862f3ea12db27
chr7:76329344:-,YWHAG,G1188,development,d54fc9df8522fdb7c23ea4981dff3afca0cda111c174b3d789bf9d4ca74e7ca0
chr7:76329425:-,YWHAG,G1188,development,de99c319611d7c26b5d25a0677e32716f424e1332efdd6ff4b08bb530964106b
chr7:77793882:-,TMEM60,G1076,test,40e6c6653bb6310f53d1ecbbb52112fd2579a9d6bd460fb5cdb4b723cebff319
chr7:77793976:-,TMEM60,G1076,test,e324d20e7c8c285c5700720c6464b02620088c16b99946cf2e9aa29464d37328
chr7:77794005:-,TMEM60,G1076,test,144b909e6f6493262096f3e86a57becaf0c950779cdc6c6393992b6d14356006
chr7:77794077:-,TMEM60,G1076,test,8b8557e9b5035826c4f94d122ba416962d81b496dffa7606fe854535664426bb
chr7:77794083:-,TMEM60,G1076,test,4cadbfe030d479e994ae2df63ef1e4451bbc58c8a92c2a69751961f609101bf2
chr7:77794119:-,TMEM60,G1076,test,c949353de429a666872b245988feb050f0ee79e47ec3ae09138d8d8fcdba6e7e
chr7:77794235:-,TMEM60,G1076,test,466d23436b76da814d4aa696442aaa0e4c4cc7817a1d5d5105a4dff30c629a5c
chr7:77794296:-,TMEM60,G1076,test,dacb64f29e53a845137698806eef4d80aa5835ea59bc27ebd65f228e5258ccc0
chr7:77794382:-,TMEM60,G1076,test,f9eaf7aca8f11455217c5ec8db4e5f91b182903c13b1e16bfe949e73ceb8b9e6
chr7:99466164:-,ATP5MF-PTCD1,G0065,development,6a25e7b8aab510c8c447a53d0e4c70d5b2f9d65897137ef011aa662e8a5dce60
chr7:100091814:+,COPS6,G0212,development,c9ac14765ec068747c9875029c2f1e142c786cd3e7011971109a037d57852f95
chr7:100092061:+,COPS6,G0212,development,7106a1e9345e47ad4428e8d4b635b9cbac78e31b01f10ad6b54cd450f292cc4b
chr7:100101379:-,MCM7,G0562,development,1d23bb25ab6b67a4068cafc15938a937dff4ed99447093c9b4d39709d8eae45a
chr7:100706937:+,POP7,G0764,development,2e4bed07f1caa643ae1af399970ce9f2971bbcd7802b21504ba822029c8484dd
chr7:100706961:+,POP7,G0764,development,380704b892bbda16d59e9e5ddec006a54c04e54052f37effed1af8b8be93f7bb
chr7:100707000:+,POP7,G0764,development,a8bbe0bb65510eda9d5569eb10c57b65a72f187c0d8fc156cda73c9bd5b59311
chr7:100707173:+,POP7,G0764,development,0a96edfc7555e945092e827b534a923cf117da388920a2c5205268b8a6e51568
chr7:100707262:+,POP7,G0764,development,22f23bf83c1d9321072d8b5d7bc4a4b6e2791001ee03da91068f8e2e5f9360fd
chr7:100707311:+,POP7,G0764,development,990d79063b5fba4c1eac646ff64126423e8e6c9cd49f45ad018931a1682e511c
chr7:100707316:+,POP7,G0764,development,0276cf71e194465932e608d05d73a5fb7e1546a4026167a9e625b9e9da2d5ef8
chr7:100707368:+,POP7,G0764,development,980c8118193f436a6ddf690e68c3e6ca84e3db0ae83727d6b86081b5cd99d730
chr7:101160847:+,AP1S1,G0037,development,85ededa59e93010ddd7f62e702ed9b3996e7781cac5e9247474faf5f933b2569
chr7:101218181:+,ZNHIT1,G1204,development,c9178fb73f4da4e5b26b207855ea83181fd99b0848c3abb393f48b1760a36cd1
chr7:101223950:+,ZNHIT1,G1204,development,d5d69a392b79b9626419b364a3f622a2b1808a8d11287b94fb8624bd9be12aa3
chr7:107919360:+,DLD,G0275,development,298d09bc58544f5f7b0a2465d94a30f5582555cf103cd1767315485d60a5ca66
chr7:107919373:+,DLD,G0275,development,004ec6f9563f12dbd075228f6a82ae1930fc20773a57b58dfc35f544a40419ed
chr7:113117399:-,SMIM30,G0974,development,8f29ea067da86c1cf36fac046f915dbf1d3a3d48573e993a4cad7d7d5d5eb00c
chr7:113117408:-,SMIM30,G0974,development,6803159cc68d6ab7f75d445294dc7849504352eabf20218ebf6a087d370d4b9d
chr7:116917873:+,CAPZA2,G0132,test,fb5321c7843290d9190171c8a07c35703897ee29e81037575c7dc4e3ecce6e08
chr7:116917936:+,CAPZA2,G0132,test,f086c4cfbe78de989994176d8b372ae9e0ed35fb7135dbd28e41a0f462b3582e
chr7:116918264:+,CAPZA2,G0132,test,fd34bf2da90da6cb72ea9cba06ff8759bf42a1747eb4c7505054e2fcde2bc192
chr7:118184132:+,NAA38,G0640,test,e623d35f5437133feefa537f69b922dbdfb40120db5948c49a9839f3857b8277
chr7:118192022:+,LSM8,G0541,development,83d529b0780394da8bf3a65d0b83f5d04f4f2597394998da2a386eec003cc6fd
chr7:118192046:+,LSM8,G0541,development,57c5ed40046412c3225d6f7310194eeeaf61241920ce94842d82089c4bc8c707
chr7:127591516:+,ARF5,G0047,test,19ad06ae9c34a743adeefa920ea736c8b0153f8ee220ca75c5db4cd88033ce9a
chr7:128092368:+,SND1,G0976,development,e59d5590e69b6c673a6ceafe3e4163b3050a40e06fcd58c82ca83843167f8d7e
chr7:128865526:+,ATP6V1F,G0073,development,8e7ec78f16d51b6c11c68644cf990ee111f646be6d83f313058faaf31f5814b8
chr7:128865582:+,ATP6V1F,G0073,development,a5bb29d6644468e70c2a72a519b329af7f48b08dc1cf8351f8efa3d58e5ccd82
chr7:134442626:-,AKR1B1,G0027,development,8b0413c0a90d91fb998ad81d8e62fdc498256088dded1de7d37f988eca990c0b
chr7:135602886:+,NUP205,G0698,development,8fef4ea833cf49910b387fcb6e3a0cb04f069a6c9064a3f982cc4ae6d65f9daa
chr7:135674131:+,STMP1,G1012,test,bddfa31d4ff79a6bc8ba3e14a51e1c08d5e0c929a920fb8773f0ac08f4a3d224
chr7:135674167:+,STMP1,G1012,test,da489b6bdf4884de19fd37d870e4927b1250d011c03016598141945dac9a78dc
chr7:135674337:+,STMP1,G1012,test,d2cea89cc5b1a130d459d39bd281037afcea0d65b5d055d91f1ff7daa97f3894
chr7:135674406:+,STMP1,G1012,test,b66ab8698e36a527d0d7f4d651849c085bb53b5c8be8580392759993f4571a03
chr7:137722672:+,RPL6P19,G0882,development,e4f577ee3403f22183718d699a1d10402b642c168b85305c528b99bbf9aec0a7
chr7:141006312:-,MRPS33,G0624,development,d3d8e4dcdc6bcf7b72bb7eed110bd55c9fdd7189cbffe8140e67c9861442126f
chr7:141653165:+,AGK,G0021,development,034c851533b2742bda0b33c8ab832dfb8094bd012628e795b1b9890c06fcbeef
chr7:141653197:+,AGK,G0021,development,88168b1081d9cbeb9030d6dace200f17c4264c828d5be462ac81bca86d646d56
chr7:144648186:-,EEF1A1P10,G0307,development,df1db59e02f160a1a25972334eddfd11b7b24ab21840cfc4e722723fafefcc3e
chr7:148800601:+,CUL1,G0241,development,cb66139f024ccc11ed2a9a5be1e5038992ccbeae3cf3d61fdb86fa3484a5d8f8
chr7:148800698:+,CUL1,G0241,development,678c19b166e3b8c1514f2c070a5588fb3bcaff914754dab13f74dfbfcc38f0bf
chr7:148800710:+,CUL1,G0241,development,5048982ba68814b7e50791f989b450c4dfe6b77b5ff8da4f7b2c8bd090fb9332
chr7:148800743:+,CUL1,G0241,development,7daecd2729121c684f17e8c77efbdc04e053172385983ce8c8d2554fb5b53d7d
chr7:148800753:+,CUL1,G0241,development,74c339d98c3f398710fb0ecd2a60a2f0767be88be0d00f4dee9c4d2698b9e5e7
chr7:148800782:+,CUL1,G0241,development,f71000fbea69096f292e610b120d3c94ec3feab9f5a1f67233b493fae90b8af9
chr7:148800811:+,CUL1,G0241,development,bb11b5fc849693d9a500aad0c171235a66fccb50f9467c82bc8db4dcb715e892
chr7:148800820:+,CUL1,G0241,development,231733ac2051aedf56725b0bcb10540917f8c618d6aecabf7a0420561a28c20a
chr7:149003617:-,PDIA4,G0725,development,c020e62a81cc6e9a02ea30f1743005e8d696853ac0cb89167ee13c83020ef92c
chr7:149003706:-,PDIA4,G0725,development,6de80c86aeaa175daec5c7c12fcfb1df2f45ce4d15268502fe168b42850a738b
chr7:149003811:-,PDIA4,G0725,development,0a75dd1f1eb596f473cb1f1dfab18e13939ae0982736ac07fa717169366113f6
chr7:149003821:-,PDIA4,G0725,development,7489a04ee493ef0a63b06586e44f52b15392ac242b94df231eaf8c9a5e926daa
chr7:149003833:-,PDIA4,G0725,development,22e4d166cb8d0f7db95cced32ea6e6d5b02b731dee71bc2b268ab41cc1f05888
chr7:149003870:-,PDIA4,G0725,development,e36700dfa61e161628566e665b71c0ef783367310d4eec5761d556e6a09b8026
chr7:149003894:-,PDIA4,G0725,development,8af2397d45ae46d98db8471c78e5ba61f7260688afa91d2d1ffc5304843e4370
chr7:149003903:-,PDIA4,G0725,development,4ddb81d570a74855a98cd7f4475967ea09a3e3361e98e343e9fa1293813fdfc3
chr7:149003981:-,PDIA4,G0725,development,b56917716ca482d6745fd3b4616cef88e09089a60e3ea4fb0fb401ee3b0d7427
chr7:149004098:-,PDIA4,G0725,development,9631f4c125a76fb1cf06519dfdece6c32e3974b130d847b1793a91cc010cd474
chr7:149004110:-,PDIA4,G0725,development,9f5aafdc6e8c93175806d62ba8448bdb80494f65b62b6b2af4b0af9ada4ac5a8
chr7:149004157:-,PDIA4,G0725,development,bfb9e1a4a203c71e3c4268dfdad4ab778cf8ff94724f588e727c6b50c2032cf0
chr7:149005293:-,PDIA4,G0725,development,a6b5b93de54af48fbe362fbdafa685fa3dd9a116f9e1406159510a7cb52d6cf8
chr7:149005332:-,PDIA4,G0725,development,be8cef915489f9f0b88bebb2178a8e59ec6134463592b03892650053194d81d3
chr7:151053942:-,CDK5,G0164,development,cc5510f7c81f642008ac6ed6e9148997a298cd1b9f02af3a479d62b81c56188e
chr7:151213725:-,ABCF2,G0004,development,4f9d88c4544e74966913d6887a57e0792af9263fa9ca00065c65973821db1c97
chr7:151213825:-,ABCF2,G0004,development,9ea4ac7c7a3a7cc698e111dfe257c5a53b67608cffea934c659473299aeb52a4
chr7:151213878:-,ABCF2,G0004,development,b70977820da16c5fcebc52d0084ed63c0f2f3e21d432570c16d911f10701a51b
chr7:151213976:-,ABCF2,G0004,development,cb15e76c1f80d48a8d73af65a9801c113bbbdde748b68a9695aac8bb542b6db8
chr7:151213981:-,ABCF2,G0004,development,6349fd88518dc216049b3585755af3d6ae6ccfb17c47b1a6ba16f2c6c07eedb1
chr7:151214014:-,ABCF2,G0004,development,59e15c605edec9929840f40c5b12aa41c62971712afa9efc1d6c6434fe7d369e
chr7:151214068:-,LOC114483834,G0528,development,b461b248895d1c8b058705dec3db376ff3896c4e27de952ea69b2ffa5c12817a
chr7:151467098:-,RHEB,G0843,development,2e292500ae289fee4f9a748ba191d1d99cd32655c8fc1792926c43ffb2aa0f58
chr7:155309598:+,INSIG1,G0497,development,d8b1f5ab3da2fc8ca1d0ee448c5f560755a9f89061adb4e8f7a930ad522e3bc5
chr7:155309947:+,INSIG1,G0497,development,806d31dd51caac06ab5fb74f18fcad53a6014673c1e16ca35cbb2bf924535692
chr7:155463004:+,EN2,G0341,development,356824c5c0236691f28ae7ef0f8446c2df18561947d1de5fcc42dcc4b64af3e2
chr7:157385710:+,DNAJB6,G0283,development,36c65441c0028ab415e5334e8d9f36ea112f19b7976731d44620bc0d67eea00a
chr7:157385735:+,DNAJB6,G0283,development,73bdd0adc679c7afccea351436cfb8f4cbad3576609ad466b154bcc8108d5b2c
chr7:157385804:+,DNAJB6,G0283,development,fc9e7f6775deac248cd2da1c5334347a2765ac7fef06bbb50b6d696fe15886b5
chr7:157385825:+,DNAJB6,G0283,development,3981c1503291ae4418131eccea3d34fbd7d6eac06b32ff17d185ca37817b4349
chr7:157385966:+,DNAJB6,G0283,development,8e69fdb49e6b38ae653238828fde83271b73cea2a7fc2c11e9a42131b044b7f0
chr8:30352615:+,TUBBP1,G1115,development,fae8a1bf920c77a8628879208b9b3ce83fdf7c296658e1f56f11d75f78541f2c
chr8:30352871:+,TUBBP1,G1115,development,51c0ebb9eb12369264e0d5d9e33f02fa49091d5f29dd78345270fe2bc5f1e90c
chr8:30785972:-,PPP2CB,G0776,development,a45f655608d88b71ffb1473234a15806e26962d87fdaf578e00453eefd89b30a
chr8:37697275:+,ZNF703,G1203,development,afd8f1849b89b10c1b292a55a223172ee335c5526c9f6ff42c37993c524c1d04
chr8:37697350:+,ZNF703,G1203,development,c5c5edcf81a159122fc2cf865bf3d741565111d3ff35b6e1318a73861d5d37d4
chr8:37697407:+,ZNF703,G1203,development,c8a38bc44f9a0e7c76c91bce84c7ea9bc2ac7bc5ecb5c5f5564972f1125cbfdb
chr8:37698253:+,ZNF703,G1203,development,a992b304181998fa99b5f6500e1e9db47b0144b2ef8be2176bd4aa9a07b4b6bc
chr8:37698257:+,ZNF703,G1203,development,198472e607fa91afcdf89bbbbefbb24e15ff6812a27cd563b6b2de685ee65f72
chr8:37698348:+,ZNF703,G1203,development,3b4b20d40deff966fe8f01b9cf491fafb75abd39d67815ab4ac39738f07e59ca
chr8:37698377:+,ZNF703,G1203,development,1947968f247648a319de3dfebb0304fb57ed6f646dc9c8736bea7e4adea4082a
chr8:37698605:+,ZNF703,G1203,development,1dc7287bf64c88ae3df7cc7e882f110cf4e6e6126e75b294eb870842fc7e6c92
chr8:37698635:+,ZNF703,G1203,development,7ae4a73620788ac903ebc36ead0db451b133672bbdade2c211471eb58fb4c73a
chr8:37698641:+,ZNF703,G1203,development,61db3de2ce82bb461ed8b2d06594ef1ae4b29a64da3f9ca617516359316bcc1d
chr8:37698811:+,ZNF703,G1203,development,adc9879e0a5ea9049b81ce4b321745b87e4c4df72f6d748cc6f1ce0106837ef0
chr8:38030525:+,EIF4EBP1,G0332,development,697644bcec0cdbbaac8c1a4ce7804f54b9f6bb3bddbe79c712d773d2fef2a35d
chr8:38030534:+,EIF4EBP1,G0332,development,6732adbebe7b66aaad7e7cd70dd65bb28413a021b8eb346152867d0c5b1e660b
chr8:38030539:+,EIF4EBP1,G0332,development,14d1861ff762c6e2278ccfc1e63f38be5e688029e97104ef9c26fe62a3e8c03e
chr8:38030545:+,EIF4EBP1,G0332,development,d8d58c040ef5af1f3a2d4f987f437ae4b1854e388b246bfd1cd58557c707d860
chr8:38059928:+,EIF4EBP1,G0332,development,dc254d21e3b0a25c532d2db8d502284af7eb25ac467fd83e0750be158d0bd1d0
chr8:38060054:+,EIF4EBP1,G0332,development,4c971a14d00489f02541e774021fe1c5f43049426f27bfbdbbb56dab3480e912
chr8:38060209:+,EIF4EBP1,G0332,development,78fe0cee5fce51983e1b0db1b5acb53fe84d1ad924937501fdac4e96d60fdaa9
chr8:38060219:+,EIF4EBP1,G0332,development,e657185d4df5570811a7b4fec286e058de85dc302b1f9e44e8b6efc7b1d19256
chr8:38176283:-,LSM1,G0535,development,66869fca895e63526de5f2a1b7cbe42da50c10289864078ca4cca44ad2c403e1
chr8:42401994:+,VDAC3,G1164,development,cc4734d17241877e15373887dba51bf304e50dc5ffb79e292272523f366e4542
chr8:42405450:+,VDAC3,G1164,development,aeb59883bc028b9a467285ffb30b672a1853e5246c5d3ef858aebdd04c813fd6
chr8:42405513:+,VDAC3,G1164,development,50450fc5a065aed54c8cc63a488a0d258df4a6025a944167f8371e650f5fb9a2
chr8:42405564:+,VDAC3,G1164,development,01519c66a0153a08db6cff7234eb6edc0255331dc332e265c84f7acd556de57a
chr8:47976752:+,MCM4,G0560,development,009d18bb514445aedc9e405223414d70204cfb0020f6723b5661d77e2075177e
chr8:54147455:+,MRPL15,G0590,development,9f9713be0425805e513c643d9ed1d7e57ce8ccac90da6f8dbf2303b20645e208
chr8:54147484:+,MRPL15,G0590,development,9700ca352f491ca5d738fc8ee7c3e369698cc20bdd48c2c6334f0d03dbaffed7
chr8:54147533:+,MRPL15,G0590,development,cf5f937f703e33c15bcbd685cbc8ed25c4f522c775e477f2487fcf36e75b68c4
chr8:54147581:+,MRPL15,G0590,development,c03707711bacdbba2ae856d843992cf89031aa0e3b80c746cf5a78b15475316f
chr8:54147754:+,MRPL15,G0590,development,61d8413ef5218af66323813c10d404655e7c09b773fdec3fdb1b1050fcc6c5c6
chr8:56963655:-,IMPAD1,G0496,development,290759bda84cff895c3e4913c5f96ea248e09905502a37f5b1a8020dd9aa4900
chr8:56963685:-,IMPAD1,G0496,development,450b7346c6f17465368b5dadec13acce34bcda81819cd90e4a81178a5e16c0c8
chr8:60621659:+,RAB2A,G0816,development,a4cc957c0f70ba8687fdac1d91cbea71b15c424220dcf9f33dc2abb80e6f025f
chr8:65603691:-,ARMC1,G0053,development,0936c48744963b10421b74c025b82e0363d1eb32e238a403d9590fb115706823
chr8:65604245:-,ARMC1,G0053,development,860d34d415167d257cf874de501c6458da2aa4d70135689f09249796b7bc7fc6
chr8:65604329:-,ARMC1,G0053,development,c83e3dc5501bf37e721ca5b1097ed7af1cefeca70095d68627f3e1aca47fc69e
chr8:66429764:+,RRS1,G0905,development,8c14108ffe1d062d6c23d964cd61448f3456f6d5d676a8519091cc14ec7f7b20
chr8:66429910:+,RRS1,G0905,development,88d236bcf3281fa9c6a21cf082931ee81723474e05dfb05c4964d5398751bbb7
chr8:66430390:+,RRS1,G0905,development,cb9cbeac99aa51acdffe4739e58469f833d49a78e0e78d71dab72c6042544575
chr8:66430423:+,RRS1,G0905,development,7d2beca20dd74469237ea2f8b1c45a7db68c9c2c181ff1fd33c5560ded03b372
chr8:66430439:+,RRS1,G0905,development,9c81195da48e483dde57e428356977a16e7a91f01d805576a21eea13a0731aaa
chr8:66430570:+,RRS1,G0905,development,26de9ea060675354b1f3cb99de6ca628c82cf1e187a81f042d850c34466b4752
chr8:67043260:-,COPS5,G0211,test,b4e3511b7432955979029d9db7745d01453ec8239e4449874803e78d1b9b727c
chr8:73981492:+,TMEM70,G1078,test,647e755b34aace17aa27d0f7260b7fa5136c0c6130a6e6f1e81d401b7bdae393
chr8:73981530:+,TMEM70,G1078,test,815cc033471eee2ef515442b815d801aa79bc393a353f4dab2a0fc7cb731cd8a
chr8:79764204:-,HEY1,G0439,development,867e297956354b2d959a0cc4aaca997be755104c0fa9fe4728c27bf7643c6f67
chr8:79764263:-,HEY1,G0439,development,1ae364e3b45047b5afc1928f717e5994944f343d4289c0775f5334f985d950da
chr8:79918975:-,MRPS28,G0622,development,72f307be4c617c1000846c9a17db96ed657009048411ecc1c72b722833205587
chr8:85480872:+,CA2,G0119,development,fe7ce0f36642f6d1e1a40cd22335681747986ac23ce6b53fc276845a8761aa4a
chr8:85480925:+,CA2,G0119,development,0d84a31193cfab0e799c20f690480742585a87ddf4c42c81ff3ae15dc05cb355
chr8:90958933:-,C8orf88,G0116,test,e2cf82f0c7a87899bd1a9b7dca8c9c066485dfe591cb80f2c7296aef57bdbd7d
chr8:97644529:+,MTDH,G0631,development,cbbb55e54e9b54d640771913e78d0a4b06422a83363d2741d44b046cf4a2f225
chr8:97724691:+,MTDH,G0631,development,f7b1c00013ec55a42e56ba671c1fd17f264eeebc6ca56be9ae24a10f44a5bbfa
chr8:97724794:+,MTDH,G0631,development,4b6d6d496465ebbc9fb08e9e515e2d2eff6ebcad6fee5a108b06954fb7f42b47
chr8:97724801:+,MTDH,G0631,development,22fa83094c86234da14aa3047d51cc72086af185239ec487b88c9fe8a4308950
chr8:97724880:+,MTDH,G0631,development,ef497726a0d343c06d452a599c75e82a0126059a2e464cb610db0dcce5767b59
chr8:97724906:+,MTDH,G0631,development,54b491b4efe6c1bcc7107d09b9e81e02eaaee2cceb7623da1b101bb097f1d9b5
chr8:97724912:+,MTDH,G0631,development,abb1ceedc0740e51d3f85e1b76b899391859862b2d30f51a39b47bdf8953d941
chr8:97725006:+,MTDH,G0631,development,ec5d735ddf3d286903a58cceaa4ed9beb796b12aee0dc616766a1f5096e690af
chr8:97725069:+,MTDH,G0631,development,56365d000cd9ee836094dc2778f9d45c6622431ec29a14f003748cafdb29bedb
chr8:97725922:+,MTDH,G0631,development,56dc855c878d5d31e3b400eee41667762a7a5973bbe6120585ce1af8409cdb1e
chr8:97726153:+,MTDH,G0631,development,200d7742ba4599573fed0ddafb071b5a058df19b7e6debdada589e114a2e6a3b
chr8:97726170:+,MTDH,G0631,development,40049be7d13fc44c0cf0642f37b2b6095662ef210a905cf969fcdff7dac23392
chr8:99893681:-,COX6C,G0220,test,7c4aa1fc2cd4214fd5dfcebcf44a50d2e8182e4da9449e2309bf174dee31dcd0
chr8:99893707:-,COX6C,G0220,test,e25e7f4ad7d5c47c1b35741ba969f9d88e78920d644c3de7f6cce5af63e3da5b
chr8:100718154:-,PABPC1,G0711,development,563d88db399d11d5f462f9653dca309d48e03fa1745c9a3f35b2e9ebe5f36fba
chr8:108233503:-,EIF3E,G0325,development,f33a456ad56a69f20bab80c6966ebc05d371022e40655ef7c8d843e8034131dd
chr8:116644971:-,EIF3H,G0327,development,385a42f1bac3ddfa515e49d4b736962988b5bc96807199faf85e6ad0eef97080
chr8:116846504:-,RAD21,G0823,development,3c0ed3db77a1cde86c10250534390f720fb5e0a06ef3e58bd893d47f4ddbd03d
chr8:116846639:-,RAD21,G0823,development,480ca2b7a54824a6bfe67bdd449b095875d886e59c093848334a5f79228e4745
chr8:116847268:-,RAD21,G0823,development,076ad273a951e043f7365c33b59b29a075aea1050af735dd53975d973c90307d
chr8:117539974:+,MED30,G0567,development,5fb3993f458a5b95ed8277bdedff388169fd1831c78bada7dbc0a9a37f2f8508
chr8:119834162:-,DSCC1,G0290,development,4e9f5d7b72dc3dbd0751e716ca9aaab13f9ee73e6c058ce880b70084467113c8
chr8:119834868:-,DSCC1,G0290,development,892f624af9cbef23a9659b2f61fb8d4bba3b59ebba9b1b3b3d252534b6fda0a3
chr8:124320191:-,TMEM65,G1077,development,89c5aa35b97f9f54bee5078b1fcad50740646d588f8687217c99006a62f18cf0
chr8:124322110:-,TMEM65,G1077,development,c83db88c124f291b15599063a57ff8e7be050e04d0f8956095649cfe2e393c27
chr8:124487201:+,RNF139,G0851,test,1fdc23dc3533a31f5010355e9acf68a23b7d9dda06aa3484497862d584e5d377
chr8:124487356:+,RNF139,G0851,test,3fd8ebd4e18070b3f02637efe14c92ae872d2122c4d0efe969193875b69690f6
chr8:124487379:+,RNF139,G0851,test,64c59dedec805978054c2b5712883f4c3ab45443990656d99a9f1aa072cc38bc
chr8:124487390:+,RNF139,G0851,test,9f1e4272b164e6e69cdea45ae44abb2a5f2af41ae3e6e617678c62a423fc9504
chr8:124487640:+,RNF139,G0851,test,a7e97697c0af9614a0fd20f3c23f41d821c9d9ac6f981b48a60d122f9ddebcfa
chr8:124999119:+,SQLE,G0990,development,77285f598307eebf32f7fcd92da240e1c8a73ead86eb414ea3430b5368c3e979
chr8:124999180:+,SQLE,G0990,development,c4df7289ad0a1ff6cbd3089ce33cfe16a66a8e65ee939bc32d7a42fb2bfcc212
chr8:124999248:+,SQLE,G0990,development,fc3ec27fd6a28cdbd19be39804ea078b884a7491e9b9801b40149c60b29c79ac
chr8:124999262:+,SQLE,G0990,development,bc826fe2ada7ff8e4649ad09806d3eb9d3a844ad025b116d051eb65b7c26e42e
chr8:124999277:+,SQLE,G0990,development,3e3794efe99845ece8e382e405dc24b5d0a031413c78d11644383d4e51475c33
chr8:124999339:+,SQLE,G0990,development,1c5cf0b26167267657e3a73c17d5125e0ee7f8744beabbbb6721da6cb8d38b03
chr8:124999410:+,SQLE,G0990,development,e7c7d4bdef88c00d1db451b2b9416defdae47df9a24484b85ff89d7d7df0b226
chr8:124999459:+,SQLE,G0990,development,2e3501bd3a62cb73bbeaf3333b66e3e0a05726ec9d6efc8b488f5ffac3e7d213
chr8:125021982:+,SQLE,G0990,development,ae84160cc63ccc70972781d651acd79ecf00f27ae39abb781b3c2a595b4be70b
chr8:125022001:+,SQLE,G0990,development,bbc38bebdf2362f377618edc99fdfa04e71dd04feec460202c8a76bc6a1ec989
chr8:126553000:-,LRATD2,G0531,development,f535c4eed5cce6c4415d6b06597c25fac06364a3f1d94b2017f0cc12aefd8380
chr8:126553488:-,LRATD2,G0531,development,0de25ff1ab5367c883c77b9184b52879c029b5c0cfe7daed8098d877d08e75ad
chr8:126553496:-,LRATD2,G0531,development,a86ffde9c9c40f6d310fcdf5efba0ece40f1a8a5099beab35e8d1a084c8e2c42
chr8:127740591:+,MYC,G0635,test,047f79ca1b5beaf76ae14674630114237a5ab95edf3355d2b1738bd43811064e
chr8:127740621:+,MYC,G0635,test,c31c0498f2d8438990b0fc2801b5562c468bc8766d5db26afccd3fb8e35a575a
chr8:127740891:+,MYC,G0635,test,b7ab80ffb64a550e422360df04d89658554780b8f75a56d0f24328c75fae2427
chr8:127740913:+,MYC,G0635,test,ebf1dc7385262f2b3471ba58500a7ce7b569dfc69d9777d99a31c77cf2828273
chr8:127740928:+,MYC,G0635,test,95212c3834fc0892ee11cea5e5977dede7d656fd5b34bf581df346631b78bc4e
chr8:127740934:+,MYC,G0635,test,bd585da859c510f8e8d9720204ad6de06bfbe448664898de377523782cb319b4
chr8:127740945:+,MYC,G0635,test,eacb4e4e407544d148409d6862e422c55c1efb148cc8129e57a6db848217be95
chr8:127741016:+,MYC,G0635,test,2bb8e291b59942adbc240f21e2317aed404d43a87699e85e745e716d7b4286b5
chr8:127741071:+,MYC,G0635,test,309331aa51ea6c897480d517e5dc8864e2d50128b916e1bc2c74e2ff50220a6c
chr8:127741096:+,MYC,G0635,test,a60a7adf5181f24ca7dab29ab82d82b658b63b647ececf7d660dfcf3b8de2bcc
chr8:127741111:+,MYC,G0635,test,4c3f67273207e6ce13627b49ee4a39c14d0aaaec112e62a5ab8919275e1de8ba
chr8:127741128:+,MYC,G0635,test,4f267194330fc802ce9466c17d5155b153bfe348b51118b5b48832e9580b79bb
chr8:144079989:+,EXOSC4,G0349,test,ff63584beef40f68175e0d16267386b1c4a1f854a972ec748b9235756eb8ef03
chr9:7798440:-,DMAC1,G0278,development,98241556cbda1a56b50d9dae1f116877ea11b590bcdb11849892223d40fb43c5
chr9:7798469:-,DMAC1,G0278,development,51d4cd15e6303cb18a3fba935ffcf5ce445a796d2ec5e0c703d9dffa6d897f66
chr9:7798483:-,DMAC1,G0278,development,012c29dbbd8dad8841fb4cced32695d32d4f82586c6b30179311113f9908d12d
chr9:7798487:-,DMAC1,G0278,development,a68bf4bc02cabe31ed8d431c29231cb3af05002348931810c161c0f732fcf813
chr9:7799778:-,DMAC1,G0278,development,3574aea93ad6b6c32216c84e330d4275765c205542aaea7dd55a8c875b391a1e
chr9:19049835:+,RRAGA,G0899,development,b0128587d993b58ef54a6b65c21b34365ad953784977d473699cdc94960b2d5d
chr9:19049844:+,RRAGA,G0899,development,96a96b056ec709104b9d6e0cc52abfe50bf16055d66aff09f7a53d58083ed71d
chr9:19049859:+,RRAGA,G0899,development,ff3869806d540a2ce98166bf3ff52745bbaff6b1f2a2ab32c17fad9b87ec7b93
chr9:19049895:+,RRAGA,G0899,development,4b0c9d196d5b4f0c5ff06d75e5caced870270da5eb7da0083eff7d8ff4501694
chr9:19049953:+,RRAGA,G0899,development,cb43b2a9becde940a58d3e65f79515506c3234bc9550c88d0389294af916707e
chr9:19049964:+,RRAGA,G0899,development,8e6ad2b51f6bb8a1d3706ef56ef043140a20aec5077e3d55978872d75326d7a3
chr9:19050006:+,RRAGA,G0899,development,19fa477005e6bb8f0e7c74b2cec2ab60152aead4d414e7eec806bcac467d1baf
chr9:19050161:+,RRAGA,G0899,development,15911a05888c7f2ab796baac5e9499921d2bc05bb20f73999fdb3f6eea41b7dc
chr9:19050228:+,RRAGA,G0899,development,bb2caee65f9b17022b749d695def47ddf13c39a2198cd52cb94484234fb69c7c
chr9:19050367:+,RRAGA,G0899,development,ba968a32fbca238ba969d6105b3b9d976c0e2ad7b5cfb22b572b04ba0b402abf
chr9:19050525:+,RRAGA,G0899,development,b78a952bad12bfd2406d8bc3ddc92b69fc259af2974549147c8d2d8b96b52bb9
chr9:19050544:+,RRAGA,G0899,development,9b08e261fc96a25f08612bbe82718f8f731c40f1b47a8cfe72abc4662000de87
chr9:19050762:+,RRAGA,G0899,development,aa1746aba2d68f65d477c28c68cfa4ddc88023107b19ca61821fba8110e3f9bc
chr9:21974851:-,CDKN2A,G0165,development,03ec56fdc8d783f39936310d4160bed263496a291868de369a675077d9dd3102
chr9:25677102:-,TUSC1,G1119,development,4bfa697960ef34054b55ea3038239c4918934c737b4bd833230d9801949750ab
chr9:33038723:+,DNAJA1,G0280,test,7fdf99332996b7815a7c6c0ad58e4e7122fe46f88670c38039b3649a90cc0611
chr9:33038795:+,DNAJA1,G0280,test,15c43401f62f7e22fe92f7a1b26eb24492625e12444c67fcdd707991ef9f4114
chr9:33038803:+,DNAJA1,G0280,test,a25bfa9175c6f70e73d97db3641adaf059e41ea3eac9fd6eb1e15f069523d55e
chr9:33038963:+,DNAJA1,G0280,test,bd737240fc0b960afc3ca4e780fc9fdd28ebfdeebf1acab686d5aff97ca1f616
chr9:33281014:+,CHMP5,G0184,development,b6e3eb4382e0aa832899fd2e30136f128e96ef231c40b1a1c34a54fa8fcadb75
chr9:34610629:-,RPP25L,G0887,development,bd83e56bf8bd19b90b7cb635214acf0b5cbfa34608d63b581e20d6797ec1135e
chr9:34610645:-,RPP25L,G0887,development,05dad16cf983f70c723fa048f3eb8ed2de48001a0424624684ddb51bed4eb006
chr9:34610689:-,RPP25L,G0887,development,8d21bbd3f15da2d31b3fc5332ddc9922aa4c2ea1363323b0e2edf79a965736b2
chr9:34610731:-,RPP25L,G0887,development,3b261c64323e23872b1ae265adcf9c6e1ccafc61c36028cb9847dadfe93fe641
chr9:34611016:-,RPP25L,G0887,development,0714d65bbacd3017f72e2e4d106667e02d5244a56f15c62dc60a2f147fb8bf51
chr9:34611023:-,RPP25L,G0887,development,db9a257c2b81ffdc58950558e001083f09f89e0664d456b0f9e12128a355a86f
chr9:34635468:-,SIGMAR1,G0952,test,88d7498ec24ca273bc12a9b0058d1ac15de41aef44173eb533a7a65d5f830e2c
chr9:35056580:-,VCP,G1162,development,be178a817211f76218c8bec3224e4e6a3e0e0759c0bdfc220da1d846a95ce6b7
chr9:35056587:-,VCP,G1162,development,7d7326f7232536f50d046444d2f3e0f550497782feb8d3d9e1d24d5514b81f85
chr9:35056826:-,VCP,G1162,development,4f38323864ad49052aa387389aeb245f2ec7c30c2798a47cabdf7060d216f442
chr9:35056970:-,VCP,G1162,development,0a78a193d25725bc2d29a3259419e228cdae020e9dda2e9cb500e8f0ece88622
chr9:35056977:-,VCP,G1162,development,efe40a037b7de28c62d695dee713653b3ecb911bab0c59db8d55a9c5cb84c4b2
chr9:35056996:-,VCP,G1162,development,30729d89747424ac4944f13069d00c5056c6a455f2dab943d0dac53ce37e23ff
chr9:36211871:+,CLTA,G0193,test,eed75292cbd51820a6bbce83cdd88b1c28cdb253926fca5993d515fa114605b0
chr9:37588790:-,TOMM5,G1085,development,169be8e1c80a439720e3279b27c7d771e984872c6790ce58ae86542248aa816c
chr9:37588803:-,TOMM5,G1085,development,d033be4a9380b1eddc7009b7468a8c60adbe629f26e32929a4d6c7101f04a7f0
chr9:38397827:+,ALDH1B1,G0029,development,22f03c591fd846e620e434dffeda44275033166d8868da1de721e083d4b54851
chr9:38397995:+,ALDH1B1,G0029,development,d5334d7cbd61dcfdf238da45d269fdea87aa3369008293e46447c040fb9f5c48
chr9:38398021:+,ALDH1B1,G0029,development,19a079a84b4aea7a2947330de0a8174f5f02c4b51e4a005912c69a69daf2b660
chr9:38398076:+,ALDH1B1,G0029,development,675dfe9c529197249418bcd38fcd41e94de7eb7cee2c4c649c7b45be5f2a1ec7
chr9:74948025:-,C9orf40,G0117,development,30f5f0630ca470aa0fd2c49e50f1f4330d3f8da363533f521e780443ace7a5d5
chr9:74948133:-,C9orf40,G0117,development,4e9baf9aaf42fd290a8ca06ecf69358ee8be51a55b6671253119270967436f7f
chr9:74952346:-,C9orf40,G0117,development,fe92922eb201f2c424db8bf8ed170673145f26e08ea0c429f2a31394f7c04e90
chr9:74952379:-,C9orf40,G0117,development,b4dc62bc2c8ed0a592265f48dc133d3cfba1376ee170c0400a6c33a0db3669ac
chr9:74952388:-,C9orf40,G0117,development,08b72d1ffabde1cbf95669642c3b943ca9d2c001005b0efedbf088648025e800
chr9:74952428:-,C9orf40,G0117,development,6b88a6c097a9567c42b4c2850bf48537842b6e4dc26d0722fb802c534cc551e5
chr9:74952581:-,C9orf40,G0117,development,a65077e896c029f097eaae91b6ca9dc5f48311322203a27ba5f5901d523ca6e6
chr9:78329142:+,PSAT1,G0788,development,1e4933cd64d2b22443db516eb8d98ddbdae6f9d7f05285b1397de4ef512cbf1d
chr9:78329189:+,PSAT1,G0788,development,d2bc2d913dce362d3454cff387763de8839139950f79d4d903edc03970e82933
chr9:78329262:+,PSAT1,G0788,development,1aedbdfefed7fad9f8b47e579f63058dd2e546ac0eba1ac614f884f230f19948
chr9:78329290:+,PSAT1,G0788,development,89ee4750e91063496d07b4bfaaaab147db1e6d662c28f3b9a01da51365dfe12a
chr9:78329391:+,PSAT1,G0788,development,fb44ee7c5ab2cfb0be90cfa3cafe81d284e9fdaf8eab0caf7187e87448719a25
chr9:86022060:+,NAA35,G0639,development,c0fc27c007abab00c04244fbd6e8ad26cc5a96cd0bfe256057537c5c66a7c30f
chr9:86027289:-,GOLM1,G0407,test,4373d68cfe9dd5f7df6d1d7599939108785c0682cc644497626b1e23b3dfb469
chr9:86027738:-,GOLM1,G0407,test,81950e17ea819c2d3ee955d9720b7f9221ad070cc96f4eb14d6f0dd9c223ded7
chr9:86027752:-,GOLM1,G0407,test,04e1da94a9e2d181107e33891580f731ced81e1efd57f7ce58b80e9554ffaa34
chr9:88477759:+,SPIN1,G0988,development,a4a5c52f2f65d81d5d0b69c3ea2b29bf7ae3c6b1a49566276cb6f253268f2b64
chr9:92032325:-,SPTLC1,G0989,test,e5f2b5e08b73a5c2bf7e8fc76963784185099d13a989a28d535189c84d0bc3c1
chr9:92032351:-,SPTLC1,G0989,test,a4887f04649099d3dd8345bd317d1117a28057b6b414086d80963219f80df495
chr9:94459732:+,MFSD14B,G0572,development,a44851651ccebc741763fc3a784d24952cc65825e625557777d284d460883547
chr9:94460594:+,MFSD14B,G0572,development,c13661e39484f6a2b808fefca265277a79e9abeb34a4a8d2e357a1625477fa6d
chr9:97671329:+,NCBP1,G0646,development,ee17a95ce2ff08626c46edad40e9a043c730335ab624fbcbb0c0e02966ca3f21
chr9:97671537:+,NCBP1,G0646,development,06ff8d9ce3709987215f623d1ccb435e08c5aeb2e99671cd3c455e991076b3ae
chr9:98015458:+,ANP32B,G0034,development,e5aeec9088cdc6a36d75ec91cb2bdf2e20e5be0c378755ca67f42b293c530232
chr9:98015477:+,ANP32B,G0034,development,961a28322084cb0cb932dfd31e92e07f0a4189b8da9f09ca67f9021dbc77828a
chr9:98015636:+,ANP32B,G0034,development,7d6e6da07e4d371e3e48e222e84ebb2a71f33e5d4690f967b02fc87a0b61a5ba
chr9:98082904:+,NANS,G0641,test,8727388f300ca1c0092bc5d9c2e1ecbc7f1e63c4e4dece6244c61f4c6fffbdfc
chr9:99230497:+,SEC61B,G0930,test,454571c69d79c418bfbb7637fbf62203a00163bd5acb531056f86b7bd52791de
chr9:101390181:-,MRPL50,G0608,test,617f454a0559d0301f323b2824bc899703d9b9e349f32aea0ff893fae31d5de7
chr9:101390365:-,MRPL50,G0608,test,c2b96c33e16748626edc7e73fe8ac45be5ff98c68caad4f598f0f0f81181b5d5
chr9:101390436:-,MRPL50,G0608,test,9cae880c4db0912f9e3b2df222d659cabfb082c4b7ba730005e24350727b93f7
chr9:101390517:-,MRPL50,G0608,test,05a3c6d71a45ebc75b4786d24a9d5c9faa4a4404a2b3a783eb821b9b51ff08e5
chr9:101390595:-,MRPL50,G0608,test,b93ba19199800629b7ba70415c983115969724d8cd9098696ba100ff131430ad
chr9:101390623:-,MRPL50,G0608,test,e76af9454ff534472f00389f84ce51b49663886997e329837baf033446eb08dc
chr9:104759369:+,NIPSNAP3A,G0667,development,b88c63c035cbaed23572336bad4a8b9c4a4e878f5a4f70dbaab42edb61a37d8a
chr9:107329569:+,RAD23B,G0824,development,07ddd5f7b01f1d176d7bd4fd3ee1c729df13a6bc2346939f23b8f19b800f4be8
chr9:107329662:+,RAD23B,G0824,development,f9caf2940ba2fd6add8769635db386256d122a3b9f39ed56ed23118a882c8d4b
chr9:113408763:-,POLE3,G0759,test,a203676a57c902cf0209511da5860f2310544a98c0530bc80f28b58abc88502d
chr9:114597676:+,ATP6V1G1,G0074,development,9b88ead3d75f98658d686f9d48a31fbe8091c1ff61365b3c9bcc8356ec5682cb
chr9:114597700:+,ATP6V1G1,G0074,development,821b707577d14c943ca9ed8a240604037b7b983009a65b1b8f2a1a3b58a45274
chr9:121179462:-,RAB14,G0813,test,c232a797f8f19a2c1c6d8a9151f34596e7df083a5c5ab59dcf2a6ad0a972d774
chr9:121181095:-,RAB14,G0813,test,3b9255c050fc82dcf489e1e10c05daf053b219928054a250b30bf65b5bbdcb38
chr9:122144249:-,NDUFA8,G0654,development,248177bcf71e95634a1d6d799941dce0cf08ae1ef848fbff6a250d383eb2d3c4
chr9:124353608:-,PSMB7,G0795,test,0db5c76614615978480bac9ffc60582230278d669c9390923407a740dc50b02d
chr9:124877166:+,ARPC5L,G0056,development,5fdbd07db57aca5ea67740824e083e9887791d96f9f29f05416704b3bd6885fe
chr9:124877170:+,ARPC5L,G0056,development,387bca660fdcf42ba00bcf9e5b3935156502bc30885d0d44824b772eff4be109
chr9:125236470:-,HSPA5,G0479,development,9265eb266a86fa462eee8303aeaec520e93098d66edab17835401b7e85babdf1
chr9:125236545:-,HSPA5,G0479,development,13ddd89dd1f5e5dd5ca87c60b1b7ccbd0a937161aa96faffe71c7e3e1e951087
chr9:125236553:-,HSPA5,G0479,development,a4fc35170b6e2f8cea4f187982081fda0f6813e0261a14e0d5a97b8f624398e8
chr9:125236591:-,HSPA5,G0479,development,23a4a7961073233e6e38910c6c3bd8ebdbbb12d51410440875284485072bd341
chr9:125236658:-,HSPA5,G0479,development,9e37adf71d2c9cc17cfaf28b97b1f0eda0ee9ef6cf87951203c6d1e47dfeb6a5
chr9:125236691:-,HSPA5,G0479,development,8edf0a815c2137ab74aac1a03f6c57af669d25120f4ddec15f3af66ac772bf77
chr9:125236713:-,HSPA5,G0479,development,3a5c14b65c7761bad97ab028059fc55ab476a0dd366f4f9fc8eeee019eafad95
chr9:125237133:-,HSPA5,G0479,development,c0810a721aa4ffb4cb43e64664ff4e8fe1d53383bd8cb604dbd4f31b6a00093a
chr9:125239095:-,HSPA5,G0479,development,fea1e2ff667f97f0a6c1c8ce1ec01d12c2789e5cf2fba0b3a68ad3b62750d5d9
chr9:125239167:-,HSPA5,G0479,development,0e427ff1b94db487c90489a525b2f5284073f459c7f3bc2b7645ef1cf2951f99
chr9:125241157:-,HSPA5,G0479,development,fb0c396fe0aa4884d5c5c8729c7918825b0e69ddbce65089fad039d04d304565
chr9:127935244:-,DPM2,G0287,development,bf3f7cc0a9359b58365d8417ba5282ec38a35cdbb520d2956c3b62806c3c6607
chr9:128323417:+,COQ4,G0214,development,247cbc419d2a9972449480c49ac1268998fbfd469e216403611207826f6f747e
chr9:128633772:-,WDR34,G1171,development,73bd3897268c5b0b77bc26f5b8045c2ec500c9c2c07573626880b65ba7c1a2b0
chr9:128633778:-,WDR34,G1171,development,406efff573cccda6690887c3a9e7dd6656ca2847be12a8adb81100ddc585baa7
chr9:128633872:-,WDR34,G1171,development,08a20ac721f21dffbf465f65f1ae4134278f32ceea6d7f9b66434c03e61f27be
chr9:128694919:+,SET,G0942,development,762be7b5e436ef2a3c50deea230a342f5a39e66d5fd3316deba9c4a9af07579d
chr9:128695098:+,SET,G0942,development,8f446cfbecb87247b01903ffd57b681aa57fbdcc05d9cc577ae16588aca8b31f
chr9:128696081:+,SET,G0942,development,99b4be13f672ea50c490dfce8960673f3580281d62a40bd24ed4bb6ef7e9ae69
chr9:128696200:+,SET,G0942,development,3a6148ea22ec214f051c3eb4a6d6ab706e300b3a487756afb034e4509ae4fbad
chr9:129006927:+,NUP188,G0697,test,dbb9a7f0f0a9a4f4c810802db4d444dca65f83f32249a268cc5a6ef6fed66dbb
chr9:129813594:-,TOR1A,G1090,test,0642327aec3aabf687e0993f70d40dfdc31ac2bfe7dc76da7257df3bc24061c9
chr9:129827719:-,C9orf78,G0118,development,d3441aa0f71b3e3a7ab372d0e69ae0c1fe06405f41aba740fa196a9e855fc854
chr9:129827735:-,C9orf78,G0118,development,7fa6cab46c7d6f6eabad7ba31c7553db3f19e794d54d0520411a9199b544dd62
chr9:129827817:-,C9orf78,G0118,development,8ae5eb3eefa0496aefcee2202b1455b26dc424cf6906278fa81b7c14bb4d77ec
chr9:133020934:+,EEF1A1P5,G0306,development,e6827d18232fa6733f0c45f40004e6355ce62f56285fcb19fbdf3d5c4857053e
chr9:133020975:+,EEF1A1P5,G0306,development,0210c708138d370cd4f0ea4e315b2a7a914e90917f4eb3536bd1021bdcdc89f4
chr9:133331749:-,SURF6,G1020,development,21e7d376e13db4ef2ed8c301d3525a683e8e7f05534a7524db67765b702a4ae8
chr9:133331774:-,SURF6,G1020,development,5811142373f519c97f6446d069bf5a376d6d79afc51707b838fbddae4a3333cf
chr9:133331803:-,SURF6,G1020,development,9caf63e87f9d249f36e9142b9bebe2d24c69a439333aa51cc1224c502d4ba97d
chr9:133363684:-,SURF4,G1019,test,91be38647ccadaf9db9c80991c0cafcff1943bbdcff9d5b0068f076406dbedc3
chr9:135504279:+,MRPS2,G0618,development,852cc1b18f1c75c313c7b53c309a1c6757b1713653a193554bdf9f69b5c30143
chr9:135504295:+,MRPS2,G0618,development,6775297929c63845d666629d1f3ba12a8b733503ef8c9e579bc10303d36aa5a9
chr9:135504384:+,MRPS2,G0618,development,76de150e94619ac9d50ce2564caaec9abdea3fec09a5dc70f23fe26c790fa6a5
chr9:136423370:+,PMPCA,G0752,development,bb7368ad3784d7905d08c18279314a623aace3711fe994c96f49e775093a8c90
chr9:136423379:+,PMPCA,G0752,development,6e5b20cec8e320bd494ebbdc265c3113b7436ad5a61656ee59e42f32ba9e708a
chr9:136423421:+,PMPCA,G0752,development,1424faf54486cd6f069cff89e70c1e401153d25e922d99f04e1c5618a5a6b903
chr9:136723352:+,DIPK1B,G0272,development,751039cf6a8c1f879d65c1741c3c3f3e2b3bd396fe7a8718852be0b30999736d
chr9:136723512:+,DIPK1B,G0272,development,a22ea17ee542e1f941b9abd9f00f9393cf0f87922dca849f2736e0c4f875f352
chr9:136723591:+,DIPK1B,G0272,development,a7a887decedd75f4551dc19c82a8781de081a84532f7d9b7d0893da9ecfe2eb0
chr9:136723733:+,DIPK1B,G0272,development,8ec6bcd3ef44e3bc2efd658e88561290a85bb6ad55dfa496a1ba28bed3950ce0
chr9:136723767:+,DIPK1B,G0272,development,2782605be9a4c74108046832f9f2cd86b555c26e211a19e24189070763d8e313
chr9:136723871:+,DIPK1B,G0272,development,06104e750bc8dd396c5dcf82414a910e9fdc399879175a1dcf5296695e664933
chr9:136862283:-,EDF1,G0305,test,944172ce5a4287a655cb42132ac21606eeb99ae624113e7db004f4cca65fae22
chr9:136862324:-,EDF1,G0305,test,241c9e212e7d040b61526d4aaa7ebe70933a7b822df40ddb124545d9f235c644
chr9:137204215:-,TMEM203,G1072,development,8b54d674d8857f5e89280a7f1fbb62127f636747aa8be86e724da5440df1be20
chr9:137204225:-,TMEM203,G1072,development,a5a5181b21e71a56692359e661c83f40c058620546ceb80301f94bc829dab47c
chr9:137204238:-,TMEM203,G1072,development,1e8456f65520e85c173b34911331ef16cae968872c26f9a23f0f090c72638595
chr9:137204251:-,TMEM203,G1072,development,d2592fa72b1c635830ef6f2fd83d4aea21232f4343646b988be42e2533436fa0
chr9:137204274:-,TMEM203,G1072,development,a34337fc5c69eef6d72caf3dd4da1b087405002872e671b2bb28df5d5de56e91
chr9:137204315:-,TMEM203,G1072,development,5657f9658edebd7a77fe912406dd84278f48dda06d7d57779f6b5bdfba173832
chr9:137204330:-,TMEM203,G1072,development,bee2fd3b38738b464ad85b5c4938a7588caede9921a5c517a052517e389875d4
chr9:137204373:-,TMEM203,G1072,development,6cdd4838faea9c2ed9b6c3d509058f699ddabfae2bf790612d67b2cbdc160a42
chr9:137204438:-,TMEM203,G1072,development,0d918c64ae623488e37057563cada976e09576e0dd5bb81d9973ceea516d1546
chr9:137204467:-,TMEM203,G1072,development,bc2287b6b5037ff79c7eefff075b90cb7daa4116af0bc4b3f4e2ac59ace00eea
chr9:137204541:-,TMEM203,G1072,development,f729d79a706337bfd0365d92ada88ff919c738554c3a82d4d3e493b865e1ffbb
chr9:137204607:-,TMEM203,G1072,development,9f079f7f075615644ab0f093079f730791c7d33675b079e0935668e9a450b15d
chr9:137204634:-,TMEM203,G1072,development,81189d7f9a423a6d9ae76f91fd81043083de65d87f04e2ff8725e46e3718042f
chr9:137204667:-,TMEM203,G1072,development,9947a76a9b733ab7272a3b6cdc3b7d384d6bfa6a198149b60c53febfb7f70dcc
chr9:137204695:-,TMEM203,G1072,development,55f4065cbb10f4d2f1e7c0f2c090927273b157b74d1bf3e2da986e8c2fd76cb2
chr9:137204705:-,TMEM203,G1072,development,a8fe7f8e010476ca85a60648bb1967d2af1301db55ad94d4847d725dd645abec
chr9:137204714:-,TMEM203,G1072,development,fcbdf79085985427a7d1df0b7e92c1c42700a46d45950f50e07cef96cbe91f88
chr9:137204724:-,TMEM203,G1072,development,fe81c7ccd41f0a77a8d2516fe0d1c891cc13b3c36b78b71f02f0e913f340f794
chr9:137242559:+,TUBB4B,G1114,development,8df9497643c4308c1ca9769df492b3277a050f4f668b2e8daf1bc5fb088fd3a3
chr9:137242601:+,TUBB4B,G1114,development,38b28d135687a03d96596077d21560553bcdabda83c8f6ede43c74b3e9aebda8
chr9:137242645:+,TUBB4B,G1114,development,a58def2694d4b4ccf7c7dbd8e4b198cf69e701340b807056461a90246763ed56
chr9:137242712:+,TUBB4B,G1114,development,e86c206f5ec82b6353743f8a6f9b72582bc8066e2134d2d62f06f2c39d0bb105
chr9:137242858:+,TUBB4B,G1114,development,840160fef3e21ff03a39433c57927726d2afe20ebfb6db6647137b15a9ad55d7
chr9:137242985:+,TUBB4B,G1114,development,fcf930520582551c47b162f33dc3a40d1e9909d8ea7cc24265306513f8d54dcd
chr9:137243111:+,TUBB4B,G1114,development,339603b1c517a29dc8c9e0838446401885f275898aced42b14293a0dd18cee21
chr9:137243198:+,TUBB4B,G1114,development,5678c38b6e16195d2a30f45e343cd907be9c79508a100e6517d71c3b6e16c0ff
chr9:137243228:+,TUBB4B,G1114,development,e0ac35ec1133b5ff86610cf94811257bba5d72e5f4684ce18a5c88a37ea80569
chr9:137243429:+,TUBB4B,G1114,development,a671c1edfdf9bab2bb14451831b7c6a7597f9bce2841521a74cd638b944c4ac9
chr9:137243595:+,TUBB4B,G1114,development,731cebe3a94fed9c049309be6d994cbc29324173e15914a9ecac5d2cfb7f1de4
chr9:137299803:-,NRARP,G0684,development,84943ef6a1af63c10084793395e684ad222b58ef35f206e65a68678a206bc6bb
chr9:137300353:-,NRARP,G0684,development,88c630aaf43bcc0cd8c58548c822fb03815531784e7dcb9c00f16bc2f1fca677
chr9:137300901:-,NRARP,G0684,development,748b6f857befbaf5cf8e114b86e90c68359ab7222b2d87044cf4ebb9186f13f6
chr9:137301011:-,NRARP,G0684,development,15487d88b0862bccec9bf0ddb6ad19431b4177e64510c49972677a71427e3b8a
chr9:137301795:-,NRARP,G0684,development,a8ce734cc4cdd2f6cac315d9d2c638ad7251072f96401c8da699d3714d521554
chr9:137551913:+,MRPL41,G0603,development,c0f52ae08e1e6896f39e033c53ae34993253721ab5a084a2483bdae7fb09465f
chr9:137552145:+,MRPL41,G0603,development,701bba5b3d285ce80150a00f2b536fba1c96b47c21e2398a3f132fe3886b0e66
chr9:137552389:+,MRPL41,G0603,development,96342df042f209ef9fe7a1d65884a5ab1c55fc0f3a0eed427a2f6601f1f0de03
chr9:137552398:+,MRPL41,G0603,development,ebde466958574361461279963a9c75e0c4b4ccb66bc851f8a7df4c4c462dd748
chr9:137582184:-,ZMYND19,G1198,test,c4765b7d8e9cfc8a4ea68f73752c55b7a539762c22b691f1f1ef1b3a19839917
chr9:137582330:-,ZMYND19,G1198,test,a9b687eb98df8398bf78c82e77104762234315441a1df057ae8f09438d703a96
chr9:137582417:-,ZMYND19,G1198,test,52b70bfba67eafe1b31fd9130d24914e2be7fda0b0e5b208b6ded533f16466f6
chr9:137582480:-,ZMYND19,G1198,test,6ae600afcf3af006fd23789d333475131731f8b2718f0379c132b06b616e1610
chr9:137582484:-,ZMYND19,G1198,test,dc3c7b9bd788251f469f8d788ee815ae41a6ea31d2c008d02e435368eb43771c
chrX:1386338:-,SLC25A6,G0965,development,3719f963347a705e461dd40df36c6f274635c196dfe9d4fdfbc94405bde6975a
chrX:1386348:-,SLC25A6,G0965,development,54c1285af373551f7570283eb0e8632242021f1f2e7fd45e05b45b428064ed96
chrX:1386526:-,SLC25A6,G0965,development,ffdffa087524dee78f563a6a2163ff623420e30311e546e71616c6399a449c7f
chrX:1389408:-,SLC25A6,G0965,development,4172462bdbc101237ea03e2af1fefbd595fec9a89b1bc3d07990b379dc425d78
chrX:1389504:-,SLC25A6,G0965,development,b28fa592cfbd5037a6a576cc1fd7626466d7598e817c3962f3e12752e51f5806
chrX:1389528:-,SLC25A6,G0965,development,7a90db823739ba2e54ec11a6c45f039d4bae3b5d67a0e7c0ce4a6c138041e237
chrX:1389672:-,SLC25A6,G0965,development,675cd5070618a27beb1a54520b5c1b1c8b0cd02e93f978cd1b38a64940d81f8f
chrX:11121713:+,HCCS,G0433,test,fb9559e3aa6968705c57ddaf6faaf8f2deb303e62e79604bf4941c540e3fb0d1
chrX:12823219:+,PRPS2,G0787,development,0f70b5d9766bfdb72e72c45c3c8809e02820ec66b36a9619efc5e1d26f2f1ffa
chrX:12823408:+,PRPS2,G0787,development,44f0a94119feed4eabaf0cb9d9567e1ca4e6f25b2ca91deea6f18a9ff1cad230
chrX:13708820:+,RAB9A,G0819,development,1e32387ec4deeaf05fbe0f3cb6cee571b2942305f479fd252a837bbd8ffb502a
chrX:13708831:+,RAB9A,G0819,development,abb0ae8418f40ad60885c4be8aa9d0d1e4b703735926172fda0f092089421516
chrX:13708905:+,RAB9A,G0819,development,9f8231c4c2179f74bd1412032f22afe3547ac517adecd9c6d8d086e4203f6b97
chrX:13708931:+,RAB9A,G0819,development,5f3fb0ea7981157c31cab5abe3c61cb146c7ca46639fb5a7e7c8950866a40b5f
chrX:13708988:+,RAB9A,G0819,development,d56601ea132cb6c698979b37a131ac3eda6a28d70ac216325b05747a456bb3b2
chrX:13709036:+,RAB9A,G0819,development,edb31c69ec03c6f125ca021c3148c0e0ce5c60502864ed0ecd77becb461fc259
chrX:13709045:+,RAB9A,G0819,development,71484ebbe8cdd81a585654d1e7cb7ab0e3025933ac249a74e1cbb0939e8b8f2b
chrX:13709177:+,RAB9A,G0819,development,571d745d065fbb494e7e2d50495f3ff6829a2e7c36f523db4e50659fe77668b0
chrX:13709299:+,RAB9A,G0819,development,b4c4a1f77ef1181c3b9b241ff4e9d3073424b7e6a811f0fd1b8ec8cfa10ef62e
chrX:13709303:+,RAB9A,G0819,development,c4d51d5dcb94b96279c37c558f0aa01b880eba017ae88e3a7caa43c6779d9667
chrX:13709502:+,RAB9A,G0819,development,dc27943e48bf0e42c567db4bbf5e015b4574f757dd9a2b3b338a37416c871e79
chrX:16760400:+,SYAP1,G1023,test,d9dbe6ca29a0a980ac21579393a536ad0495d5a277a85b2636fce1b3ffc69f85
chrX:16870272:-,RBBP7,G0830,development,7b7bc36b3d15ea85d331bf87143c0b7b227d0fd95a47d4063684f5d71bec8e9e
chrX:20125270:-,EIF1AX,G0315,development,09f80a094367c169735624081a9964605cd89b29f4f9c39a86182b074fd813cd
chrX:20125296:-,EIF1AX,G0315,development,29e608a5b9dfe3d62f21dfc2caf24599b1481ca2620f6c0660f5bf77c3ac097d
chrX:24076817:+,EIF2S3,G0323,test,f1d48a0ed71b03c5c40457de8d3231afe92dd976bc89dd2f6c9f92f36e54a061
chrX:24076966:+,EIF2S3,G0323,test,0dac19acbee50ce645518337c7ca3d933e31ac4385f40ebe68746daa65283cd7
chrX:24077389:+,EIF2S3,G0323,test,8bebf965004b21c8e9d80543db5aeb3f8bcd8ea434d5608b03bf1cff945bfe84
chrX:24077501:+,EIF2S3,G0323,test,698959b8fadb3568265bbfd07ff7f0e5d3ee55a3ffc6fb76c174ede9f2bd0a27
chrX:24077519:+,EIF2S3,G0323,test,c38b82b9c0a9e840324bfe9d6c5b293e9d27a8eacdc24eae9fcdc8f674aff7ac
chrX:24077622:+,EIF2S3,G0323,test,aa8b564db4135569c223c0b36aced4fafc219d761cc752d4ff20468d6591be0f
chrX:24077668:+,EIF2S3,G0323,test,74c0e397c4d2805970fc6827c72e526ebef91df8631655afc789ca8f23a5a50f
chrX:38806290:+,MID1IP1,G0574,test,c74b057836291df157f5b1c564f2baea8cea1f75af72cbaee3ad9225d289cb26
chrX:40606286:+,ATP6AP2,G0068,test,9e733701a6d55e07ef52354a550c1bb6eff431979dffd80ed787053cd8a68397
chrX:40606452:+,ATP6AP2,G0068,test,c53588a93daa1a43dde960352a77d3816c256ea146810754d7d322103606fe30
chrX:41347999:+,DDX3X,G0258,development,389bc14258a3e510cf753bcdfc4cb381d4e0a9b27e15150d40efac33bb1b5a96
chrX:41348025:+,DDX3X,G0258,development,32bd200347a1cf7d63d7f9fb7eda0bc0ab084bfe6ef0d594163e5e4ab7d7f36b
chrX:41348121:+,DDX3X,G0258,development,bb11da3486adecc0c02f89ded25bc584aaeb971e21dabb81185a022862ab71a3
chrX:41349431:+,DDX3X,G0258,development,72dd8f2eea3a06125490889534036afcd01f7948849c6a5bd979859c87308abf
chrX:47144692:-,NDUFB11,G0657,development,fa7751e23bdc3b0731806521f9598c3cf7cd90511df268e555c56fb47c539a23
chrX:48528545:+,EBP,G0302,development,be630367ea3a1173604feec45c466591b290bdabc579054dfb6c185e7d1b31b4
chrX:48577670:+,RBM3,G0832,development,e68fc4113918bb7c7834f1fc66ded4b3231e29162623addd05423ae6a60b1030
chrX:48577803:+,RBM3,G0832,development,14ff1819773f803bed52d640bcaeb479f66413a767e890e3e0eb8515f7cc5840
chrX:51491462:-,NUDT11,G0692,development,2071fc169daf69e94ff6e0f1bd6f418484e055363d597ce7f4394c8c1cd38de0
chrX:51491486:-,NUDT11,G0692,development,67fcc67aa25b952fd5ee1bc2bc6f2138e94a4c90b8b296daaa4f7cf9b84e53b9
chrX:51491547:-,NUDT11,G0692,development,41f45160b537f5d8b98d294befb83d32a304e171758280f8edce8d7257ef5403
chrX:53378314:-,SMC1A,G0971,development,d9e16e43bcb002158e654389046f38fb49bd4a76d31706f1fef308c32d913b3b
chrX:55007676:+,APEX2,G0041,test,2fbc7e32ba17900c1ddbfdb6e93d392be38812331b355babd3384a14c59dd11e
chrX:70287052:-,PDZD11,G0728,development,b10644cca000b77645f5a319a7714aac6f8aa6bf2e4bbad02ed77acb3dab1777
chrX:71284399:+,NONO,G0678,development,e3b2748f66f32ed5cfbe869720292b2d5b7c10de3195c83cf44d90b01ee6e5ce
chrX:71294364:+,NONO,G0678,development,04ed4f944fb34fd6d734f69b1ab02e0a6cf7eb46ab14a97b3a168034665a71e4
chrX:71300118:+,NONO,G0678,development,a4ee433958fe32e17a8d4b85e7a9d78db1e063202afbd840c43b8c911794e4b8
chrX:71300129:+,NONO,G0678,development,b0e39bdf24053c5204d8474e13469f74965a734bcfc6dbaf642109b49f5e1568
chrX:71300318:+,NONO,G0678,development,9e6a9d885d50ddc3210f765645d840b9d28495181fcfafbf4467e5a2b1c73447
chrX:71544743:+,OGT,G0704,development,9a701e8a73f143cbc824096bff6153384a6cf6f2b83ae6ea033ff58dd8045ca9
chrX:71544753:+,OGT,G0704,development,03e72428f97b539685958a5925e1379bd6fcf83815e50a0a4838edf556df30ad
chrX:71544916:+,OGT,G0704,development,bc1e8a571de8eff00f56eb8b25a69ba9b52d4e0573bec0454689dd839edcbf50
chrX:71568103:+,OGT,G0704,development,88c052bc74fbe71419388f6a1e516737a953adaab2c36bf767fa5671940ce8e8
chrX:71573801:+,OGT,G0704,development,2d57d6d16f16c57e55d340f1b1165c7f22d9bcbe4f00cf7d1769bd0c9f570f75
chrX:71573856:+,OGT,G0704,development,0187b503319093d66971aababa77aa005812b8b2237b155cb2f9955fbf0c7917
chrX:71573868:+,OGT,G0704,development,d5d9714ceb643922a5e670ebe01c1103f1e33c4533eccc950f9c202f8644b1c5
chrX:71573885:+,OGT,G0704,development,a477b5ac6523ae1cf82a154568da03e1b7e8cec3ed71741a4026c4ed88958cb9
chrX:71573940:+,OGT,G0704,development,b5d01c3e8718a28275b190f2fad5de09c4e63e22376c58379b79951009b93430
chrX:71573966:+,OGT,G0704,development,aa673f40dd77c6c8c0c92654f735f70eb23b8aee31ba7b19351bb29985bb8856
chrX:71573982:+,OGT,G0704,development,b1803930de86b97e3155c61ddc2308fdea49beb2438079d67193b21b45a7f5ba
chrX:71574100:+,OGT,G0704,development,8c5057dbf6a8ac4bb58d5ef0aa4f33ca4f716afb7a757ab950ef173004389ae1
chrX:71574128:+,OGT,G0704,development,891629e896f38aedfb1d974bdff1cb87a927f387a8736bcf3a39dc3d87c3a866
chrX:71574284:+,OGT,G0704,development,5f730c866ed92aed31f1b753cb6e9eb8f8111d0b3297b88aaadda277e9db60be
chrX:71574304:+,OGT,G0704,development,e268c799cbb904af9bfd6ecb0b27af7b29f27f3eb45079e25e9ca7be545a5ff2
chrX:71574960:+,OGT,G0704,development,7526a4fcfeaf1ff99046445d53b5aea1495050e2ac035dabefabde0c38cb4d6a
chrX:71574972:+,OGT,G0704,development,3ea3b8b74d0fc85acdd7b7f02d3f31fdcc04b98b1742d75f117fe8a4753ba021
chrX:71575016:+,OGT,G0704,development,da93aea0b72c6b9ba09da6b08a4e6fefc8bd7629b40f3f9e3515ff96b9f871a9
chrX:71575050:+,OGT,G0704,development,1b276b95fc48572719def2848734441c61f819b7e6fad0c3411e821a3e0cb382
chrX:71575068:+,OGT,G0704,development,91f4873cef7679597ed0caf176e42255c5bdee96c2dac32279183421607c3821
chrX:71575327:+,OGT,G0704,development,32bf2be7089b9a4cd51bc94a1f99fc055368289c5182be7af4b23ee741ba8334
chrX:71575416:+,OGT,G0704,development,560d807cbcce2f4965da53a96cdf476080ab5002b4243a4824f9a160baa71815
chrX:71575531:+,OGT,G0704,development,5a39ef66e115a2d02478604078b34a60e847955c7a2cabc448c85f4da011ba10
chrX:71575651:+,OGT,G0704,development,c90229f166349bccdf458d8383822d7ca91523c53fa91ddbab565ed6e96b2030
chrX:100629328:-,TSPAN6,G1107,development,74a5b1489ae128240cf518e23565af50298fb09965e06cd0cfe46d334c42fd29
chrX:101346232:-,TIMM8A,G1054,development,18442750f15664a8da5b87219e331d3aa817b635d41835bd4e0d98c868ad1af4
chrX:101346355:-,TIMM8A,G1054,development,7157764d4e49568ff72cc73be39e02dd3da622a9fb3f64ca4344beaae8bc5c17
chrX:101346361:-,TIMM8A,G1054,development,5e3b9befc85d0f7af5363d0a9f3b8ed59cdfe8c78b436b550bb8eadd2b295af7
chrX:101346383:-,TIMM8A,G1054,development,a784cbb97f3043d0e13e9ab886f913b56a3cd04c015c2310be290e8af10def0c
chrX:101346392:-,TIMM8A,G1054,development,3d918d500663a1a2f31d7391f8b3841686884a824d72588306f98242ac5df8e8
chrX:101346412:-,TIMM8A,G1054,development,3a24c5424974325e83dc68fe4c5ef3e8bb04b06bc7713b193e986c2d54d7ab57
chrX:101346503:-,TIMM8A,G1054,development,65fe3ec5d1559fbe8d75222c22296b6fe7ed52bc92a6f38751b06371a80fa668
chrX:101346543:-,TIMM8A,G1054,development,354850ef15dcc6ec9dde5d7f7fdb380e645a552fa3143e256855e43b10404568
chrX:101346547:-,TIMM8A,G1054,development,aba2a70d581d53c309e163359d3130fdc01591c1a55041dd2fd2ded796b3a9e8
chrX:101346599:-,TIMM8A,G1054,development,31d5705fae96620a4c96695f52aa652ea489027ca681ca595752faa74d09a086
chrX:101346626:-,TIMM8A,G1054,development,1600be120c0ff87b3cb8c2a55902f1f9043766920e4e82f74340c3cba5da3115
chrX:101346647:-,TIMM8A,G1054,development,d69969b3deedfc82cf4ab838f550708eca6aa6bc20914c8c1a92804562b4475a
chrX:101401592:-,GLA,G0395,development,83afa6911066ec6ec8d2a508084e21c7609f4fd70d020414cab66f5b4c9f2f88
chrX:101412225:+,RPL36A-HNRNPH2,G0875,development,804fdf68ec93902bca32a02ee16262998cbecc885477f4847e7353a70307737a
chrX:101412233:+,RPL36A-HNRNPH2,G0875,development,0ec07bba9ded254084a8f77025df8614727dff60155e1332ef9e866e9049772f
chrX:101412269:+,RPL36A-HNRNPH2,G0875,development,9b98ea8f172a3514adee10dfb49e21573d4e104d99fdeebb468f24d97659fbe0
chrX:101412339:+,RPL36A-HNRNPH2,G0875,development,d7a3fa21c1006795986053e33e25a1aa2bd99857099f3f397707b7ad2a49fdb6
chrX:101412367:+,RPL36A-HNRNPH2,G0875,development,6f461dee3a1ecf7b8396206b3fa300c291688747729dc934c24e527cd8409a27
chrX:101412425:+,RPL36A-HNRNPH2,G0875,development,c7cf51cb333fe218551d7ef7cbdeffb3f23f421f5f83420338ba7a600477bcfe
chrX:101412722:+,RPL36A-HNRNPH2,G0875,development,ac11dc801f629d60fd14040f4755f25e3ea974aff035177f756db9ff0f3ab335
chrX:101413969:+,RPL36A-HNRNPH2,G0875,development,86021b93c5ca4a6b13d90479a5d988cb1af0ee37bac6939b796f3608a031e4cf
chrX:103216497:+,BEX4,G0085,development,5488425a0fbd9d519d0eb1b0c0502ee70f224eb97dce35433b1aaf69e1d600db
chrX:103216833:+,BEX4,G0085,development,07a3e265a0b7a4d4afb2648cbfd4acad963546f5377b1b8385d965acef9d9d14
chrX:103253668:-,TCEAL8,G1034,development,c4fa9570d7223132190a84f3621ff87611562b94b4d48b7f96dce5f83093ff0f
chrX:103253768:-,TCEAL8,G1034,development,6a55ec919eae0d36519b30b14104b4554676e08f0ec885d1ec156a4d294874f2
chrX:103253789:-,TCEAL8,G1034,development,8e5ea8361cc4c1157e4850d4af03f44565cb66414de34c62a1720ea2fb167725
chrX:103253800:-,TCEAL8,G1034,development,17e7e4df9d454033ce39025db9ddda2171dedb3e9b37c93f5f5fa6727dda8ee7
chrX:103357814:+,TCEAL9,G1035,development,90f44f58fcf740207db523f64b0f0dcb3ac07730a3a388d9027abe2d664a1d53
chrX:103357942:+,TCEAL9,G1035,development,cc194e90db5985def0ed6f01136dd73eedceaa345add710a56b6478adcfe9dea
chrX:103358314:+,TCEAL9,G1035,development,c9c74626db36ba991541030acf698ba3839f2df8c4a8811b5ed5569f34c33167
chrX:103376509:+,BEX3,G0084,test,51a4aae35d568643e29e3fbd71def32d152eba88249773c3d9c99eb50e34c3f3
chrX:103376538:+,BEX3,G0084,test,c7389a853abf5aae96a86889f9c60c9c19312a2c8d8edd65b131824e0c932193
chrX:103630453:+,TCEAL1,G1033,test,d77b8f1d51a6c59df7c5f82c7c4cc5333e2a3046f03cacc10efe01ea48ddcb5b
chrX:103676615:-,MORF4L2,G0582,development,7945d515a72c1358112401c80a369471b1ef961c9df4c458ee00c8bf35a1fa6e
chrX:103676621:-,MORF4L2,G0582,development,3ffc7302de78b07b0a8457b92f1cee179e53ba74fc099182cacaf141a41f6fc2
chrX:104175739:+,FAM199X,G0355,test,b8c75f75f69d60f51f5ba982cdd01b4644a1ae2ebfc9c387f02e6cf4586fdab5
chrX:104194670:+,FAM199X,G0355,test,7f67726d9b4512f422144a3ac11a1e35ee7783e2c02be38dd198a074ddbbfc76
chrX:106678623:+,RADX,G0825,development,05d7af07652205bd080afe49897090927e2b3a4faad4337141d64b0f05bc8a8d
chrX:106678686:+,RADX,G0825,development,c245d029d9d4bb27c1a85fc33678aaad19cde29b57340565a7177226a0e0da9c
chrX:107714118:-,TSC22D3,G1105,development,7d6791025b886a36a05fa8cf4c83549eafa6e4b3ed951bf9dfdde2edbedbbb76
chrX:107714271:-,TSC22D3,G1105,development,1390f7ecae796e002c73e9a883c57879c68c6c41d4dae830f857a5153669528e
chrX:108722300:-,IRS4,G0501,development,23c3c9bd06b419fb8a5660bbd732f47d6e5c63e3b2c46900ae0fa812a7d0fa15
chrX:108722374:-,IRS4,G0501,development,ba58e2a57ddf387c162a1cb4361924b356178a92a07ee289483cfe717924942c
chrX:108722428:-,IRS4,G0501,development,659cb0f0e9a2d698a3c541ec01c0f2df389e6f87090ed3f36ce6cc898eced6af
chrX:108732806:-,IRS4,G0501,development,a2b59b9cafcb2d2c176b795fac62285d4fe905487a97c8529e64858c51785b23
chrX:108732878:-,IRS4,G0501,development,3eb3523fd5f0687832d0313a8dce14fc76d62ab29548606c107734d3d44b1131
chrX:108732883:-,IRS4,G0501,development,a28ee027eb72d1e99d5277587fb4ed155e7c6f344a88fdf6bbe531d71ea0915d
chrX:108733013:-,IRS4,G0501,development,5fba58702edbef59fac405b4949d0e635246e0bdbe209f107b80cd24836099be
chrX:108733028:-,IRS4,G0501,development,bde73fa657183d282396cc9e2533e4a950c1fc767a70162e336a73c33fba2dc2
chrX:108733175:-,IRS4,G0501,development,3c710f1b2cf357b433138bf56981b21ad9692908524151d668a3cb31f9f80b3e
chrX:108733247:-,IRS4,G0501,development,2a28019051f1841026031cff7359242d158d2be735266244955734cf5e6acd4e
chrX:108733269:-,IRS4,G0501,development,d1ef7e179c8847f11f2a16f8749b8b76a0ea8f5d4edc321136975dac068dd833
chrX:108733301:-,IRS4,G0501,development,bb63c2eb6b993d6833f66787a5ff5dc6ca0e5351de6123d6688d7c415b875f9e
chrX:108733373:-,IRS4,G0501,development,ca3771a47c1c8c60016e825529a51eea041f4a6fad273e207fdbe7047ff58072
chrX:108733489:-,IRS4,G0501,development,21f020aac3eed81aff1da0c904d9c24429091be81c4da2fa2445ab29db1a42d5
chrX:108733525:-,IRS4,G0501,development,aee1755ebc301085819aa501c6752ed37b39bfd891aa5197c8f72ef15b6a0874
chrX:108733571:-,IRS4,G0501,development,028c833b9b708fab18e59dbaaf7daeb297a4c7590efe3dc56b66d230bf8caeee
chrX:108733586:-,IRS4,G0501,development,c1136641e7eb7f3aca60082190c311f508ee9cedd36330d6fff5c87e9e4051a2
chrX:108733672:-,IRS4,G0501,development,db088487d5f96e3e33a62f61870cdf751c37445eaa2cc28f04376b1aca969936
chrX:108733681:-,IRS4,G0501,development,c13c61cee082a595cc89b45fb80243b1c46d7cf706161b0da4c2618fc715f9a7
chrX:108733796:-,IRS4,G0501,development,ef1d073c2a179ef572e4e4e011079ba179af6bffe3f6e705593ab70dd5b72652
chrX:108733882:-,IRS4,G0501,development,5269d26d45a09d7b7dcbb30bf804ddb96e18434153f6400fffa889c5f301629d
chrX:108734012:-,IRS4,G0501,development,18200c4c1ac0dc840009271fc205a86fb0592e1208dc1bad93893e5938a7212d
chrX:108734024:-,IRS4,G0501,development,01da6d9e79405bfb64cccd7473c28526c98c976d9989dcafbfd684ca341ce7c0
chrX:108734030:-,IRS4,G0501,development,3d0b31fea0a61ae11015730c6f8f538f8b54df398b334aec76a0e11a6b3ea3ea
chrX:108734383:-,IRS4,G0501,development,3c6fa3d49c78c52e1269fd6ff7de9a8a9dde6595bad97a88bf9f63c279ecd7e8
chrX:108734418:-,IRS4,G0501,development,c5ff7efaaec7b554653295b3d8520ed220a4b28fdc49e3e2105db148f93cf801
chrX:108734487:-,IRS4,G0501,development,349c8937a32a172154d5f8302a3b118054c06b1ba953018a0349a62b777f58bb
chrX:108734585:-,IRS4,G0501,development,12644fd3d6fe8fc4eeff4bae91c978e7d2a37918a1b42d6a16b90e3a259a1b60
chrX:108734620:-,IRS4,G0501,development,166f1e77db1b8d3fac36ca4d99b5ba282d77f7e34a691e6ca6fb697bcc67ce7e
chrX:108734767:-,IRS4,G0501,development,0b5e1c72dae7b13d919912639ce999e700b6ac362b8f8137ddf67c8b66830343
chrX:108734873:-,IRS4,G0501,development,6874e2ab26cf54321c298be55bb05b626cf3c62a8e242bd8386bd147797aca9f
chrX:108734945:-,IRS4,G0501,development,5bcf1d473394a9597a80903a92d4b799a436ae6b32b29bd25193004f310d321e
chrX:108735106:-,IRS4,G0501,development,ee6b07c6a75e5af699ce4a1d8cfffac9859e5fdcd07765778beff7ad90db5ecc
chrX:108735407:-,IRS4,G0501,development,45e79a8855e58ee024145380581a308815dbceecf0c06532d664425948770e2b
chrX:108735487:-,IRS4,G0501,development,ec7a824faec8c82b44d8d1ea4a7d6d24c7405dbfe739ccbb912ff604b98b3a87
chrX:108735625:-,IRS4,G0501,development,3679550d3a64f155058e9a7efe1b2c5d298487cddd026779d10ad7dfdb5ccd16
chrX:108736041:-,IRS4,G0501,development,96f658fc75e99be7839a7428dc5e0fb62d0731b9c47cf1ee08a44ad3b0ee2fad
chrX:108736130:-,IRS4,G0501,development,c9b860caedd92bf55d097ff70d282df7294645074d9411b679d8987fd4adab36
chrX:112775169:-,AMOT,G0031,development,d0e652d68b21d1d311ca5a510b2bc21a15799cdd1b14506a5f8480784509a693
chrX:112775464:-,AMOT,G0031,development,ddf3508bef4cc5faf9617991644b619f1a8daca515136141e31e1d52787f78c4
chrX:112775873:-,AMOT,G0031,development,4fea5d7ba4b1fdc4b3490e4fdf4eb54460e471cbb230531011d58fa025faa16b
chrX:112778304:-,AMOT,G0031,development,367360d36186f4e04554d96a422dadec30773bbaf051827490e638cf88036415
chrX:112778361:-,AMOT,G0031,development,dc42097bcb05e978a1fc26ff7e48e97a6234795784a01434c4bde1ea99469bef
chrX:112778445:-,AMOT,G0031,development,73095953c8264dc5b4e2320e41ac5496bc616839c467c75481589f697654ab74
chrX:112825204:-,AMOT,G0031,development,8b7c8c221512f496971734e67d308bc77be4489d03caa40206447bec11bca2b8
chrX:115649517:+,PLS3,G0749,test,44fc9c830b254de055cc64c60146ce16a7af0e0bad745a07c927dbbca0b00e12
chrX:115649669:+,PLS3,G0749,test,92b9bbfb00866adae2b15d659cafa3f6b97bed118526699db60b9749a3bc3b5d
chrX:115649691:+,PLS3,G0749,test,89c30424bf3fb120c4dd32a36a736e42a0cfaffb43eabbd08ae765f9b34b2cb4
chrX:119243729:+,PGRMC1,G0740,development,aadf4150b2e3a6676122ac9b8a767d17f31bfc89c56c5de2eded89069de456a1
chrX:119243979:+,PGRMC1,G0740,development,a8f761fee77a9400c51c1c7a19436d669a48b91da8fec8db03815fe81551c112
chrX:119469716:+,SLC25A5,G0964,development,6b0eedcb6d49ed9b7bd8fa874faf64dc82b2ff6f014af1550434cdf984c5bcf3
chrX:119469860:+,SLC25A5,G0964,development,345b38528f46dd45a0b2a9fc10ec3036340a165f1fa1b90816a76126ad6ec999
chrX:119870678:-,RNF113A,G0848,development,134423a015bb463af77c4a69799a06872e4bad0feb53bd158962a012cfdb43db
chrX:119870871:-,RNF113A,G0848,development,60e5c60ff325be7e61cb269277bf8c311ac8a17e2bcbb3020758441dbcd04132
chrX:119870915:-,RNF113A,G0848,development,96d557c5233805de046bb0af898a80b340ce26360794d658339492690d03e548
chrX:119871003:-,RNF113A,G0848,development,1edc8c4edf4792b110b6f873f0c25ea64bbac9d0d0c2fda1e3916913ce502372
chrX:119871852:+,NDUFA1,G0651,test,f54fff4159aae740cd97cd8cbed818c1907b1f234fcf3474aa0f724b8ba35988
chrX:119871857:+,NDUFA1,G0651,test,2e3d7a3d934e4c7a1bfdf2c4fe3ba70f5594ece809421b683d652d5b3ca3dc2c
chrX:120526555:-,CUL4B,G0242,development,d9a2989601a72b724e0f85771163d177b81a16cd3977988455f629104740f676
chrX:120526623:-,CUL4B,G0242,development,6e2520e5f65edcc4dd8b027b673cfee6b94fcbb3f3b1624926cf9dd627951924
chrX:120526684:-,CUL4B,G0242,development,3265dfb8aaecd02f081009e2ee4b11f92a9c7ab5b66db135b7f7605c141f1715
chrX:120626637:-,C1GALT1C1,G0108,development,4f70726a7865328bea7c89d3c28f5e07b7605dca05a8c975c9d43a7950ab6c92
chrX:120626754:-,C1GALT1C1,G0108,development,3171d341e165ad6dd45c4392b8bf91c8c561a2150c37b01c77d51569ab557fe3
chrX:120626763:-,C1GALT1C1,G0108,development,466c5ce31dcbcf89ebc49cc275a845e94c8a842c353bb5bcec8846875f56b775
chrX:120626958:-,C1GALT1C1,G0108,development,43eaaaf9b8d8f839726fae721365756dfe25ead5c372475f47ff67daa31d4e65
chrX:120627089:-,C1GALT1C1,G0108,development,569361dd1d8df002f101bb86af39a1951a39d4eb04509a22fe62c2dae7047315
chrX:124102274:+,STAG2,G1008,test,2ca738c729359ba2617815b203dbcd24947856f454e268688850b3425648b210
chrX:130412938:+,RBMX2,G0835,development,8b8d277a1ef80acddefb6b2016d5e1f82c209692192e009ad54a194411e02d41
chrX:130413068:+,RBMX2,G0835,development,5ee116d5d39a13391a805efae0c9dfa95939b3d07a51732d3223221966cc71d8
chrX:130413200:+,RBMX2,G0835,development,19b2c3c0b80ce6b8eced145be57c6ef17fc28a350dd892e3d655b588a68119bd
chrX:130413223:+,RBMX2,G0835,development,9edfed831a86d8e49439442dcf86ff5678eda03956e43da0c2ddeaaa1cf783a9
chrX:133671168:+,RPS24P19,G0893,development,92e1c8c39ddff342d9a54b8e1f14ce53bc63e00d55e1441d9c210db0e6041c06
chrX:133671242:+,RPS24P19,G0893,development,c7ec78dd7f796dc0c02ff271b7f8b2dc5f7eefd448453153519d90427570d619
chrX:133671254:+,RPS24P19,G0893,development,1bba421abccf04ad9a927a0a6899d6c0072bae6bcbcea56140816472ee5c6d6b
chrX:135032579:+,RTL8C,G0911,development,ba211b923832e07ce44dfd9ecfaa67fb43d9a4cf2e8b9cf2f9392b26126cee92
chrX:135032712:+,RTL8C,G0911,development,40da774610a6a74f46e79c310e18748ad65c3705e58b8e726d1dde4f2cee3ca9
chrX:135032718:+,RTL8C,G0911,development,f208ab802f8d5a56316cd3495ec085a8644d908461b4c25d271e153c77cecb8b
chrX:135032734:+,RTL8C,G0911,development,3353817a29be779c7058c987406eac3f3fff7a92a69da88959be766a28febf97
chrX:135032990:+,RTL8C,G0911,development,9507bf5a08969f8794ce40dab6da96e520ddff64f977b548814d8e9065fa265d
chrX:135032998:+,RTL8C,G0911,development,99efb53ef7e21c41296be47f2a9da8e87b9d11b8499101e09dc9c8a1b416c1c8
chrX:135033232:+,RTL8C,G0911,development,84aa41a6c776831167efc8aff9055db60be715354fe96d1df09745d7608de56e
chrX:135033380:+,RTL8C,G0911,development,91561465349140e13f8519b9795da3d38332e1f0256ded8ba6ca7f53b405cbf3
chrX:136511532:+,HTATSF1,G0483,development,4dd4d576e2af72f49b9edfddf17c50239f94a7c114016decc2dcf1923a151ad0
chrX:136511921:+,HTATSF1,G0483,development,e20f278fd1430dcba4c3dcf1a9b795f5c2f3364ee935c361039e6a6212515c92
chrX:136512095:+,HTATSF1,G0483,development,f2e8cd8b46e0c99b14afd8531e90ee1dd6bb6e2f5cd2805bd4272b5e85a02048
chrX:136870256:-,RBMX,G0834,development,e40acbb0615941fcbfb2c0da76d253bf3e0884ec9aebeed0b2c047cff486c2f8
chrX:150987919:+,HMGB3,G0449,development,267ff1f60423c03a0f950178c2778b26d276f628c2f1d1b897b0dbc0c5e84e0c
chrX:150988527:+,HMGB3,G0449,development,671b629a0f7de973715fc06d6b3bdc6f9eccc21cc9c004636d6ead4cca49ee2b
chrX:152827510:-,CETN2,G0173,development,2e19b02004540b09a91f342bfe8397175163a64a6cbe16f134f4471aaff20b3a
chrX:152827739:-,CETN2,G0173,development,aa7420b007727447aefb7affea2b97077ee42d327fa02089bc3711660009af84
chrX:152827754:-,CETN2,G0173,development,bab4e9fd83c9cb72af1fa737e7a88f169386da4824254a5749dcb377c9cdf409
chrX:152827760:-,CETN2,G0173,development,6e9113ee879cbf9b8e9351efda3afb52761c3a3fddb6af76c74fc87fd0b6d306
chrX:152868823:+,NSDHL,G0687,test,28ab9e73a2b83762307262013a505b3dc0949750ed3e641d98b9349228af2bc1
chrX:152869223:+,NSDHL,G0687,test,83390bdb6228979c440ca9ad2f3d270369d28d00066a9d1be2f7f97e9ec1c050
chrX:154484193:-,UBL4A,G1139,development,01b5fb5375c96537de6b93956c01ae2f228d6e13980f9d158ebd5deac9135ec6
chrX:154484298:-,UBL4A,G1139,development,3f006f26e4f215b90842ad7d67b7078bd4c1a5ccda906fad6ed65caa6a854fdf
chrX:154484700:-,UBL4A,G1139,development,a5cba4a94b45234f885fd8656ae4717e4fe428314ff5c3c74615055d43214e62
chrX:154484727:-,UBL4A,G1139,development,0dc55598dc72b727f6a9d748a2ead8cc58d2e91aafa1fa13de9d378d5b604970
chrX:154484793:-,UBL4A,G1139,development,a535c2e93674652ade978c626bfe97b74c1faf893554d2ff928c74bd265ccc31
chrX:154485160:-,UBL4A,G1139,development,4c53ea2e210720ce9ae51cd27e63b5a2d843ac2536490e067fea415b0f287dc3
chrX:154485200:-,UBL4A,G1139,development,cb129098eaebdaadd14102c96d2b5c8f1c14f3bb83ee99dc4f2d2861b277757c
chrX:154777143:+,DKC1,G0274,development,62613457758c1dbd8fc5fd14ff5248dec915130da84bf40e3c690b684a0b91f3
chrX:155054740:+,FUNDC2,G0375,development,662809dcabb5e6af819f28fd12822cad5770a884889de4ac45f6b0efb758432c
chrX:155054864:+,FUNDC2,G0375,development,2e3c28cb894b76a918df1ed357d65f3c5586c1518e879365b6418ea284e559e5
chrX:155054950:+,FUNDC2,G0375,development,20f9bcc3499c910f93a25de03b559360de7d26831f3c43d97be0bc0ee5913503
chrX:155054962:+,FUNDC2,G0375,development,e4de85b2cab963398bf4b9add79b943fddada61d7c6b18e9625222f9df6eefc5
chrX:155216474:+,VBP1,G1161,development,45bd14c75b9d258f9b1e15a7e9df689565c3d86c64bdd14a186a5e26d470290e
